,,Aberdeenshire,Scotland
Aberchirder,AB54,Aberdeenshire,Scotland
Aberdeen,AB1,Aberdeenshire,Scotland
Aboyne,AB34,Aberdeenshire,Scotland
Affleck,,Aberdeenshire,Scotland
Alford,AB33,Aberdeenshire,Scotland
Allanaquoich,AB35,Aberdeenshire,Scotland
Allt an Dubh loch,,Aberdeenshire,Scotland
Allt Clais an t-Sabhail,,Aberdeenshire,Scotland
Allt Darrarie,,Aberdeenshire,Scotland
Altens,,Aberdeenshire,Scotland
Annochie,,Aberdeenshire,Scotland
Aquhythie,,Aberdeenshire,Scotland
Arbuthnott,AB30,Aberdeenshire,Scotland
Ardallie,AB42,Aberdeenshire,Scotland
Ardlawhill,,Aberdeenshire,Scotland
Ardo,AB41,Aberdeenshire,Scotland
Ardonald,,Aberdeenshire,Scotland
Ardoyne,AB52,Aberdeenshire,Scotland
Arthrath,AB41,Aberdeenshire,Scotland
Auchattie,AB31,Aberdeenshire,Scotland
Auchenblae,AB30,Aberdeenshire,Scotland
Auchendryne,,Aberdeenshire,Scotland
Auchleven,AB52,Aberdeenshire,Scotland
Auchnagatt,AB41,Aberdeenshire,Scotland
Auldyoch,,Aberdeenshire,Scotland
Backburn,AB54,Aberdeenshire,Scotland
Backhill,AB53,Aberdeenshire,Scotland
Backhill of Clackriach,AB42,Aberdeenshire,Scotland
Backhill of Fortrie,,Aberdeenshire,Scotland
Baddock Burn,,Aberdeenshire,Scotland
Badenscoth,AB51,Aberdeenshire,Scotland
Badentoy Park,,Aberdeenshire,Scotland
Bainshole,AB54,Aberdeenshire,Scotland
Balblair,,Aberdeenshire,Scotland
Balgaveny,,Aberdeenshire,Scotland
Balhalgardy,AB51,Aberdeenshire,Scotland
Ballater,AB35,Aberdeenshire,Scotland
Ballochan,AB31,Aberdeenshire,Scotland
Ballogie,AB34,Aberdeenshire,Scotland
Balmedie,AB23,Aberdeenshire,Scotland
Balnagask,,Aberdeenshire,Scotland
Balnamoon,DD9,Aberdeenshire,Scotland
Balthangie,AB53,Aberdeenshire,Scotland
Banchory,AB31,Aberdeenshire,Scotland
Banchory-Devenick,,Aberdeenshire,Scotland
Banff,AB45,Aberdeenshire,Scotland
Bankhead,AB33,Aberdeenshire,Scotland
Barthol Chapel,AB51,Aberdeenshire,Scotland
Belfatton,,Aberdeenshire,Scotland
Belhelvie,AB23,Aberdeenshire,Scotland
Bellabeg,AB36,Aberdeenshire,Scotland
Belnacraig,,Aberdeenshire,Scotland
Benholm,DD10,Aberdeenshire,Scotland
Bennachie,,Aberdeenshire,Scotland
Benthoul,,Aberdeenshire,Scotland
Berefold,,Aberdeenshire,Scotland
Bervie Water,,Aberdeenshire,Scotland
Bieldside,,Aberdeenshire,Scotland
Birse,AB34,Aberdeenshire,Scotland
Birsemore,AB34,Aberdeenshire,Scotland
Black Water,,Aberdeenshire,Scotland
Blackburn,,Aberdeenshire,Scotland
Blackdog,AB23,Aberdeenshire,Scotland
Blackhill,AB42,Aberdeenshire,Scotland
Blackhouse,,Aberdeenshire,Scotland
Blacklaw,,Aberdeenshire,Scotland
Blacktop,,Aberdeenshire,Scotland
Boddam,AB42,Aberdeenshire,Scotland
Bogie,,Aberdeenshire,Scotland
Bogniebrae,AB54,Aberdeenshire,Scotland
Bograxie,AB51,Aberdeenshire,Scotland
Bogton,AB53,Aberdeenshire,Scotland
Bonnykelly,AB53,Aberdeenshire,Scotland
Bonnyton,AB52,Aberdeenshire,Scotland
Boyndie,AB45,Aberdeenshire,Scotland
Braegarie,,Aberdeenshire,Scotland
Braemar,AB35,Aberdeenshire,Scotland
Braeside,,Aberdeenshire,Scotland
Brathens,AB31,Aberdeenshire,Scotland
Brideswell,AB54,Aberdeenshire,Scotland
Bridge of Alford,AB33,Aberdeenshire,Scotland
Bridge of Canny,AB31,Aberdeenshire,Scotland
Bridge of Don,AB23,Aberdeenshire,Scotland
Bridge of Feugh,AB31,Aberdeenshire,Scotland
Bridge of Gairn,AB35,Aberdeenshire,Scotland
Bridge of Muchalls,,Aberdeenshire,Scotland
Bridgefield,,Aberdeenshire,Scotland
Bridgend,AB35,Aberdeenshire,Scotland
Broadsea,AB43,Aberdeenshire,Scotland
Brodiesord,,Aberdeenshire,Scotland
Broomfield,AB41,Aberdeenshire,Scotland
Brownhill,AB41,Aberdeenshire,Scotland
Brucklebog,,Aberdeenshire,Scotland
Buchan Ness,,Aberdeenshire,Scotland
Buchanhaven,AB42,Aberdeenshire,Scotland
Bucksburn,,Aberdeenshire,Scotland
Burgh Muir,,Aberdeenshire,Scotland
Burn of Boyne,,Aberdeenshire,Scotland
Burn of Canny,,Aberdeenshire,Scotland
Burnhead,,Aberdeenshire,Scotland
Bush,,Aberdeenshire,Scotland
Cairnbulg,AB43,Aberdeenshire,Scotland
Cairnhill,AB41,Aberdeenshire,Scotland
Cairnie,AB54,Aberdeenshire,Scotland
Cairnleith Crofts,,Aberdeenshire,Scotland
Cairnorrie,AB41,Aberdeenshire,Scotland
Calladrum,,Aberdeenshire,Scotland
Cammachmore,,Aberdeenshire,Scotland
Castleton,AB45,Aberdeenshire,Scotland
Catterline,,Aberdeenshire,Scotland
Cauldwells,,Aberdeenshire,Scotland
Chapel Hill,AB42,Aberdeenshire,Scotland
Chapel of Garioch,AB51,Aberdeenshire,Scotland
Chapel of Stoneywood,,Aberdeenshire,Scotland
Chapelton,,Aberdeenshire,Scotland
Charlestown,AB43,Aberdeenshire,Scotland
Clatt,AB54,Aberdeenshire,Scotland
Clerkhill,,Aberdeenshire,Scotland
Clola,AB42,Aberdeenshire,Scotland
Clovenstone,AB51,Aberdeenshire,Scotland
Clunie Water,,Aberdeenshire,Scotland
Coalford,,Aberdeenshire,Scotland
Collieston,AB41,Aberdeenshire,Scotland
Colpy,AB52,Aberdeenshire,Scotland
Comers,AB51,Aberdeenshire,Scotland
Cookney,,Aberdeenshire,Scotland
Coplandhill,,Aberdeenshire,Scotland
Corgarff,AB36,Aberdeenshire,Scotland
Cornhill,AB45,Aberdeenshire,Scotland
Correen Hills,,Aberdeenshire,Scotland
Corse,AB54,Aberdeenshire,Scotland
Cottown,AB51,Aberdeenshire,Scotland
Coull,AB34,Aberdeenshire,Scotland
Cove Bay,,Aberdeenshire,Scotland
Cowie,,Aberdeenshire,Scotland
Cowie Water,,Aberdeenshire,Scotland
Coynach,AB34,Aberdeenshire,Scotland
Craigdam,AB41,Aberdeenshire,Scotland
Craigearn,AB51,Aberdeenshire,Scotland
Craiggie Cat,,Aberdeenshire,Scotland
Craighead,,Aberdeenshire,Scotland
Craigiebuckler,,Aberdeenshire,Scotland
Craigmaud,AB43,Aberdeenshire,Scotland
Crathes,AB31,Aberdeenshire,Scotland
Crathie,AB35,Aberdeenshire,Scotland
Crawton,,Aberdeenshire,Scotland
Crimond,AB43,Aberdeenshire,Scotland
Crimonmogate,AB43,Aberdeenshire,Scotland
Crofts of Haddo,AB41,Aberdeenshire,Scotland
Cross of Jackston,,Aberdeenshire,Scotland
Crossbrae,,Aberdeenshire,Scotland
Crossroads,AB31,Aberdeenshire,Scotland
Crovie,AB45,Aberdeenshire,Scotland
Cruden Bay,AB42,Aberdeenshire,Scotland
Cults,,Aberdeenshire,Scotland
Cuminestown,AB53,Aberdeenshire,Scotland
Cummings Park,,Aberdeenshire,Scotland
Cuttyhill,AB42,Aberdeenshire,Scotland
Damhead,,Aberdeenshire,Scotland
Daviot,AB51,Aberdeenshire,Scotland
Dee,,Aberdeenshire,Scotland
Deebank,,Aberdeenshire,Scotland
Denhead,AB42,Aberdeenshire,Scotland
Denmore,,Aberdeenshire,Scotland
Denside,AB31,Aberdeenshire,Scotland
Dinnet,AB34,Aberdeenshire,Scotland
Don,,Aberdeenshire,Scotland
Downies,,Aberdeenshire,Scotland
Drakemyre,,Aberdeenshire,Scotland
Drumblade,AB54,Aberdeenshire,Scotland
Drumdollo,,Aberdeenshire,Scotland
Drumlithie,,Aberdeenshire,Scotland
Drumoak,AB31,Aberdeenshire,Scotland
Drymuir,AB42,Aberdeenshire,Scotland
Dubford,AB45,Aberdeenshire,Scotland
Dunandhu,,Aberdeenshire,Scotland
Duncanstone,,Aberdeenshire,Scotland
Dunecht,AB32,Aberdeenshire,Scotland
Durno,AB51,Aberdeenshire,Scotland
Durris Ho,,Aberdeenshire,Scotland
Dyce,,Aberdeenshire,Scotland
Dykeside,AB53,Aberdeenshire,Scotland
East Mains,AB31,Aberdeenshire,Scotland
Easter Balmoral,AB35,Aberdeenshire,Scotland
Ebrie Burn,,Aberdeenshire,Scotland
Echt,AB32,Aberdeenshire,Scotland
Edrie Burn,,Aberdeenshire,Scotland
Ellon,AB41,Aberdeenshire,Scotland
Elrick,AB32,Aberdeenshire,Scotland
Ferryhill,,Aberdeenshire,Scotland
Fetterangus,AB42,Aberdeenshire,Scotland
Fettercairn,AB30,Aberdeenshire,Scotland
Findon,,Aberdeenshire,Scotland
Finnygaud,AB54,Aberdeenshire,Scotland
Fintry,AB53,Aberdeenshire,Scotland
Finzean,AB31,Aberdeenshire,Scotland
Fisherford,AB51,Aberdeenshire,Scotland
Flushing,AB42,Aberdeenshire,Scotland
Folla Rule,AB51,Aberdeenshire,Scotland
Forbestown,AB36,Aberdeenshire,Scotland
Fordoun,AB30,Aberdeenshire,Scotland
Fordyce,AB45,Aberdeenshire,Scotland
Forgue,AB54,Aberdeenshire,Scotland
Fortrie,AB53,Aberdeenshire,Scotland
Fourdoun Burn,,Aberdeenshire,Scotland
Fraserburgh,AB43,Aberdeenshire,Scotland
Fyvie,AB53,Aberdeenshire,Scotland
Gadie Burn,,Aberdeenshire,Scotland
Gairn,,Aberdeenshire,Scotland
Gallowhills,,Aberdeenshire,Scotland
Garbh Allt Shiel,,Aberdeenshire,Scotland
Gardenstown,AB45,Aberdeenshire,Scotland
Gariochsford,,Aberdeenshire,Scotland
Garmond,AB53,Aberdeenshire,Scotland
Garthdee,,Aberdeenshire,Scotland
Gartly,AB54,Aberdeenshire,Scotland
Garvock,AB30,Aberdeenshire,Scotland
Geldie Burn,,Aberdeenshire,Scotland
Girdle Ness,,Aberdeenshire,Scotland
Glen Water,,Aberdeenshire,Scotland
Glenbervie,,Aberdeenshire,Scotland
Glenkindie,AB33,Aberdeenshire,Scotland
Gordonstown,AB45,Aberdeenshire,Scotland
Gormack Burn,,Aberdeenshire,Scotland
Gourdon,DD10,Aberdeenshire,Scotland
Gowanwell,,Aberdeenshire,Scotland
Greenness,,Aberdeenshire,Scotland
Greens,,Aberdeenshire,Scotland
Hallmoss,,Aberdeenshire,Scotland
Hardgate,AB31,Aberdeenshire,Scotland
Hassiewells,,Aberdeenshire,Scotland
Hatton,AB42,Aberdeenshire,Scotland
Hatton of Fintray,,Aberdeenshire,Scotland
Hayton,,Aberdeenshire,Scotland
Heathryfold,,Aberdeenshire,Scotland
Heugh-head,AB34,Aberdeenshire,Scotland
Hill of Mountblairy,,Aberdeenshire,Scotland
Hillhead,,Aberdeenshire,Scotland
Hillhead of Mountblairy,,Aberdeenshire,Scotland
Hillside,DD10,Aberdeenshire,Scotland
Hilton,AB41,Aberdeenshire,Scotland
Hirn,AB31,Aberdeenshire,Scotland
Howe of Teuchar,AB53,Aberdeenshire,Scotland
Huntly,AB54,Aberdeenshire,Scotland
Hythie,AB42,Aberdeenshire,Scotland
Idoch Water,,Aberdeenshire,Scotland
Inchmarnoch,,Aberdeenshire,Scotland
Insch,AB52,Aberdeenshire,Scotland
Inver,AB35,Aberdeenshire,Scotland
Inverallochy,AB43,Aberdeenshire,Scotland
Inverbervie,DD10,Aberdeenshire,Scotland
Inverboyndie,,Aberdeenshire,Scotland
Inverey,AB35,Aberdeenshire,Scotland
Invergelder,AB35,Aberdeenshire,Scotland
Inverkeithny,AB54,Aberdeenshire,Scotland
Invernettie,AB42,Aberdeenshire,Scotland
Inverugie,AB42,Aberdeenshire,Scotland
Inverurie,AB51,Aberdeenshire,Scotland
Inverythan,AB53,Aberdeenshire,Scotland
Johnshaven,DD10,Aberdeenshire,Scotland
Kaimhill,,Aberdeenshire,Scotland
Keig,AB33,Aberdeenshire,Scotland
Keilhill,AB45,Aberdeenshire,Scotland
Keith Inch,,Aberdeenshire,Scotland
Kemnay,AB51,Aberdeenshire,Scotland
Kennethmont,AB54,Aberdeenshire,Scotland
Keyhead,,Aberdeenshire,Scotland
Kiddshill,,Aberdeenshire,Scotland
Kildrummy,AB33,Aberdeenshire,Scotland
Kincluny,,Aberdeenshire,Scotland
Kincorth,,Aberdeenshire,Scotland
King Edward,,Aberdeenshire,Scotland
Kinkell,,Aberdeenshire,Scotland
Kinknockie,AB42,Aberdeenshire,Scotland
Kinmuck,AB51,Aberdeenshire,Scotland
Kinnadie,AB41,Aberdeenshire,Scotland
Kinnaird Head,,Aberdeenshire,Scotland
Kinneff,DD10,Aberdeenshire,Scotland
Kinnernie Burn,,Aberdeenshire,Scotland
Kintore,AB51,Aberdeenshire,Scotland
Kirkney,AB54,Aberdeenshire,Scotland
Kirkton,AB33,Aberdeenshire,Scotland
Kirkton of Auchterless,,Aberdeenshire,Scotland
Kirkton of Culsalmond,AB52,Aberdeenshire,Scotland
Kirkton of Durris,AB31,Aberdeenshire,Scotland
Kirkton of Glenbuchat,AB36,Aberdeenshire,Scotland
Kirkton of Maryculter,,Aberdeenshire,Scotland
Kirkton of Oyne,,Aberdeenshire,Scotland
Kirkton of Rayne,,Aberdeenshire,Scotland
Kirkton of Skene,AB32,Aberdeenshire,Scotland
Kirkton of Tough,,Aberdeenshire,Scotland
Kirktown,AB42,Aberdeenshire,Scotland
Kirktown of Alvah,AB45,Aberdeenshire,Scotland
Kirktown of Fetteresso,,Aberdeenshire,Scotland
Kittybrewster,,Aberdeenshire,Scotland
Knaven,AB42,Aberdeenshire,Scotland
Knockan,,Aberdeenshire,Scotland
Knockenbaird,,Aberdeenshire,Scotland
Knowes of Elrick,AB54,Aberdeenshire,Scotland
Ladder Hills,,Aberdeenshire,Scotland
Landerberry,AB32,Aberdeenshire,Scotland
Largie,AB52,Aberdeenshire,Scotland
Largue,AB54,Aberdeenshire,Scotland
Laurencekirk,AB30,Aberdeenshire,Scotland
Leochel-Cushnie,AB33,Aberdeenshire,Scotland
Leslie,AB52,Aberdeenshire,Scotland
Lethenty,AB53,Aberdeenshire,Scotland
Letter,,Aberdeenshire,Scotland
Leuchar Burn,,Aberdeenshire,Scotland
Leylodge,AB51,Aberdeenshire,Scotland
Little Water,,Aberdeenshire,Scotland
Lochside,DD10,Aberdeenshire,Scotland
Lochton of Leys,,Aberdeenshire,Scotland
Logie Coldstone,AB34,Aberdeenshire,Scotland
Longhaven,,Aberdeenshire,Scotland
Longmanhill,AB45,Aberdeenshire,Scotland
Longside,AB42,Aberdeenshire,Scotland
Lonmay,,Aberdeenshire,Scotland
Lower Woodend,,Aberdeenshire,Scotland
Lumphanan,AB31,Aberdeenshire,Scotland
Lumsden,AB54,Aberdeenshire,Scotland
Luthermuir,AB30,Aberdeenshire,Scotland
Lyne of Skene,AB32,Aberdeenshire,Scotland
Macduff,AB44,Aberdeenshire,Scotland
Mains of Grandhome,,Aberdeenshire,Scotland
Mannofield,,Aberdeenshire,Scotland
Marionburgh,,Aberdeenshire,Scotland
Marywell,AB34,Aberdeenshire,Scotland
Mastrick,,Aberdeenshire,Scotland
Maud,AB42,Aberdeenshire,Scotland
Meethill,,Aberdeenshire,Scotland
Meikle Wartle,AB51,Aberdeenshire,Scotland
Memsie,AB43,Aberdeenshire,Scotland
Methlick,AB41,Aberdeenshire,Scotland
Mid Ardlaw,AB43,Aberdeenshire,Scotland
Middle Grange,,Aberdeenshire,Scotland
Middlefield,,Aberdeenshire,Scotland
Middlemuir,,Aberdeenshire,Scotland
Middleton Park,,Aberdeenshire,Scotland
Migvie,AB34,Aberdeenshire,Scotland
Mill of Echt,,Aberdeenshire,Scotland
Mill of Kincardine,,Aberdeenshire,Scotland
Mill of Monquich,,Aberdeenshire,Scotland
Mill of Pitcaple,,Aberdeenshire,Scotland
Millbank,AB42,Aberdeenshire,Scotland
Millbreck,AB42,Aberdeenshire,Scotland
Millden,AB23,Aberdeenshire,Scotland
Millfield,,Aberdeenshire,Scotland
Milltimber,,Aberdeenshire,Scotland
Milltown of Kildrummy,,Aberdeenshire,Scotland
Milton Ness,,Aberdeenshire,Scotland
Milton of Campfield,,Aberdeenshire,Scotland
Milton of Cushnie,AB33,Aberdeenshire,Scotland
Milton of Dellavaird,,Aberdeenshire,Scotland
Mintlaw,AB42,Aberdeenshire,Scotland
Mintlaw Station,,Aberdeenshire,Scotland
Monboddo,,Aberdeenshire,Scotland
Monkshill,AB53,Aberdeenshire,Scotland
Montgarrie,AB33,Aberdeenshire,Scotland
Monymusk,AB51,Aberdeenshire,Scotland
Moss-side of Monellie,,Aberdeenshire,Scotland
Mountsolie,,Aberdeenshire,Scotland
Muchalls,,Aberdeenshire,Scotland
Muick,,Aberdeenshire,Scotland
Muir,AB35,Aberdeenshire,Scotland
Muir of Alford,,Aberdeenshire,Scotland
Muir of Fowlis,AB33,Aberdeenshire,Scotland
Muirtack,AB41,Aberdeenshire,Scotland
Nether Kinmundy,AB42,Aberdeenshire,Scotland
Netherbrae,AB53,Aberdeenshire,Scotland
Netherley,,Aberdeenshire,Scotland
Nethermills,,Aberdeenshire,Scotland
Nethermuir,AB42,Aberdeenshire,Scotland
"Neuk, The",,Aberdeenshire,Scotland
New Aberdour,AB43,Aberdeenshire,Scotland
New Byth,AB53,Aberdeenshire,Scotland
New Deer,AB53,Aberdeenshire,Scotland
New Leeds,AB42,Aberdeenshire,Scotland
New Pitsligo,AB43,Aberdeenshire,Scotland
Newburgh,AB41,Aberdeenshire,Scotland
Newhills,,Aberdeenshire,Scotland
Newmachar,,Aberdeenshire,Scotland
Newtonhill,,Aberdeenshire,Scotland
Nigg,,Aberdeenshire,Scotland
North Flobbets,,Aberdeenshire,Scotland
North Rayne,,Aberdeenshire,Scotland
North Ugie Water,,Aberdeenshire,Scotland
Northfield,AB45,Aberdeenshire,Scotland
Old Aberdeen,,Aberdeenshire,Scotland
Old Cornhill,,Aberdeenshire,Scotland
Old Deer,AB42,Aberdeenshire,Scotland
Old Kinnernie,AB32,Aberdeenshire,Scotland
Old Rayne,AB52,Aberdeenshire,Scotland
Old Westhall,,Aberdeenshire,Scotland
Oldmeldrum,AB51,Aberdeenshire,Scotland
Oldwhat,AB53,Aberdeenshire,Scotland
Ord Mill,,Aberdeenshire,Scotland
Ordhead,AB51,Aberdeenshire,Scotland
Ordie,AB34,Aberdeenshire,Scotland
Ordiquhill,,Aberdeenshire,Scotland
Overhill,,Aberdeenshire,Scotland
Overton,AB51,Aberdeenshire,Scotland
Oyne,AB52,Aberdeenshire,Scotland
Parkhead,,Aberdeenshire,Scotland
Peathill,AB43,Aberdeenshire,Scotland
Pennan,AB43,Aberdeenshire,Scotland
Perkhill,AB31,Aberdeenshire,Scotland
Peterculter,,Aberdeenshire,Scotland
Peterhead,AB42,Aberdeenshire,Scotland
Pitblae,AB43,Aberdeenshire,Scotland
Pitcaple,AB51,Aberdeenshire,Scotland
Pitfichie,AB51,Aberdeenshire,Scotland
Pitmedden,AB41,Aberdeenshire,Scotland
Pitmunie,AB51,Aberdeenshire,Scotland
Pittulie,,Aberdeenshire,Scotland
Plaidy,AB53,Aberdeenshire,Scotland
"Pole of Itlaw,The",,Aberdeenshire,Scotland
Port Elphinstone,AB51,Aberdeenshire,Scotland
Port Erroll,AB42,Aberdeenshire,Scotland
Portlethen,,Aberdeenshire,Scotland
Portlethen Village,,Aberdeenshire,Scotland
Portsoy,AB45,Aberdeenshire,Scotland
Potterton,AB23,Aberdeenshire,Scotland
Quilquox,AB41,Aberdeenshire,Scotland
Rathen,AB43,Aberdeenshire,Scotland
Rattray Head,,Aberdeenshire,Scotland
Redhill,AB32,Aberdeenshire,Scotland
Redmoss,,Aberdeenshire,Scotland
Rhynie,AB54,Aberdeenshire,Scotland
Rickarton,,Aberdeenshire,Scotland
Roadside of Catterline,,Aberdeenshire,Scotland
Roadside of Kinneff,DD10,Aberdeenshire,Scotland
Roanheads,,Aberdeenshire,Scotland
Rora,AB42,Aberdeenshire,Scotland
Rosehearty,AB43,Aberdeenshire,Scotland
Rosehill,AB34,Aberdeenshire,Scotland
Rosemount,,Aberdeenshire,Scotland
Rothienorman,AB51,Aberdeenshire,Scotland
Rothney,,Aberdeenshire,Scotland
Roughpark,,Aberdeenshire,Scotland
Ruthrieston,,Aberdeenshire,Scotland
Ruthven,AB54,Aberdeenshire,Scotland
Ryehill,,Aberdeenshire,Scotland
Sandend,AB45,Aberdeenshire,Scotland
Sandfordhill,AB42,Aberdeenshire,Scotland
Sandhaven,AB43,Aberdeenshire,Scotland
Sauchen,AB51,Aberdeenshire,Scotland
Scotston,AB30,Aberdeenshire,Scotland
Seafield,,Aberdeenshire,Scotland
Seaton,,Aberdeenshire,Scotland
Sheddocksley,,Aberdeenshire,Scotland
Silverbank,,Aberdeenshire,Scotland
Sittyton,,Aberdeenshire,Scotland
South Brachmont,,Aberdeenshire,Scotland
South Cookney,,Aberdeenshire,Scotland
South Flobbets,,Aberdeenshire,Scotland
South Kirkton,AB32,Aberdeenshire,Scotland
South Quilquox,,Aberdeenshire,Scotland
South Ugie Water,,Aberdeenshire,Scotland
St Combs,AB43,Aberdeenshire,Scotland
St Cyrus,DD10,Aberdeenshire,Scotland
St Fergus,AB42,Aberdeenshire,Scotland
St Katherines,AB51,Aberdeenshire,Scotland
Stirling,AB42,Aberdeenshire,Scotland
Stockethill,,Aberdeenshire,Scotland
Stonehaven,,Aberdeenshire,Scotland
Stoneywood,,Aberdeenshire,Scotland
Strachan,AB31,Aberdeenshire,Scotland
Stranog,,Aberdeenshire,Scotland
Strathdon,AB36,Aberdeenshire,Scotland
Strichen,AB43,Aberdeenshire,Scotland
Stuartfield,AB42,Aberdeenshire,Scotland
Summerhill,,Aberdeenshire,Scotland
Swellhead,,Aberdeenshire,Scotland
Tarland,AB34,Aberdeenshire,Scotland
Tarves,AB41,Aberdeenshire,Scotland
Teuchar,,Aberdeenshire,Scotland
The Pole of Itlaw,,Aberdeenshire,Scotland
Thornroan,,Aberdeenshire,Scotland
Thornyhill,AB30,Aberdeenshire,Scotland
Tifty,AB53,Aberdeenshire,Scotland
Tillydrone,,Aberdeenshire,Scotland
Tillyfourie,AB51,Aberdeenshire,Scotland
Tipperty,AB30,Aberdeenshire,Scotland
Tocher,AB51,Aberdeenshire,Scotland
Toddlehills,,Aberdeenshire,Scotland
Tomintoul,,Aberdeenshire,Scotland
Tornaveen,AB31,Aberdeenshire,Scotland
Torphins,AB31,Aberdeenshire,Scotland
Torries,,Aberdeenshire,Scotland
Torry,AB54,Aberdeenshire,Scotland
Torterston,AB42,Aberdeenshire,Scotland
Towie,AB33,Aberdeenshire,Scotland
Townhead,,Aberdeenshire,Scotland
Troup Head,,Aberdeenshire,Scotland
Tullos,,Aberdeenshire,Scotland
Tullynessle,AB33,Aberdeenshire,Scotland
Turfhill,,Aberdeenshire,Scotland
Turriff,AB53,Aberdeenshire,Scotland
Tyrie,,Aberdeenshire,Scotland
Udny Green,AB41,Aberdeenshire,Scotland
Udny Station,AB41,Aberdeenshire,Scotland
Ugie,,Aberdeenshire,Scotland
Upper Boddam,,Aberdeenshire,Scotland
Upper Boyndlie,AB43,Aberdeenshire,Scotland
Upper Lochton,AB31,Aberdeenshire,Scotland
Upper Persley,,Aberdeenshire,Scotland
Upper Woodend,,Aberdeenshire,Scotland
Urie,,Aberdeenshire,Scotland
Water of Aven,,Aberdeenshire,Scotland
Water of Buchat,,Aberdeenshire,Scotland
Water of Cruden,,Aberdeenshire,Scotland
Water of Dye,,Aberdeenshire,Scotland
Water of Feugh,,Aberdeenshire,Scotland
Water of Philorth,,Aberdeenshire,Scotland
Waterton,,Aberdeenshire,Scotland
Wedderlairs,AB41,Aberdeenshire,Scotland
West Burnside,,Aberdeenshire,Scotland
Westhill,AB32,Aberdeenshire,Scotland
Westside,,Aberdeenshire,Scotland
Whinnyfold,AB42,Aberdeenshire,Scotland
Whitecairns,AB23,Aberdeenshire,Scotland
Whiteford,AB51,Aberdeenshire,Scotland
Whitehills,AB45,Aberdeenshire,Scotland
Whitehouse,AB33,Aberdeenshire,Scotland
Whitemyres,,Aberdeenshire,Scotland
Whiterashes,,Aberdeenshire,Scotland
Windyedge,,Aberdeenshire,Scotland
Woodhead,AB53,Aberdeenshire,Scotland
Woodlands,,Aberdeenshire,Scotland
Woodside,,Aberdeenshire,Scotland
Woodside of Arbeadie,,Aberdeenshire,Scotland
Ythan,,Aberdeenshire,Scotland
Ythanbank,,Aberdeenshire,Scotland
Ythanwells,AB54,Aberdeenshire,Scotland
