,,Argyll and Bute,Scotland
Abhain Ghlas,,Argyll and Bute,Scotland
Abhain Ghleann Lubharnadeal,,Argyll and Bute,Scotland
Abhain Liundale,,Argyll and Bute,Scotland
Abhain Mhor,,Argyll and Bute,Scotland
Abhain na Cuile,,Argyll and Bute,Scotland
Abhainn a Ghleann Duirch,,Argyll and Bute,Scotland
Abhainn an t-Sratha Bhain,,Argyll and Bute,Scotland
Abhainn Bheag an Tunns,,Argyll and Bute,Scotland
Abhainn Bhuidhe,,Argyll and Bute,Scotland
Abhainn Cam Linne,,Argyll and Bute,Scotland
Abhainn Mhor,,Argyll and Bute,Scotland
Abhainn Tir Chonnuill,,Argyll and Bute,Scotland
Acha,PA78,Argyll and Bute,Scotland
Achahoish,PA31,Argyll and Bute,Scotland
Achaleven,,Argyll and Bute,Scotland
Achanamara,,Argyll and Bute,Scotland
Achanelid,,Argyll and Bute,Scotland
Achleck,,Argyll and Bute,Scotland
Achnacroish,PA34,Argyll and Bute,Scotland
Achnahard,,Argyll and Bute,Scotland
Add,,Argyll and Bute,Scotland
Allt a Choromaig,,Argyll and Bute,Scotland
Allt an Eirean,,Argyll and Bute,Scotland
Allt an Fhir-eoin,,Argyll and Bute,Scotland
Allt an t-Socaich,,Argyll and Bute,Scotland
Allt an Tairbh,,Argyll and Bute,Scotland
Allt Braec-laraich,,Argyll and Bute,Scotland
Allt Braglenmore,,Argyll and Bute,Scotland
Allt Cailliche,,Argyll and Bute,Scotland
Allt Caol-rain,,Argyll and Bute,Scotland
Allt Choillean,,Argyll and Bute,Scotland
Allt Chonoghlais,,Argyll and Bute,Scotland
Allt Cinn-locha,,Argyll and Bute,Scotland
Allt Coire Challein,,Argyll and Bute,Scotland
Allt Coire nam Fuaran,,Argyll and Bute,Scotland
Allt Dochard,,Argyll and Bute,Scotland
Allt Gleann Mhic Caraidh,,Argyll and Bute,Scotland
Allt Grundale,,Argyll and Bute,Scotland
Allt Mor,,Argyll and Bute,Scotland
Allt na Coite,,Argyll and Bute,Scotland
Allt nan Airighean,,Argyll and Bute,Scotland
Allt Raineach,,Argyll and Bute,Scotland
Allt Ruadh,,Argyll and Bute,Scotland
Am Fraoch Eilean,,Argyll and Bute,Scotland
Amhuinn Learg an Uinnsinn,,Argyll and Bute,Scotland
An Clachan,,Argyll and Bute,Scotland
An Dam,,Argyll and Bute,Scotland
An Rubha,,Argyll and Bute,Scotland
Annat,PA35,Argyll and Bute,Scotland
Appin,PA38,Argyll and Bute,Scotland
Ardalanish,PA67,Argyll and Bute,Scotland
Ardanaiseig,PA35,Argyll and Bute,Scotland
Ardbeg,PA20,Argyll and Bute,Scotland
Ardchonnell,PA33,Argyll and Bute,Scotland
Arden,G83,Argyll and Bute,Scotland
Ardentallen,,Argyll and Bute,Scotland
Ardentinny,PA23,Argyll and Bute,Scotland
Ardfern,PA31,Argyll and Bute,Scotland
Ardfernal,,Argyll and Bute,Scotland
Ardgartan,G83,Argyll and Bute,Scotland
Ardifuir,,Argyll and Bute,Scotland
Ardilistry,,Argyll and Bute,Scotland
Ardinamir,,Argyll and Bute,Scotland
Ardlamont Point,,Argyll and Bute,Scotland
Ardlui,G83,Argyll and Bute,Scotland
Ardmay,G83,Argyll and Bute,Scotland
Ardmenish,PA60,Argyll and Bute,Scotland
Ardminish,PA41,Argyll and Bute,Scotland
Ardmore Point,,Argyll and Bute,Scotland
Ardnadam,PA23,Argyll and Bute,Scotland
Ardnoe Point,,Argyll and Bute,Scotland
Ardoch,,Argyll and Bute,Scotland
Ardpatrick Point,,Argyll and Bute,Scotland
Ardpeaton,G84,Argyll and Bute,Scotland
Ardrishaig,PA30,Argyll and Bute,Scotland
Ardskenish,,Argyll and Bute,Scotland
Ardtun,,Argyll and Bute,Scotland
Arduaine,PA34,Argyll and Bute,Scotland
Argyll,,Argyll and Bute,Scotland
Aridhglas,PA66,Argyll and Bute,Scotland
Arinagour,PA78,Argyll and Bute,Scotland
Aros River,,Argyll and Bute,Scotland
Arrochar,G83,Argyll and Bute,Scotland
Ascog,PA20,Argyll and Bute,Scotland
Ashfield,PA31,Argyll and Bute,Scotland
Asknish,PA31,Argyll and Bute,Scotland
Askomill,,Argyll and Bute,Scotland
Auchenlochan,PA21,Argyll and Bute,Scotland
Auchindrain,PA32,Argyll and Bute,Scotland
Avich,,Argyll and Bute,Scotland
Awe,,Argyll and Bute,Scotland
Bac Beag,,Argyll and Bute,Scotland
Bac Mor (Dutchmans Cap),,Argyll and Bute,Scotland
Backs Water,,Argyll and Bute,Scotland
Baile Boidheach,PA31,Argyll and Bute,Scotland
Baile Mor,,Argyll and Bute,Scotland
Balemartine,PA77,Argyll and Bute,Scotland
Balephetrish,,Argyll and Bute,Scotland
Balephuil,PA77,Argyll and Bute,Scotland
Baleromindubh Glac Mhor,,Argyll and Bute,Scotland
Balevullin,,Argyll and Bute,Scotland
Baligrundle,PA34,Argyll and Bute,Scotland
Balimore,,Argyll and Bute,Scotland
Balinoe,,Argyll and Bute,Scotland
Ballimore,PA21,Argyll and Bute,Scotland
Balliveolan,,Argyll and Bute,Scotland
Ballochgoy,,Argyll and Bute,Scotland
Ballygown,PA73,Argyll and Bute,Scotland
Ballygrant,PA45,Argyll and Bute,Scotland
Ballymeanoch,PA31,Argyll and Bute,Scotland
Balnahard,PA61,Argyll and Bute,Scotland
Balvicar,PA34,Argyll and Bute,Scotland
Baravullin,,Argyll and Bute,Scotland
Barbreack,,Argyll and Bute,Scotland
Barbreck River,,Argyll and Bute,Scotland
Barcaldine,PA37,Argyll and Bute,Scotland
Barnluasgan,,Argyll and Bute,Scotland
Barr Water,,Argyll and Bute,Scotland
Barrahormid,PA31,Argyll and Bute,Scotland
Barran,,Argyll and Bute,Scotland
Barrapol,PA77,Argyll and Bute,Scotland
Barsloisnoch,,Argyll and Bute,Scotland
Baugh,PA77,Argyll and Bute,Scotland
Beach River,,Argyll and Bute,Scotland
Bealachandrain,,Argyll and Bute,Scotland
Bellanoch,PA31,Argyll and Bute,Scotland
Bellart,,Argyll and Bute,Scotland
Bellochantuy,PA28,Argyll and Bute,Scotland
Belnahua,,Argyll and Bute,Scotland
Ben More,,Argyll and Bute,Scotland
Benderloch,PA37,Argyll and Bute,Scotland
Benmore,PA23,Argyll and Bute,Scotland
Bernera Island,,Argyll and Bute,Scotland
Birdfield,PA32,Argyll and Bute,Scotland
Black Crofts,,Argyll and Bute,Scotland
Blackrock,PA44,Argyll and Bute,Scotland
Blairmore,PA23,Argyll and Bute,Scotland
Blarbuie,,Argyll and Bute,Scotland
Bonawe,PA35,Argyll and Bute,Scotland
Bousd,PA78,Argyll and Bute,Scotland
Bowmore,PA43,Argyll and Bute,Scotland
Braevallich,,Argyll and Bute,Scotland
Bridge of Awe,,Argyll and Bute,Scotland
Bridge of Orchy,PA36,Argyll and Bute,Scotland
Bridgend,PA31,Argyll and Bute,Scotland
Brochroy,,Argyll and Bute,Scotland
Brosdale Island,,Argyll and Bute,Scotland
Bruichladdich,PA49,Argyll and Bute,Scotland
Bullwood,PA23,Argyll and Bute,Scotland
Bunessan,PA67,Argyll and Bute,Scotland
Bunnahabhain,,Argyll and Bute,Scotland
Cairnbaan,PA31,Argyll and Bute,Scotland
Cairndow,PA24,Argyll and Bute,Scotland
Cairns of Coll,,Argyll and Bute,Scotland
Calgary,PA75,Argyll and Bute,Scotland
Caliach Point,,Argyll and Bute,Scotland
Calton,,Argyll and Bute,Scotland
Calve Island,,Argyll and Bute,Scotland
Campbeltown,PA28,Argyll and Bute,Scotland
Caol Ila,,Argyll and Bute,Scotland
Caolas,PA77,Argyll and Bute,Scotland
Cara Island,,Argyll and Bute,Scotland
Cardross,G82,Argyll and Bute,Scotland
Carnassarie,PA31,Argyll and Bute,Scotland
Carradale,PA28,Argyll and Bute,Scotland
Carradale Water,,Argyll and Bute,Scotland
Carrick Castle,,Argyll and Bute,Scotland
Carsaig,PA70,Argyll and Bute,Scotland
Chiscan Water,,Argyll and Bute,Scotland
Clabhach,PA78,Argyll and Bute,Scotland
Clachaig,PA23,Argyll and Bute,Scotland
Clachan,PA26,Argyll and Bute,Scotland
Clachan of Glendaruel,PA22,Argyll and Bute,Scotland
Clachan-Seil,PA34,Argyll and Bute,Scotland
Clachbreck,,Argyll and Bute,Scotland
Claddach,,Argyll and Bute,Scotland
Cladich,PA33,Argyll and Bute,Scotland
Claiggain,,Argyll and Bute,Scotland
Claonaig,PA29,Argyll and Bute,Scotland
Claonaig Water,,Argyll and Bute,Scotland
Cleigh,PA34,Argyll and Bute,Scotland
Clynder,G84,Argyll and Bute,Scotland
Cnocbreac,,Argyll and Bute,Scotland
Colintraive,PA22,Argyll and Bute,Scotland
Coll,,Argyll and Bute,Scotland
Colonsay,PA61,Argyll and Bute,Scotland
Conchra,PA22,Argyll and Bute,Scotland
Conieglan Water,,Argyll and Bute,Scotland
Conisby,PA49,Argyll and Bute,Scotland
Connel,PA37,Argyll and Bute,Scotland
Corfhouse,,Argyll and Bute,Scotland
Cornaigbeg,,Argyll and Bute,Scotland
Cornaigmore,,Argyll and Bute,Scotland
Coshandrochaid,,Argyll and Bute,Scotland
Coul Point,,Argyll and Bute,Scotland
Coulport,G84,Argyll and Bute,Scotland
Cove,G84,Argyll and Bute,Scotland
Craigendoran,G84,Argyll and Bute,Scotland
Craigenhouses,,Argyll and Bute,Scotland
Craighouse,PA60,Argyll and Bute,Scotland
Craigmore,PA20,Argyll and Bute,Scotland
Craignish Point,,Argyll and Bute,Scotland
Craignure,PA65,Argyll and Bute,Scotland
Craobh Haven,PA31,Argyll and Bute,Scotland
Crarae,PA32,Argyll and Bute,Scotland
Crarae Burn,,Argyll and Bute,Scotland
Creagan,,Argyll and Bute,Scotland
Crear Burn,,Argyll and Bute,Scotland
Creggans,PA27,Argyll and Bute,Scotland
Creich,,Argyll and Bute,Scotland
Creran,,Argyll and Bute,Scotland
Crinah Canal,,Argyll and Bute,Scotland
Crinan,PA31,Argyll and Bute,Scotland
Crinan Ferry,,Argyll and Bute,Scotland
Croggan,PA63,Argyll and Bute,Scotland
Crossapol,,Argyll and Bute,Scotland
Cuan,,Argyll and Bute,Scotland
Cullipool,PA34,Argyll and Bute,Scotland
Daill,,Argyll and Bute,Scotland
Dalavich,PA35,Argyll and Bute,Scotland
Dalintart,,Argyll and Bute,Scotland
Dalmally,PA33,Argyll and Bute,Scotland
Daltote,,Argyll and Bute,Scotland
Dervaig,PA75,Argyll and Bute,Scotland
Doodilmoor,,Argyll and Bute,Scotland
Drimnagall,,Argyll and Bute,Scotland
Drumlemble,PA28,Argyll and Bute,Scotland
Dubh Artach,,Argyll and Bute,Scotland
Dubh Eilean,,Argyll and Bute,Scotland
Duich,,Argyll and Bute,Scotland
Dunamuck,,Argyll and Bute,Scotland
Dunans,PA22,Argyll and Bute,Scotland
Dunbeg,PA37,Argyll and Bute,Scotland
Dunollie,,Argyll and Bute,Scotland
Dunoon,PA23,Argyll and Bute,Scotland
Dunrostan,PA31,Argyll and Bute,Scotland
Dutchmans Cap (Bac Mor),,Argyll and Bute,Scotland
Eachaig,,Argyll and Bute,Scotland
Eas Dubh,,Argyll and Bute,Scotland
Easdale,PA34,Argyll and Bute,Scotland
Eilan Dubh,,Argyll and Bute,Scotland
Eilean an Eoin,,Argyll and Bute,Scotland
Eilean Annraidh,,Argyll and Bute,Scotland
Eilean Bhride,,Argyll and Bute,Scotland
Eilean Chalmain,,Argyll and Bute,Scotland
Eilean Dubh,,Argyll and Bute,Scotland
Eilean Dubh Beag,,Argyll and Bute,Scotland
Eilean Dubh Mor,,Argyll and Bute,Scotland
Eilean Duin,,Argyll and Bute,Scotland
Eilean Duirinnis,,Argyll and Bute,Scotland
Eilean Ghaoideamal,,Argyll and Bute,Scotland
Eilean Imersay,,Argyll and Bute,Scotland
Eilean Mhic Chrion,,Argyll and Bute,Scotland
Eilean Mor,,Argyll and Bute,Scotland
Eilean Musdile,,Argyll and Bute,Scotland
Eilean nam Ban,,Argyll and Bute,Scotland
Eilean nan Caorach,,Argyll and Bute,Scotland
Eilean nan Coinein,,Argyll and Bute,Scotland
Eilean nan Gabhar,,Argyll and Bute,Scotland
Eilean nan Gamhna,,Argyll and Bute,Scotland
Eilean nan Ron,,Argyll and Bute,Scotland
Eilean Ornsay,,Argyll and Bute,Scotland
Eilean Righ,,Argyll and Bute,Scotland
Ellanbeich,,Argyll and Bute,Scotland
Ellary,PA31,Argyll and Bute,Scotland
Eorsa,,Argyll and Bute,Scotland
Eredine,PA33,Argyll and Bute,Scotland
Eriska,,Argyll and Bute,Scotland
Euchar,,Argyll and Bute,Scotland
Fanmore,PA73,Argyll and Bute,Scotland
Faslane Port,,Argyll and Bute,Scotland
Fasnacloich,PA38,Argyll and Bute,Scotland
Feochan Mhor (River Nell),,Argyll and Bute,Scotland
Fionnphort,PA66,Argyll and Bute,Scotland
Ford,PA31,Argyll and Bute,Scotland
Forsa,,Argyll and Bute,Scotland
Furnace,PA32,Argyll and Bute,Scotland
Fyne,,Argyll and Bute,Scotland
Gaodhail River,,Argyll and Bute,Scotland
Garbhallt,PA27,Argyll and Bute,Scotland
Garelochhead,G84,Argyll and Bute,Scotland
Gariob,PA31,Argyll and Bute,Scotland
Garroch Head,,Argyll and Bute,Scotland
Gartnagrenach,PA29,Argyll and Bute,Scotland
Garvard,PA61,Argyll and Bute,Scotland
Garvellachs,,Argyll and Bute,Scotland
Garvie,PA22,Argyll and Bute,Scotland
Garvie Burn,,Argyll and Bute,Scotland
Geilston,,Argyll and Bute,Scotland
Gigalum Island,,Argyll and Bute,Scotland
Gigha Island,,Argyll and Bute,Scotland
Gleamn Osamail,,Argyll and Bute,Scotland
Gleann na Rainich,,Argyll and Bute,Scotland
Glen Branter,,Argyll and Bute,Scotland
Glenacardoch Point,,Argyll and Bute,Scotland
Glenbarr,PA29,Argyll and Bute,Scotland
Glenbranter,PA27,Argyll and Bute,Scotland
Glenegedale,PA42,Argyll and Bute,Scotland
Glenlussa Water,,Argyll and Bute,Scotland
Glenview,,Argyll and Bute,Scotland
Goatfield,PA32,Argyll and Bute,Scotland
Gometra,,Argyll and Bute,Scotland
Gortonronach,,Argyll and Bute,Scotland
Gott,,Argyll and Bute,Scotland
Grass Point,,Argyll and Bute,Scotland
Gribun,,Argyll and Bute,Scotland
Grishipoll,PA78,Argyll and Bute,Scotland
Grogport,PA28,Argyll and Bute,Scotland
Gruline,PA71,Argyll and Bute,Scotland
Gunna,,Argyll and Bute,Scotland
Heanish,PA77,Argyll and Bute,Scotland
Helensburgh,G84,Argyll and Bute,Scotland
Heylipol,,Argyll and Bute,Scotland
Hough,,Argyll and Bute,Scotland
Hynish,PA77,Argyll and Bute,Scotland
Ichrachan,,Argyll and Bute,Scotland
Imeraval,,Argyll and Bute,Scotland
Inch Kenneth,,Argyll and Bute,Scotland
Inchconnachan,,Argyll and Bute,Scotland
Inchlonaig,,Argyll and Bute,Scotland
Inchmarnock,,Argyll and Bute,Scotland
Inchmoan,,Argyll and Bute,Scotland
Inchtavannach,,Argyll and Bute,Scotland
Inishail,,Argyll and Bute,Scotland
Innellan,PA23,Argyll and Bute,Scotland
Inner Hebrides,,Argyll and Bute,Scotland
Innis Chonain,,Argyll and Bute,Scotland
Insh Island,,Argyll and Bute,Scotland
Inveraray,PA32,Argyll and Bute,Scotland
Inverarnan,G83,Argyll and Bute,Scotland
Inverbeg,G83,Argyll and Bute,Scotland
Inverchaolain,PA23,Argyll and Bute,Scotland
Inveresragan,,Argyll and Bute,Scotland
Inverinan,PA35,Argyll and Bute,Scotland
Inverlussa,PA60,Argyll and Bute,Scotland
Inverneill,,Argyll and Bute,Scotland
Invernoaden,PA27,Argyll and Bute,Scotland
Inveruglas,G83,Argyll and Bute,Scotland
Inveruglas Water,,Argyll and Bute,Scotland
Iona,,Argyll and Bute,Scotland
Island Davaar,,Argyll and Bute,Scotland
Island Macaskin,,Argyll and Bute,Scotland
Island Of Mull,,Argyll and Bute,Scotland
Islay,,Argyll and Bute,Scotland
Isle of Bute,PA20,Argyll and Bute,Scotland
Isle of Danna,,Argyll and Bute,Scotland
Java,,Argyll and Bute,Scotland
Jura,,Argyll and Bute,Scotland
Kames,PA21,Argyll and Bute,Scotland
Keillbeg,,Argyll and Bute,Scotland
Keillmore,PA31,Argyll and Bute,Scotland
Keils,PA60,Argyll and Bute,Scotland
Kelhurn,,Argyll and Bute,Scotland
Kenovay,,Argyll and Bute,Scotland
Kerrera,,Argyll and Bute,Scotland
Kerrycroy,PA20,Argyll and Bute,Scotland
Kiel Crofts,PA37,Argyll and Bute,Scotland
Kilberry,PA29,Argyll and Bute,Scotland
Kilberry Head,,Argyll and Bute,Scotland
Kilbride,PA20,Argyll and Bute,Scotland
Kilbridemore,PA22,Argyll and Bute,Scotland
Kilbridemore Burn,,Argyll and Bute,Scotland
Kilchattan Bay,,Argyll and Bute,Scotland
Kilchenzie,PA28,Argyll and Bute,Scotland
Kilchiaran,PA48,Argyll and Bute,Scotland
Kilchoman,PA49,Argyll and Bute,Scotland
Kilchrenan,PA35,Argyll and Bute,Scotland
Kilcreggan,G84,Argyll and Bute,Scotland
Kilennan,,Argyll and Bute,Scotland
Kilfinan,PA21,Argyll and Bute,Scotland
Kilkenneth,PA77,Argyll and Bute,Scotland
Kilkerran,PA28,Argyll and Bute,Scotland
Killean,PA29,Argyll and Bute,Scotland
Killinochonoch,,Argyll and Bute,Scotland
Kilmahumaig,,Argyll and Bute,Scotland
Kilmartin,PA31,Argyll and Bute,Scotland
Kilmelford,PA34,Argyll and Bute,Scotland
Kilmeny,,Argyll and Bute,Scotland
Kilmichael Beg,,Argyll and Bute,Scotland
Kilmichael Glassary,PA31,Argyll and Bute,Scotland
Kilmichael of Inverlussa,PA31,Argyll and Bute,Scotland
Kilmoluaig,,Argyll and Bute,Scotland
Kilmore,PA34,Argyll and Bute,Scotland
Kilmory,PA31,Argyll and Bute,Scotland
Kilmun,PA23,Argyll and Bute,Scotland
Kilnave,PA44,Argyll and Bute,Scotland
Kilninian,PA74,Argyll and Bute,Scotland
Kilninver,PA34,Argyll and Bute,Scotland
Kiloran,PA61,Argyll and Bute,Scotland
Kingarth,PA20,Argyll and Bute,Scotland
Kinglass,,Argyll and Bute,Scotland
Kintallan,,Argyll and Bute,Scotland
Kintra,PA42,Argyll and Bute,Scotland
Kintyre,,Argyll and Bute,Scotland
Kinuachdrachd,,Argyll and Bute,Scotland
Kirkapol,,Argyll and Bute,Scotland
Kirn,PA23,Argyll and Bute,Scotland
Knipoch,PA34,Argyll and Bute,Scotland
Knockan,,Argyll and Bute,Scotland
Knockrome,PA60,Argyll and Bute,Scotland
Laganbuidhe,,Argyll and Bute,Scotland
Lagavulin,PA42,Argyll and Bute,Scotland
Lagg,PA60,Argyll and Bute,Scotland
Laggan,PA43,Argyll and Bute,Scotland
Laggan Point,,Argyll and Bute,Scotland
Laphroaig,PA42,Argyll and Bute,Scotland
Larachmor Burn,,Argyll and Bute,Scotland
Largiemore,PA21,Argyll and Bute,Scotland
Leargybreck,PA60,Argyll and Bute,Scotland
Ledaig,PA37,Argyll and Bute,Scotland
Lee,PA67,Argyll and Bute,Scotland
Leidle River,,Argyll and Bute,Scotland
Leoig,,Argyll and Bute,Scotland
Leorin,PA42,Argyll and Bute,Scotland
Lephinchapel,,Argyll and Bute,Scotland
Lephinmore,PA27,Argyll and Bute,Scotland
Linne nam Beathach,,Argyll and Bute,Scotland
Lismore,,Argyll and Bute,Scotland
Little Colonsay,,Argyll and Bute,Scotland
Loch Avich,,Argyll and Bute,Scotland
Loch Awe,,Argyll and Bute,Scotland
Loch Ba,,Argyll and Bute,Scotland
Loch Clachan,,Argyll and Bute,Scotland
Loch Finlaggan,,Argyll and Bute,Scotland
Loch Frisa,,Argyll and Bute,Scotland
Loch Gorm,,Argyll and Bute,Scotland
Loch Nant,,Argyll and Bute,Scotland
Loch Neil,,Argyll and Bute,Scotland
Loch Righ Mor,,Argyll and Bute,Scotland
Loch Scammadale,,Argyll and Bute,Scotland
Lochawe,PA33,Argyll and Bute,Scotland
Lochbuie,PA62,Argyll and Bute,Scotland
Lochdon,PA64,Argyll and Bute,Scotland
Lochgair,PA31,Argyll and Bute,Scotland
Lochgilphead,PA30,Argyll and Bute,Scotland
Lochgoilhead,PA24,Argyll and Bute,Scotland
Lochy,,Argyll and Bute,Scotland
Loin Water,,Argyll and Bute,Scotland
Lonan,,Argyll and Bute,Scotland
Lorn,G83,Argyll and Bute,Scotland
Lower Ardtun,,Argyll and Bute,Scotland
Lower Kilchattan,,Argyll and Bute,Scotland
Luing,,Argyll and Bute,Scotland
Lunga,PA31,Argyll and Bute,Scotland
Luss,G83,Argyll and Bute,Scotland
Lussa,,Argyll and Bute,Scotland
Lussa Point,,Argyll and Bute,Scotland
Machrihanish,PA28,Argyll and Bute,Scotland
Machrihanish Water,,Argyll and Bute,Scotland
Mambeg,G84,Argyll and Bute,Scotland
Mannal,,Argyll and Bute,Scotland
Meikle Kilchattan Butts,,Argyll and Bute,Scotland
Melfort,PA34,Argyll and Bute,Scotland
Middle Kames,PA31,Argyll and Bute,Scotland
Middleton,,Argyll and Bute,Scotland
Mill Knowe,,Argyll and Bute,Scotland
Mill Park,,Argyll and Bute,Scotland
Millhouse,PA21,Argyll and Bute,Scotland
Minard,PA32,Argyll and Bute,Scotland
Minard Castle,,Argyll and Bute,Scotland
Montford,,Argyll and Bute,Scotland
Moss,,Argyll and Bute,Scotland
Muasdale,PA29,Argyll and Bute,Scotland
Mull of Kintyre,,Argyll and Bute,Scotland
Mull of Oa,,Argyll and Bute,Scotland
Nant,,Argyll and Bute,Scotland
Narachan Burn,,Argyll and Bute,Scotland
Narrachan,,Argyll and Bute,Scotland
Nave Island,,Argyll and Bute,Scotland
Nerabus,,Argyll and Bute,Scotland
New Danna,,Argyll and Bute,Scotland
New Ulva,PA31,Argyll and Bute,Scotland
Newton Park,,Argyll and Bute,Scotland
Newtown,,Argyll and Bute,Scotland
North Connel,,Argyll and Bute,Scotland
North Shian,PA38,Argyll and Bute,Scotland
Oban,PA34,Argyll and Bute,Scotland
Oban Seil,,Argyll and Bute,Scotland
Orchy,,Argyll and Bute,Scotland
Ormsary,,Argyll and Bute,Scotland
Oronsay,,Argyll and Bute,Scotland
Orsay,,Argyll and Bute,Scotland
Otter Ferry,PA21,Argyll and Bute,Scotland
Oude,,Argyll and Bute,Scotland
Paps of Jura,,Argyll and Bute,Scotland
Peninver,PA28,Argyll and Bute,Scotland
Point of Knap,,Argyll and Bute,Scotland
Poltalloch,PA31,Argyll and Bute,Scotland
Port Ann,,Argyll and Bute,Scotland
Port Appin,PA38,Argyll and Bute,Scotland
Port Askaig,PA46,Argyll and Bute,Scotland
Port Bannatyne,PA20,Argyll and Bute,Scotland
Port Charlotte,PA48,Argyll and Bute,Scotland
Port Ellen,PA42,Argyll and Bute,Scotland
Port Ramsay,PA34,Argyll and Bute,Scotland
Port Wemyss,PA47,Argyll and Bute,Scotland
Portavadie,PA21,Argyll and Bute,Scotland
Portincaple,G84,Argyll and Bute,Scotland
Portinnisherrich,,Argyll and Bute,Scotland
Portkil,,Argyll and Bute,Scotland
Portnacroish,PA38,Argyll and Bute,Scotland
Portnahaven,PA47,Argyll and Bute,Scotland
Portsonachan,,Argyll and Bute,Scotland
Pulpit Hill,,Argyll and Bute,Scotland
Rahane,,Argyll and Bute,Scotland
Redhouses,PA44,Argyll and Bute,Scotland
Reisa Mhic Phaidean,,Argyll and Bute,Scotland
RËisa an t-Sruith,,Argyll and Bute,Scotland
Rhu,G84,Argyll and Bute,Scotland
Rinn Thorbhais,,Argyll and Bute,Scotland
Rinns Point,,Argyll and Bute,Scotland
Risabus,PA42,Argyll and Bute,Scotland
River Nell (Feochan Mhor),,Argyll and Bute,Scotland
Rosneath,G84,Argyll and Bute,Scotland
Ross of Mull,,Argyll and Bute,Scotland
Rothesay,PA20,Argyll and Bute,Scotland
Ruaig,PA77,Argyll and Bute,Scotland
Rubh Aird Luing,,Argyll and Bute,Scotland
Rubha a Mhail,,Argyll and Bute,Scotland
Rubha Fiola,,Argyll and Bute,Scotland
Rubha Mor,,Argyll and Bute,Scotland
Rubha na Faing,,Argyll and Bute,Scotland
Rubha na Traille,,Argyll and Bute,Scotland
Rubha nan Crann,,Argyll and Bute,Scotland
Rubha nan Leacon,,Argyll and Bute,Scotland
Ruel,,Argyll and Bute,Scotland
Saddell,PA28,Argyll and Bute,Scotland
Salen,PA72,Argyll and Bute,Scotland
Salum,,Argyll and Bute,Scotland
Sanda Island,,Argyll and Bute,Scotland
Sandaig,,Argyll and Bute,Scotland
Sandbank,PA23,Argyll and Bute,Scotland
Sandhole,,Argyll and Bute,Scotland
Scalasaig,PA61,Argyll and Bute,Scotland
Scarba,,Argyll and Bute,Scotland
Scarinish,PA77,Argyll and Bute,Scotland
Seil,,Argyll and Bute,Scotland
Sgreadan,,Argyll and Bute,Scotland
Shandon,G84,Argyll and Bute,Scotland
Sheep Island,,Argyll and Bute,Scotland
Shira,,Argyll and Bute,Scotland
Shuna,,Argyll and Bute,Scotland
Shuna Island,,Argyll and Bute,Scotland
Skerryvore,,Argyll and Bute,Scotland
Skipness,PA29,Argyll and Bute,Scotland
Skipness Point,,Argyll and Bute,Scotland
Slockavullin,PA31,Argyll and Bute,Scotland
Soa,,Argyll and Bute,Scotland
Soa Island,,Argyll and Bute,Scotland
Socach Burn,,Argyll and Bute,Scotland
Socach Eas Ban Burn,,Argyll and Bute,Scotland
Sorisdale,PA78,Argyll and Bute,Scotland
Sorn,,Argyll and Bute,Scotland
Soroba,PA34,Argyll and Bute,Scotland
South Shian,PA37,Argyll and Bute,Scotland
Southend,PA28,Argyll and Bute,Scotland
Sraid Ruadh,,Argyll and Bute,Scotland
St Catherines,PA25,Argyll and Bute,Scotland
St Colmac,,Argyll and Bute,Scotland
Staffa,,Argyll and Bute,Scotland
Straad,,Argyll and Bute,Scotland
Strachur,PA27,Argyll and Bute,Scotland
Strae,,Argyll and Bute,Scotland
Strathcoil,,Argyll and Bute,Scotland
Strone,FK17,Argyll and Bute,Scotland
Strongarbh,,Argyll and Bute,Scotland
Stronmilchan,PA33,Argyll and Bute,Scotland
Stroul,G84,Argyll and Bute,Scotland
Succoth,G83,Argyll and Bute,Scotland
Sutherlands Grove,,Argyll and Bute,Scotland
Tarbert,PA29,Argyll and Bute,Scotland
Tarbet,G83,Argyll and Bute,Scotland
Tayinloan,PA29,Argyll and Bute,Scotland
Taynuilt,PA35,Argyll and Bute,Scotland
Tayvallich,PA31,Argyll and Bute,Scotland
Texa,,Argyll and Bute,Scotland
The Oa,,Argyll and Bute,Scotland
Tighavullin,,Argyll and Bute,Scotland
Tighnabruaich,PA21,Argyll and Bute,Scotland
Tighness,,Argyll and Bute,Scotland
Tiree,,Argyll and Bute,Scotland
Tobermory,PA75,Argyll and Bute,Scotland
Toberonochy,PA34,Argyll and Bute,Scotland
Torinturk,,Argyll and Bute,Scotland
Torsa,,Argyll and Bute,Scotland
Tostary,,Argyll and Bute,Scotland
Toward,PA23,Argyll and Bute,Scotland
Toward Point,,Argyll and Bute,Scotland
Townhead,,Argyll and Bute,Scotland
Treshnish Isles,,Argyll and Bute,Scotland
Tullochgorm,PA32,Argyll and Bute,Scotland
Uig,PA23,Argyll and Bute,Scotland
Uisge an t-Suidhe,,Argyll and Bute,Scotland
Uisken,PA67,Argyll and Bute,Scotland
Ulva,,Argyll and Bute,Scotland
Upper Kilchattan,PA61,Argyll and Bute,Scotland
Uragaig,,Argyll and Bute,Scotland
Urvaig,,Argyll and Bute,Scotland
Vaul,PA77,Argyll and Bute,Scotland
Water of Tulla,,Argyll and Bute,Scotland
Waterfoot,,Argyll and Bute,Scotland
West Hynish,,Argyll and Bute,Scotland
West Tarbert,PA29,Argyll and Bute,Scotland
Whistlefield,,Argyll and Bute,Scotland
Whitehouse,PA29,Argyll and Bute,Scotland
Whitehouse Burn,,Argyll and Bute,Scotland
