,,Buckinghamshire,England
Addington,MK18,Buckinghamshire,England
Adstock,MK18,Buckinghamshire,England
Akeley,MK18,Buckinghamshire,England
Alscot,,Buckinghamshire,England
Amersham,HP6,Buckinghamshire,England
Amersham Common,,Buckinghamshire,England
Amersham Old Town,,Buckinghamshire,England
Amersham on the Hill,,Buckinghamshire,England
Ashendon,HP18,Buckinghamshire,England
Asheridge,,Buckinghamshire,England
Ashley Green,HP5,Buckinghamshire,England
Askett,HP27,Buckinghamshire,England
Aspley Heath,,Buckinghamshire,England
Aston Abbotts,HP22,Buckinghamshire,England
Aston Clinton,HP22,Buckinghamshire,England
Aston Sandford,HP17,Buckinghamshire,England
Astrope,,Buckinghamshire,England
Astwood,,Buckinghamshire,England
Atterbury,,Buckinghamshire,England
Austenwood,,Buckinghamshire,England
Aylesbury,HP20,Buckinghamshire,England
Ballinger Bottom,,Buckinghamshire,England
Ballinger Bottom (South),,Buckinghamshire,England
Ballinger Common,HP16,Buckinghamshire,England
Barley End,,Buckinghamshire,England
Barton Hartshorn,MK18,Buckinghamshire,England
Beachampton,MK19,Buckinghamshire,England
Beacon Hill,,Buckinghamshire,England
Beaconsfield,HP9,Buckinghamshire,England
Beamond End,,Buckinghamshire,England
Beanhill,,Buckinghamshire,England
Bedgrove,HP21,Buckinghamshire,England
Bellingdon,HP5,Buckinghamshire,England
Bennett End,,Buckinghamshire,England
Berghers Hill,,Buckinghamshire,England
Biddlesden,NN13,Buckinghamshire,England
Bierton,HP22,Buckinghamshire,England
Bishopstone,HP17,Buckinghamshire,England
Blakelands,,Buckinghamshire,England
Bleak Hall,,Buckinghamshire,England
Bledlow,HP27,Buckinghamshire,England
Bledlow Ridge,HP14,Buckinghamshire,England
Bletchley,,Buckinghamshire,England
Boarstall,HP18,Buckinghamshire,England
Bockmer End,,Buckinghamshire,England
Bolter End,HP14,Buckinghamshire,England
Booker,HP12,Buckinghamshire,England
Botley,HP5,Buckinghamshire,England
Botolph Claydon,MK18,Buckinghamshire,England
Bottrells Close,,Buckinghamshire,England
Bourton,,Buckinghamshire,England
Bovingdon Green,,Buckinghamshire,England
Bow Brickhill,MK17,Buckinghamshire,England
Bradenham,HP14,Buckinghamshire,England
Bradville,,Buckinghamshire,England
Bradwell,,Buckinghamshire,England
Bradwell Common,,Buckinghamshire,England
Bragenham,LU7,Buckinghamshire,England
Brill,HP18,Buckinghamshire,England
Brinklow,,Buckinghamshire,England
Brook End,,Buckinghamshire,England
Broughton,HP20,Buckinghamshire,England
Browns Wood,,Buckinghamshire,England
Buckingham,MK18,Buckinghamshire,England
Buckland,HP22,Buckinghamshire,England
Buckland Common,HP23,Buckinghamshire,England
Bucklandwharf,,Buckinghamshire,England
Buckmoorend,,Buckinghamshire,England
Burcott,LU7,Buckinghamshire,England
Burnham,SL1,Buckinghamshire,England
Burroughs Grove,,Buckinghamshire,England
Butlers Cross,,Buckinghamshire,England
Bye Green,,Buckinghamshire,England
Cadmore End,HP14,Buckinghamshire,England
Caldecotte,,Buckinghamshire,England
Calvert,MK18,Buckinghamshire,England
Calverton,MK19,Buckinghamshire,England
Central Milton Keynes,,Buckinghamshire,England
Chackmore,MK18,Buckinghamshire,England
Chalfont Common,SL9,Buckinghamshire,England
Chalfont Grove,,Buckinghamshire,England
Chalfont St Giles,HP8,Buckinghamshire,England
Chalfont St Peter,SL9,Buckinghamshire,England
Chalkshire,,Buckinghamshire,England
Charndon,,Buckinghamshire,England
Chartridge,HP5,Buckinghamshire,England
Chearsley,HP18,Buckinghamshire,England
Cheddington,LU7,Buckinghamshire,England
Chenies,WD3,Buckinghamshire,England
Chesham,HP5,Buckinghamshire,England
Chesham Bois,HP6,Buckinghamshire,England
Chessmount,,Buckinghamshire,England
Chetwode,MK18,Buckinghamshire,England
Chicheley,,Buckinghamshire,England
Chiltern Hills,,Buckinghamshire,England
Chilton,HP18,Buckinghamshire,England
Chisbridge Cross,,Buckinghamshire,England
Chivery,,Buckinghamshire,England
Cholesbury,HP23,Buckinghamshire,England
Chorleywood West,,Buckinghamshire,England
Church End,LU6,Buckinghamshire,England
Clanking,,Buckinghamshire,England
Claydon Brook,,Buckinghamshire,England
Clifton Reynes,,Buckinghamshire,England
Codmore,,Buckinghamshire,England
Coffee Hall,,Buckinghamshire,England
Cold Brayfield,,Buckinghamshire,England
Coleshill,HP7,Buckinghamshire,England
Colne,,Buckinghamshire,England
Colne Brook,,Buckinghamshire,England
Colstrope,,Buckinghamshire,England
Conniburrow,,Buckinghamshire,England
Coombe,,Buckinghamshire,England
Cores End,,Buckinghamshire,England
Crafton,LU7,Buckinghamshire,England
Creslow,,Buckinghamshire,England
Cressex,,Buckinghamshire,England
Cross End,,Buckinghamshire,England
Crowhill,,Buckinghamshire,England
Crownfield,,Buckinghamshire,England
Cryers Hill,HP15,Buckinghamshire,England
Cublington,LU7,Buckinghamshire,England
Cuddington,HP18,Buckinghamshire,England
Dadford,MK18,Buckinghamshire,England
Dagnall,HP4,Buckinghamshire,England
Danesfield,,Buckinghamshire,England
Darvillshill,,Buckinghamshire,England
Denham,,Buckinghamshire,England
Denham Green,,Buckinghamshire,England
Dinton,HP17,Buckinghamshire,England
Ditchfield,,Buckinghamshire,England
Dorney,SL4,Buckinghamshire,England
Dorton,HP17,Buckinghamshire,England
Downhead Park,,Buckinghamshire,England
Downley,HP13,Buckinghamshire,England
Drayton Beauchamp,HP22,Buckinghamshire,England
Drayton Parslow,MK17,Buckinghamshire,England
Duck End,,Buckinghamshire,England
Dunsmore,HP22,Buckinghamshire,England
Dunton,MK18,Buckinghamshire,England
Eaglestone,,Buckinghamshire,England
Easington,HP18,Buckinghamshire,England
East Claydon,MK18,Buckinghamshire,England
East End,,Buckinghamshire,England
Eaton Bray,LU6,Buckinghamshire,England
Edgcott,HP18,Buckinghamshire,England
Edlesborough,LU6,Buckinghamshire,England
Egypt,,Buckinghamshire,England
Ellesborough,HP17,Buckinghamshire,England
Elmhurst,HP20,Buckinghamshire,England
Emberton,,Buckinghamshire,England
Emerson Valley,,Buckinghamshire,England
Eton Wick,SL4,Buckinghamshire,England
Farnham Common,SL2,Buckinghamshire,England
Farnham Park,,Buckinghamshire,England
Farnham Royal,SL2,Buckinghamshire,England
Fawley,RG9,Buckinghamshire,England
Fenny Stratford,,Buckinghamshire,England
Fern,,Buckinghamshire,England
Filgrave,,Buckinghamshire,England
Fingest,RG9,Buckinghamshire,England
Fishermead,,Buckinghamshire,England
Flackwell Heath,HP10,Buckinghamshire,England
Flowers Bottom,,Buckinghamshire,England
Ford,HP17,Buckinghamshire,England
Forty Green,HP9,Buckinghamshire,England
Foscote,,Buckinghamshire,England
Four Ashes,,Buckinghamshire,England
Frieth,RG9,Buckinghamshire,England
Frith-hill,,Buckinghamshire,England
Fulmer,SL3,Buckinghamshire,England
Furzton,,Buckinghamshire,England
Gawcott,MK18,Buckinghamshire,England
Gayhurst,,Buckinghamshire,England
George Green,SL3,Buckinghamshire,England
Gerrards Cross,SL9,Buckinghamshire,England
Gibraltar,,Buckinghamshire,England
Giffard Park,,Buckinghamshire,England
Goddards,,Buckinghamshire,England
Granborough,MK18,Buckinghamshire,England
Grand Union Canal,,Buckinghamshire,England
Gravel Hill,,Buckinghamshire,England
Great Brickhill,MK17,Buckinghamshire,England
Great Hampden,,Buckinghamshire,England
Great Hivings,,Buckinghamshire,England
Great Holm,,Buckinghamshire,England
Great Horwood,MK17,Buckinghamshire,England
Great Kimble,HP17,Buckinghamshire,England
Great Kingshill,HP15,Buckinghamshire,England
Great Linford,,Buckinghamshire,England
Great Missenden,HP16,Buckinghamshire,England
Great Ouse,,Buckinghamshire,England
Greatgap,,Buckinghamshire,England
Greatmoor,,Buckinghamshire,England
Green End,,Buckinghamshire,England
Green Hailey,,Buckinghamshire,England
Greenlands,RG9,Buckinghamshire,England
Greenley,,Buckinghamshire,England
Grendon Underwood,HP18,Buckinghamshire,England
Grove,LU7,Buckinghamshire,England
Haddenham,HP17,Buckinghamshire,England
Halton,HP22,Buckinghamshire,England
Ham Green,,Buckinghamshire,England
Hambleden,RG9,Buckinghamshire,England
Handy Cross,HP10,Buckinghamshire,England
Hanslope,MK19,Buckinghamshire,England
Hardmead,,Buckinghamshire,England
Hardwick,HP22,Buckinghamshire,England
Hastoe,HP23,Buckinghamshire,England
Haversham,MK19,Buckinghamshire,England
Hawks Hill,,Buckinghamshire,England
Hazlemere,HP15,Buckinghamshire,England
Heath End,,Buckinghamshire,England
Hedgerley,SL2,Buckinghamshire,England
Hedgerley Green,,Buckinghamshire,England
Hedgerley Hill,,Buckinghamshire,England
Hedsor,HP10,Buckinghamshire,England
Heelands,,Buckinghamshire,England
High Wycombe,HP10,Buckinghamshire,England
Higher Denham,,Buckinghamshire,England
Hillesden,MK18,Buckinghamshire,England
Hillesden Hamlet,,Buckinghamshire,England
Hilltop,,Buckinghamshire,England
Hoggeston,MK18,Buckinghamshire,England
Hollingdon,LU7,Buckinghamshire,England
Holly Green,,Buckinghamshire,England
Hollybush Corner,,Buckinghamshire,England
Hollybush Hill,,Buckinghamshire,England
Holmer Green,HP15,Buckinghamshire,England
Holtspur,HP9,Buckinghamshire,England
Horsenden,,Buckinghamshire,England
Horsleys Green,,Buckinghamshire,England
Horton,LU7,Buckinghamshire,England
Horton Wharf,,Buckinghamshire,England
Hotley Bottom,,Buckinghamshire,England
Hughenden Valley,HP14,Buckinghamshire,England
Hulcott,HP22,Buckinghamshire,England
Hyde Heath,HP6,Buckinghamshire,England
Ibstone,HP14,Buckinghamshire,England
Ilmer,HP27,Buckinghamshire,England
Iver,SL0,Buckinghamshire,England
Iver Heath,SL0,Buckinghamshire,England
Ivinghoe,LU7,Buckinghamshire,England
Ivinghoe Aston,LU7,Buckinghamshire,England
Jordans,HP9,Buckinghamshire,England
Kents Hill,,Buckinghamshire,England
Kimble Wick,HP17,Buckinghamshire,England
Kingsash,,Buckinghamshire,England
Kingsey,HP17,Buckinghamshire,England
Kingston,,Buckinghamshire,England
Knotty Green,HP9,Buckinghamshire,England
Lacey Green,HP27,Buckinghamshire,England
Lake End,,Buckinghamshire,England
Lane End,HP14,Buckinghamshire,England
Lanes End,,Buckinghamshire,England
Langley Corner,,Buckinghamshire,England
Lathbury,,Buckinghamshire,England
Latimer,HP5,Buckinghamshire,England
Lavendon,,Buckinghamshire,England
Layters Green,,Buckinghamshire,England
Leckhampstead,MK18,Buckinghamshire,England
Ledburn,LU7,Buckinghamshire,England
Lee Clump,HP16,Buckinghamshire,England
Lee Common,,Buckinghamshire,England
Lee Gate,,Buckinghamshire,England
Lenborough,,Buckinghamshire,England
Lent,,Buckinghamshire,England
Lent Rise,,Buckinghamshire,England
Ley Hill,,Buckinghamshire,England
Lillingstone Dayrell,MK18,Buckinghamshire,England
Lillingstone Lovell,MK18,Buckinghamshire,England
Little Boys Heath,,Buckinghamshire,England
Little Brickhill,MK17,Buckinghamshire,England
Little Chalfont,HP6,Buckinghamshire,England
Little Crawley,,Buckinghamshire,England
Little Hampden,HP16,Buckinghamshire,England
Little Horwood,MK17,Buckinghamshire,England
Little Kimble,HP17,Buckinghamshire,England
Little Kingshill,HP16,Buckinghamshire,England
Little Linford,MK19,Buckinghamshire,England
Little London,,Buckinghamshire,England
Little Marlow,SL7,Buckinghamshire,England
Little Marsh,,Buckinghamshire,England
Little Missnden,,Buckinghamshire,England
Little Wood Corner,,Buckinghamshire,England
Littlecote,,Buckinghamshire,England
Littleworth Common,,Buckinghamshire,England
Long Crendon,HP18,Buckinghamshire,England
Long Street,MK19,Buckinghamshire,England
Longwick,HP27,Buckinghamshire,England
Loosley Row,HP27,Buckinghamshire,England
Loudwater,HP10,Buckinghamshire,England
Loughton,,Buckinghamshire,England
Love Green,,Buckinghamshire,England
Lower Bois,,Buckinghamshire,England
Lower Cadsden,,Buckinghamshire,England
Lower End,,Buckinghamshire,England
Lower Hartwell,,Buckinghamshire,England
Lower North Dean,,Buckinghamshire,England
Lower Pollicot,,Buckinghamshire,England
Lower Weald,,Buckinghamshire,England
Lower Winchendon (Nether Winchendon),,Buckinghamshire,England
Lower Woodend,SL7,Buckinghamshire,England
Ludgershall,HP18,Buckinghamshire,England
Lye Green,HP5,Buckinghamshire,England
Manor Park,,Buckinghamshire,England
Mantles Green,,Buckinghamshire,England
Marlow Bottom,SL7,Buckinghamshire,England
Marlow Common,,Buckinghamshire,England
Marsh,,Buckinghamshire,England
Marsh Gibbon,,Buckinghamshire,England
Marsworth,HP23,Buckinghamshire,England
Meadle,HP17,Buckinghamshire,England
Medmenham,SL7,Buckinghamshire,England
Mentmore,LU7,Buckinghamshire,England
Micklefield,,Buckinghamshire,England
Middle Claydon,MK18,Buckinghamshire,England
Middle Green,,Buckinghamshire,England
Middle Weald,,Buckinghamshire,England
Milton Keynes,,Buckinghamshire,England
Milton Keynes Village,,Buckinghamshire,England
Misbourne,,Buckinghamshire,England
Mobwell,,Buckinghamshire,England
Monks Risborough,HP27,Buckinghamshire,England
Monkston Park,,Buckinghamshire,England
Moor Common,,Buckinghamshire,England
Moor End,,Buckinghamshire,England
Moulsoe,,Buckinghamshire,England
Mount Pleasant,,Buckinghamshire,England
Mursley,MK17,Buckinghamshire,England
Naphill,HP14,Buckinghamshire,England
Nash,MK17,Buckinghamshire,England
Nash Lee,HP17,Buckinghamshire,England
Nearton End,,Buckinghamshire,England
Neath Hill,,Buckinghamshire,England
Nether Winchendon (Lower Winchendon),,Buckinghamshire,England
Netherfield,,Buckinghamshire,England
New Bradwell,,Buckinghamshire,England
New Denham,,Buckinghamshire,England
Newport Pagnell,,Buckinghamshire,England
Newton Blossomville,,Buckinghamshire,England
Newton Longville,MK17,Buckinghamshire,England
Newtown,HP5,Buckinghamshire,England
North Crawley,,Buckinghamshire,England
North End,LU7,Buckinghamshire,England
North Lee,HP22,Buckinghamshire,England
North Marston,MK18,Buckinghamshire,England
Northall,,Buckinghamshire,England
Northend,HP14,Buckinghamshire,England
Northfield,,Buckinghamshire,England
Nup End,HP22,Buckinghamshire,England
Oakgrove,,Buckinghamshire,England
Oakley,HP18,Buckinghamshire,England
Old Farm Park,,Buckinghamshire,England
Old Wolverton,,Buckinghamshire,England
Oldbrook,,Buckinghamshire,England
Olney,,Buckinghamshire,England
Orchard Leigh,,Buckinghamshire,England
Ouzel,,Buckinghamshire,England
Oving,HP22,Buckinghamshire,England
Owlswick,HP27,Buckinghamshire,England
Padbury,MK18,Buckinghamshire,England
Parmoor,,Buckinghamshire,England
Passenham,MK19,Buckinghamshire,England
Pednor Bottom,,Buckinghamshire,England
Pednormead End,,Buckinghamshire,England
Penn,HP10,Buckinghamshire,England
Penn Bottom,,Buckinghamshire,England
Penn Street,HP7,Buckinghamshire,England
Petsoe End,,Buckinghamshire,England
Pheasants,,Buckinghamshire,England
Piddington,,Buckinghamshire,England
Pineham,,Buckinghamshire,England
Pitch Green,HP27,Buckinghamshire,England
Pitchcott,HP22,Buckinghamshire,England
Pitstone Green,LU7,Buckinghamshire,England
Pitstone Hill,,Buckinghamshire,England
Pond Park,,Buckinghamshire,England
Poundon,,Buckinghamshire,England
Preston Bissett,MK18,Buckinghamshire,England
Prestwood,HP16,Buckinghamshire,England
Princes Risborough,HP27,Buckinghamshire,England
Puttenham,HP23,Buckinghamshire,England
Quainton,HP22,Buckinghamshire,England
Quarrendon,,Buckinghamshire,England
Radclive,,Buckinghamshire,England
Radnage,,Buckinghamshire,England
Ravenstone,,Buckinghamshire,England
Ray,,Buckinghamshire,England
Redland End,,Buckinghamshire,England
Richings Park,SL0,Buckinghamshire,England
Ridgemarsh,,Buckinghamshire,England
Ringshall,HP4,Buckinghamshire,England
Rockwell End,RG9,Buckinghamshire,England
Rose Hill,,Buckinghamshire,England
Rowsham,HP22,Buckinghamshire,England
Salden,,Buckinghamshire,England
Salford Ford,,Buckinghamshire,England
Sandhill,,Buckinghamshire,England
Sands,HP12,Buckinghamshire,England
Saunderton,HP27,Buckinghamshire,England
Saunderton Lee,,Buckinghamshire,England
Sedrup,,Buckinghamshire,England
Seer Green,HP9,Buckinghamshire,England
Shabbington,HP18,Buckinghamshire,England
Shalstone,MK18,Buckinghamshire,England
Sheepridge,,Buckinghamshire,England
Shenley Brook End,,Buckinghamshire,England
Shenley Church End,,Buckinghamshire,England
Shenley Lodge,,Buckinghamshire,England
Shenley Wood,,Buckinghamshire,England
Sherington,,Buckinghamshire,England
Shipton,,Buckinghamshire,England
Shipton Lee,,Buckinghamshire,England
Shreding Green,,Buckinghamshire,England
Simpson,,Buckinghamshire,England
Singleborough,,Buckinghamshire,England
Skirmett,RG9,Buckinghamshire,England
Skittle Green,,Buckinghamshire,England
Slapton,LU7,Buckinghamshire,England
Smoky Row,,Buckinghamshire,England
Soulbury,LU7,Buckinghamshire,England
South End,LU7,Buckinghamshire,England
South Heath,HP16,Buckinghamshire,England
Southcourt,,Buckinghamshire,England
Southend,,Buckinghamshire,England
Speen,,Buckinghamshire,England
Springfield,,Buckinghamshire,England
Spurlands End,,Buckinghamshire,England
St Leonards,HP23,Buckinghamshire,England
Stantonbury,,Buckinghamshire,England
Steeple Claydon,MK18,Buckinghamshire,England
Stewkley,LU7,Buckinghamshire,England
Stewkley Dean,,Buckinghamshire,England
Stoke Goldington,,Buckinghamshire,England
Stoke Green,,Buckinghamshire,England
Stoke Hammond,MK17,Buckinghamshire,England
Stoke Mandeville,HP22,Buckinghamshire,England
Stoke Poges,SL2,Buckinghamshire,England
Stokenchurch,HP14,Buckinghamshire,England
Stone,HP17,Buckinghamshire,England
Stony Green,,Buckinghamshire,England
Stony Stratford,,Buckinghamshire,England
Stratton Chase,,Buckinghamshire,England
Studley Green,,Buckinghamshire,England
Summer Heath,,Buckinghamshire,England
Summerstown,,Buckinghamshire,England
Swan Bottom,,Buckinghamshire,England
Swanbourne,MK17,Buckinghamshire,England
Taplow,SL6,Buckinghamshire,England
Tathall End,,Buckinghamshire,England
Tatling End,,Buckinghamshire,England
Tattenhoe,,Buckinghamshire,England
Terrick,,Buckinghamshire,England
Terriers,,Buckinghamshire,England
Tetchwick,,Buckinghamshire,England
Thame,,Buckinghamshire,England
Thames,,Buckinghamshire,England
The City,HP14,Buckinghamshire,England
The Common,,Buckinghamshire,England
The Green,,Buckinghamshire,England
The Lee,HP16,Buckinghamshire,England
Thornborough,MK18,Buckinghamshire,England
Thorney,SL0,Buckinghamshire,England
Thornton,MK17,Buckinghamshire,England
Tickford End,,Buckinghamshire,England
Tingewick,MK18,Buckinghamshire,England
Tinkers End,,Buckinghamshire,England
Tongwell,,Buckinghamshire,England
Totteridge,,Buckinghamshire,England
Towerage,,Buckinghamshire,England
Town End,,Buckinghamshire,England
Townsend,,Buckinghamshire,England
Turville,RG9,Buckinghamshire,England
Turville Heath,RG9,Buckinghamshire,England
Turweston,NN13,Buckinghamshire,England
Two Mile Ash,,Buckinghamshire,England
Twyford,MK18,Buckinghamshire,England
Tylers Green,HP10,Buckinghamshire,England
Tyringham,,Buckinghamshire,England
Up End,,Buckinghamshire,England
Upper North Dean,HP14,Buckinghamshire,England
Upper Pollicott,,Buckinghamshire,England
Upper Weald,MK19,Buckinghamshire,England
Upper Winchendon,HP18,Buckinghamshire,England
Upton,HP17,Buckinghamshire,England
Victoria Park,,Buckinghamshire,England
Waddesdon,HP18,Buckinghamshire,England
Walnut Tree,,Buckinghamshire,England
Walton,HP21,Buckinghamshire,England
Walton Court,HP21,Buckinghamshire,England
Wardrobes,,Buckinghamshire,England
Warrington,,Buckinghamshire,England
Water Eaton,,Buckinghamshire,England
Water Stratford,MK18,Buckinghamshire,England
Waterend,,Buckinghamshire,England
Waterside,HP5,Buckinghamshire,England
Wavendon,MK17,Buckinghamshire,England
Wavendon Gate,,Buckinghamshire,England
Weedon,HP22,Buckinghamshire,England
Well End,SL8,Buckinghamshire,England
Wendover,HP22,Buckinghamshire,England
Wendover Dean,,Buckinghamshire,England
West Wycombe,HP14,Buckinghamshire,England
Westcott,HP18,Buckinghamshire,England
Westcroft,,Buckinghamshire,England
Westlington,HP17,Buckinghamshire,England
Weston Turvill,,Buckinghamshire,England
Weston Underwood,,Buckinghamshire,England
Whaddon,MK17,Buckinghamshire,England
Wharley End,,Buckinghamshire,England
Wheeler End,,Buckinghamshire,England
Whelpley Hill,HP5,Buckinghamshire,England
Whitchurch,HP22,Buckinghamshire,England
Whiteleaf,,Buckinghamshire,England
Widmer End,,Buckinghamshire,England
Widmoor,,Buckinghamshire,England
Willen,,Buckinghamshire,England
Willowbank,,Buckinghamshire,England
Wilstone Green,,Buckinghamshire,England
Wilton Park,,Buckinghamshire,England
Winchmore Hill,HP7,Buckinghamshire,England
Wing,LU7,Buckinghamshire,England
Wingrave,HP22,Buckinghamshire,England
Winslow,MK18,Buckinghamshire,England
Woburn Sands,MK17,Buckinghamshire,England
Wolverton,,Buckinghamshire,England
Wooburn,HP10,Buckinghamshire,England
Wooburn Green,HP10,Buckinghamshire,England
Wood End,,Buckinghamshire,England
Woodburn Common,,Buckinghamshire,England
Woodburn Moor,,Buckinghamshire,England
Woodham,,Buckinghamshire,England
Woodrow,,Buckinghamshire,England
Woolstone,,Buckinghamshire,England
Worminghall,HP18,Buckinghamshire,England
Wotton Underwood,HP18,Buckinghamshire,England
Woughton on the Green,,Buckinghamshire,England
Wrexham Street,,Buckinghamshire,England
Wycombe Marsh,HP11,Buckinghamshire,England
Wye,,Buckinghamshire,England
Wymbush,,Buckinghamshire,England
