,,Cambridgeshire,England
Abbots Ripton,,Cambridgeshire,England
Abbotsley,PE19,Cambridgeshire,England
Abington Pigotts,SG8,Cambridgeshire,England
Ailsworth,PE5,Cambridgeshire,England
Alconbury,,Cambridgeshire,England
Alconbury Weston,,Cambridgeshire,England
Aldreth,CB6,Cambridgeshire,England
Alwalton,PE2,Cambridgeshire,England
Arbury,,Cambridgeshire,England
Arrington,SG8,Cambridgeshire,England
Ashley,CB8,Cambridgeshire,England
Ashton,PE8,Cambridgeshire,England
Babraham,CB2,Cambridgeshire,England
Badgeney,,Cambridgeshire,England
Bainton,PE9,Cambridgeshire,England
Balsam,,Cambridgeshire,England
Bar Hill,CB3,Cambridgeshire,England
Barham,,Cambridgeshire,England
Barnack,PE9,Cambridgeshire,England
Barrington,CB2,Cambridgeshire,England
Barton,CB3,Cambridgeshire,England
Barway,CB7,Cambridgeshire,England
Bassingbourn,SG8,Cambridgeshire,England
Begdale,,Cambridgeshire,England
Benwick,PE15,Cambridgeshire,England
Black Bank,,Cambridgeshire,England
Black Horse Drove,,Cambridgeshire,England
Bluntisham,,Cambridgeshire,England
Bottisham,CB5,Cambridgeshire,England
Bourn,CB3,Cambridgeshire,England
Bourn Brook,,Cambridgeshire,England
Boxworth,CB3,Cambridgeshire,England
Boxworth End,CB4,Cambridgeshire,England
Brampton,,Cambridgeshire,England
Brampton Park,,Cambridgeshire,England
Brandon Bank,CB7,Cambridgeshire,England
Brandon Creek,CB7,Cambridgeshire,England
Bretton,PE3,Cambridgeshire,England
Brington,,Cambridgeshire,England
Brinkley,CB8,Cambridgeshire,England
Broad Green,,Cambridgeshire,England
Broad Hill,CB7,Cambridgeshire,England
Brook End,,Cambridgeshire,England
Broughton,,Cambridgeshire,England
Buckden,PE19,Cambridgeshire,England
Buckworth,,Cambridgeshire,England
Building End,,Cambridgeshire,England
Burrough End,CB8,Cambridgeshire,England
Burrough Green,CB8,Cambridgeshire,England
Burton End,,Cambridgeshire,England
Burwell,CB5,Cambridgeshire,England
Bury,,Cambridgeshire,England
Bythorn,,Cambridgeshire,England
Caldecote,CB3,Cambridgeshire,England
California,,Cambridgeshire,England
Cam,,Cambridgeshire,England
Cam (Rhee),,Cambridgeshire,England
Cambridge,CB2,Cambridgeshire,England
Camps End,CB1,Cambridgeshire,England
Carlton,CB8,Cambridgeshire,England
Carlton Green,,Cambridgeshire,England
Castle Camps,CB1,Cambridgeshire,England
Castle End,,Cambridgeshire,England
Castor,PE5,Cambridgeshire,England
Catworth,,Cambridgeshire,England
Caxton,CB3,Cambridgeshire,England
Chainbridge,,Cambridgeshire,England
Chapel End,,Cambridgeshire,England
Chapel Head,,Cambridgeshire,England
Chatteris,PE16,Cambridgeshire,England
Cherry Hinton,CB1,Cambridgeshire,England
Chesterton,CB4,Cambridgeshire,England
Chettisham,CB6,Cambridgeshire,England
Cheveley,CB8,Cambridgeshire,England
Childerley Gate,,Cambridgeshire,England
Chippenham,CB7,Cambridgeshire,England
Chiswick End,,Cambridgeshire,England
Chittering,CB5,Cambridgeshire,England
Christchurch,PE14,Cambridgeshire,England
Church End,CB1,Cambridgeshire,England
Clayhithe,,Cambridgeshire,England
Claypit Hill,,Cambridgeshire,England
Coates,PE7,Cambridgeshire,England
Coldham,PE14,Cambridgeshire,England
Colne,,Cambridgeshire,England
Colnefields,,Cambridgeshire,England
Comberton,CB3,Cambridgeshire,England
Commercial End,CB5,Cambridgeshire,England
Conington,CB3,Cambridgeshire,England
Coppingford,,Cambridgeshire,England
Coton,CB3,Cambridgeshire,England
Cottenham,CB4,Cambridgeshire,England
Coveney,CB6,Cambridgeshire,England
Crawley End,,Cambridgeshire,England
Croxton,PE19,Cambridgeshire,England
Croydon,SG8,Cambridgeshire,England
Deeping Gate,PE6,Cambridgeshire,England
Deeping St James,PE6,Cambridgeshire,England
Denny End,,Cambridgeshire,England
Denton,PE7,Cambridgeshire,England
Diddington,PE19,Cambridgeshire,England
Dillington,,Cambridgeshire,England
Ditton Green,CB8,Cambridgeshire,England
Doddington,PE15,Cambridgeshire,England
Dogsthorpe,PE1,Cambridgeshire,England
Down Field,CB7,Cambridgeshire,England
Dry Drayton,CB3,Cambridgeshire,England
Duck End,,Cambridgeshire,England
Dullingham,CB8,Cambridgeshire,England
Dullingham Ley,,Cambridgeshire,England
Dunkirk,,Cambridgeshire,England
Duxford,CB2,Cambridgeshire,England
Earith,,Cambridgeshire,England
East Fen Common,,Cambridgeshire,England
East Hatley,SG19,Cambridgeshire,England
East Perry,,Cambridgeshire,England
Eastfield,,Cambridgeshire,England
Eastgate,,Cambridgeshire,England
Easton,,Cambridgeshire,England
Eastrea,PE7,Cambridgeshire,England
Eastwood End,,Cambridgeshire,England
Eaton Ford,PE19,Cambridgeshire,England
Eldernell,PE7,Cambridgeshire,England
Elford Closes,,Cambridgeshire,England
Ellington,,Cambridgeshire,England
Ellington Thorpe,,Cambridgeshire,England
Elm,PE14,Cambridgeshire,England
Elsworth,CB3,Cambridgeshire,England
Eltisley,PE19,Cambridgeshire,England
Elton,PE8,Cambridgeshire,England
Ely,CB6,Cambridgeshire,England
Etton,PE6,Cambridgeshire,England
Eye,PE6,Cambridgeshire,England
Eye Green,PE6,Cambridgeshire,England
Eynesbury,PE19,Cambridgeshire,England
Farcet,PE7,Cambridgeshire,England
Fen Ditton,CB5,Cambridgeshire,England
Fen Drayton,CB4,Cambridgeshire,England
Fengate,PE1,Cambridgeshire,England
Fenstanton,,Cambridgeshire,England
Fenton,,Cambridgeshire,England
Ferry Hill,,Cambridgeshire,England
Fitton End,PE13,Cambridgeshire,England
Flint Cross,SG8,Cambridgeshire,England
Folksworth,PE7,Cambridgeshire,England
Fordham,CB7,Cambridgeshire,England
Foul Anchor,,Cambridgeshire,England
Four Gotes,PE13,Cambridgeshire,England
Fowlmere,SG8,Cambridgeshire,England
Foxton,CB2,Cambridgeshire,England
Friday Bridge,PE14,Cambridgeshire,England
Frog End,CB3,Cambridgeshire,England
Fulbourn,CB1,Cambridgeshire,England
Gamlingay,SG19,Cambridgeshire,England
Gamlingay Cinques,,Cambridgeshire,England
Gatley End,,Cambridgeshire,England
Girton,CB3,Cambridgeshire,England
Glatton,,Cambridgeshire,England
Glinton,PE6,Cambridgeshire,England
Godmanchester,,Cambridgeshire,England
Gorefield,PE13,Cambridgeshire,England
Grafham,,Cambridgeshire,England
Grafham Water,,Cambridgeshire,England
Granta,,Cambridgeshire,England
Grantchester,CB3,Cambridgeshire,England
Graveley,,Cambridgeshire,England
Great Abington,CB1,Cambridgeshire,England
Great Chishill,SG8,Cambridgeshire,England
Great Eversden,CB3,Cambridgeshire,England
Great Gransden,SG19,Cambridgeshire,England
Great Green,,Cambridgeshire,England
Great Ouse,,Cambridgeshire,England
Great Paxton,PE19,Cambridgeshire,England
Great Raveley,,Cambridgeshire,England
Great Shelford,CB2,Cambridgeshire,England
Great Staughton,PE19,Cambridgeshire,England
Great Stukeley,,Cambridgeshire,England
Great Wilbraham,CB1,Cambridgeshire,England
Green End,,Cambridgeshire,England
Gunthorpe,PE4,Cambridgeshire,England
Guyhirn,PE13,Cambridgeshire,England
Guyhirn Gull,,Cambridgeshire,England
Haddenham,CB6,Cambridgeshire,England
Haddenham End Field,,Cambridgeshire,England
Haddon,PE7,Cambridgeshire,England
Hail Weston,PE19,Cambridgeshire,England
Hamerton,,Cambridgeshire,England
Hardwick,CB3,Cambridgeshire,England
Harlton,CB3,Cambridgeshire,England
Harston,CB2,Cambridgeshire,England
Hartford,,Cambridgeshire,England
Haslingfield,CB3,Cambridgeshire,England
Hatley St George,SG19,Cambridgeshire,England
Hauxton,CB2,Cambridgeshire,England
Hazel Stub,,Cambridgeshire,England
Heathfield,,Cambridgeshire,England
Helpston,PE6,Cambridgeshire,England
Hemingford Abbots,,Cambridgeshire,England
Hemingford Grey,,Cambridgeshire,England
Heydon,SG8,Cambridgeshire,England
High Cross,,Cambridgeshire,England
Highfields,CB3,Cambridgeshire,England
Hildersham,CB1,Cambridgeshire,England
Hilton,,Cambridgeshire,England
Hinxton,CB10,Cambridgeshire,England
Histon,CB4,Cambridgeshire,England
Holme,PE7,Cambridgeshire,England
Holywell,,Cambridgeshire,England
Hook,,Cambridgeshire,England
Horningsea,CB5,Cambridgeshire,England
Horseheath,CB1,Cambridgeshire,England
Horseway,PE16,Cambridgeshire,England
Houghton,,Cambridgeshire,England
Huntingdon,PE18,Cambridgeshire,England
Ickleton,CB10,Cambridgeshire,England
Impington,CB4,Cambridgeshire,England
Iron Bridge,,Cambridgeshire,England
Islands Common,,Cambridgeshire,England
Isleham,CB7,Cambridgeshire,England
Kennett,CB8,Cambridgeshire,England
Keyston,,Cambridgeshire,England
Kimbolton,PE18,Cambridgeshire,England
Kings Hedges,,Cambridgeshire,England
Kings Ripton,,Cambridgeshire,England
Kingston,CB3,Cambridgeshire,England
Kirtling,CB8,Cambridgeshire,England
Knapwell,CB3,Cambridgeshire,England
Kneesworth,SG8,Cambridgeshire,England
Kym,,Cambridgeshire,England
Landbeach,CB4,Cambridgeshire,England
Lark,,Cambridgeshire,England
Leighton Bromswold,,Cambridgeshire,England
Leverington,PE13,Cambridgeshire,England
Leverington Common,,Cambridgeshire,England
Litlington,SG8,Cambridgeshire,England
Little Abington,CB1,Cambridgeshire,England
Little Catworth,,Cambridgeshire,England
Little Ditton,,Cambridgeshire,England
Little Downham,CB6,Cambridgeshire,England
Little End,,Cambridgeshire,England
Little Eversden,CB3,Cambridgeshire,England
Little Gidding,,Cambridgeshire,England
Little Gransden,SG19,Cambridgeshire,England
Little Green,,Cambridgeshire,England
Little London,,Cambridgeshire,England
Little Ouse,,Cambridgeshire,England
Little Paxton,PE19,Cambridgeshire,England
Little Raveley,,Cambridgeshire,England
Little Shelford,CB2,Cambridgeshire,England
Little Stukeley,,Cambridgeshire,England
Little Thetford,CB6,Cambridgeshire,England
Little Wilbraham,CB1,Cambridgeshire,England
Littleport,CB6,Cambridgeshire,England
Lode,CB5,Cambridgeshire,England
Lolworth,CB3,Cambridgeshire,England
London End,,Cambridgeshire,England
Long Meadow,,Cambridgeshire,England
Longstanton,CB4,Cambridgeshire,England
Longstowe,CB3,Cambridgeshire,England
Longthorpe,PE3,Cambridgeshire,England
Madingley,CB3,Cambridgeshire,England
Manea,PE15,Cambridgeshire,England
March,PE15,Cambridgeshire,England
Marholm,PE6,Cambridgeshire,England
Maxey,PE6,Cambridgeshire,England
Melbourn,SG8,Cambridgeshire,England
Meldreth,SG8,Cambridgeshire,England
Mepal,CB6,Cambridgeshire,England
Middle Level Main Drain,,Cambridgeshire,England
Mile End,,Cambridgeshire,England
Mill End,,Cambridgeshire,England
Mill Green,,Cambridgeshire,England
Millfield,,Cambridgeshire,England
Milton,CB4,Cambridgeshire,England
Molesworth,,Cambridgeshire,England
Moor End,,Cambridgeshire,England
Morborne,PE7,Cambridgeshire,England
Morden Green,,Cambridgeshire,England
Murrow,PE13,Cambridgeshire,England
Needingworth,,Cambridgeshire,England
Nene,,Cambridgeshire,England
Nene Terrace,,Cambridgeshire,England
New Bedford River,,Cambridgeshire,England
New England,PE1,Cambridgeshire,England
New Fletton,,Cambridgeshire,England
New Wimpole,SG8,Cambridgeshire,England
New Wryde Drain,,Cambridgeshire,England
Newark,PE1,Cambridgeshire,England
Newborough,PE6,Cambridgeshire,England
Newnham,,Cambridgeshire,England
Newton,CB2,Cambridgeshire,England
Newtown,,Cambridgeshire,England
Norman Cross,PE7,Cambridgeshire,England
North Brook End,,Cambridgeshire,England
North Level Main Drain,,Cambridgeshire,England
North Side,PE6,Cambridgeshire,England
Northborough,PE6,Cambridgeshire,England
Norwoodside,,Cambridgeshire,England
Nosterfield End,,Cambridgeshire,England
Oakington,CB4,Cambridgeshire,England
Odsey,,Cambridgeshire,England
Offord Cluny,,Cambridgeshire,England
Old Bedford River,,Cambridgeshire,England
Old Fletton,PE2,Cambridgeshire,England
Old Hurst,,Cambridgeshire,England
Old Nene,,Cambridgeshire,England
Old Weston,,Cambridgeshire,England
Old Wimpole,,Cambridgeshire,England
Olmstead Green,,Cambridgeshire,England
Orton Brimbles,,Cambridgeshire,England
Orton Goldhay,,Cambridgeshire,England
Orton Longueville,PE2,Cambridgeshire,England
Orton Malbourne,,Cambridgeshire,England
Orton Southgate,,Cambridgeshire,England
Orton Waterville,PE2,Cambridgeshire,England
Orton Wistow,,Cambridgeshire,England
Orwell,SG8,Cambridgeshire,England
Over,CB4,Cambridgeshire,England
Over End,,Cambridgeshire,England
Owl End,,Cambridgeshire,England
Oxlode,,Cambridgeshire,England
Pampisford,CB2,Cambridgeshire,England
Papworth Everard,CB3,Cambridgeshire,England
Papworth St Agnes,CB3,Cambridgeshire,England
Park End,,Cambridgeshire,England
Parson Drove,PE13,Cambridgeshire,England
Paston,PE4,Cambridgeshire,England
Peakirk,PE6,Cambridgeshire,England
Peas Hill,,Cambridgeshire,England
Peterborough,PE1,Cambridgeshire,England
Pidley,,Cambridgeshire,England
Pilsgate,PE9,Cambridgeshire,England
Pondersbridge,,Cambridgeshire,England
Prickwillow,CB7,Cambridgeshire,England
Purls Bridge,PE15,Cambridgeshire,England
Pymoor (Pymore),,Cambridgeshire,England
Pymore (Pymoor),,Cambridgeshire,England
Queen Adelaide,CB7,Cambridgeshire,England
Rampton,CB4,Cambridgeshire,England
Ramsey,,Cambridgeshire,England
Ramsey Forty Foot,,Cambridgeshire,England
Ramsey Mereside,,Cambridgeshire,England
Ravensthorpe,PE3,Cambridgeshire,England
Reach,CB5,Cambridgeshire,England
Red Lodge,,Cambridgeshire,England
Rhee (Cam),,Cambridgeshire,England
River Bank,CB7,Cambridgeshire,England
Romsey Town,,Cambridgeshire,England
Sandhill,,Cambridgeshire,England
Sapley,,Cambridgeshire,England
Sawston,CB2,Cambridgeshire,England
Sawtry,PE17,Cambridgeshire,England
Saxon Street,CB8,Cambridgeshire,England
Second Drove,,Cambridgeshire,England
Shepreth,SG8,Cambridgeshire,England
Shingay,SG8,Cambridgeshire,England
Shudy Camps,CB1,Cambridgeshire,England
Sibson,PE8,Cambridgeshire,England
Snailwell,CB8,Cambridgeshire,England
Soham,CB7,Cambridgeshire,England
Soham Cotes,,Cambridgeshire,England
Somersham,,Cambridgeshire,England
Southoe,,Cambridgeshire,England
Southorpe,PE9,Cambridgeshire,England
Spaldwick,PE18,Cambridgeshire,England
St Ives,PE17,Cambridgeshire,England
St Neots,PE19,Cambridgeshire,England
Stanground,PE2,Cambridgeshire,England
Stapleford,CB2,Cambridgeshire,England
Staughton Green,PE19,Cambridgeshire,England
Staughton Highway,PE19,Cambridgeshire,England
Staughton Moor,,Cambridgeshire,England
Steeple Gidding,,Cambridgeshire,England
Steeple Morden,SG8,Cambridgeshire,England
Stetchworth,CB8,Cambridgeshire,England
Stibbington,PE8,Cambridgeshire,England
Stilton,PE7,Cambridgeshire,England
Stirtloe,,Cambridgeshire,England
Stonea,,Cambridgeshire,England
Stonely,,Cambridgeshire,England
Stour,,Cambridgeshire,England
Stow cum Quy,CB5,Cambridgeshire,England
Stow Longa,,Cambridgeshire,England
Streetly End,,Cambridgeshire,England
Stretham,CB6,Cambridgeshire,England
Stuntney,CB7,Cambridgeshire,England
Suspension Bridge,,Cambridgeshire,England
Sutton,CB6,Cambridgeshire,England
Sutton Gault,,Cambridgeshire,England
Swaffham Bulbeck,CB5,Cambridgeshire,England
Swaffham Prior,CB5,Cambridgeshire,England
Swavesey,CB4,Cambridgeshire,England
Swingbrow,PE16,Cambridgeshire,England
Tadlow,SG8,Cambridgeshire,England
Teversham,CB1,Cambridgeshire,England
The Green,,Cambridgeshire,England
The Hermitage,,Cambridgeshire,England
The Thrift,,Cambridgeshire,England
Tholomas Drove,PE13,Cambridgeshire,England
Thorney,PE6,Cambridgeshire,England
Thorney Toll,,Cambridgeshire,England
Thornhaugh,PE8,Cambridgeshire,England
Three Holes,PE14,Cambridgeshire,England
Thriplow,SG8,Cambridgeshire,England
Throckenholt,,Cambridgeshire,England
Tilbrook,,Cambridgeshire,England
Toft,CB3,Cambridgeshire,England
Toseland,PE19,Cambridgeshire,England
Town End,PE15,Cambridgeshire,England
Trumpington,CB2,Cambridgeshire,England
Turves,,Cambridgeshire,England
Twenty Foot River,,Cambridgeshire,England
Tydd Gote,PE13,Cambridgeshire,England
Tydd St Giles,PE13,Cambridgeshire,England
Ufford,PE9,Cambridgeshire,England
Upend,CB8,Cambridgeshire,England
Upton,PE5,Cambridgeshire,England
Upware,CB7,Cambridgeshire,England
Upwood,,Cambridgeshire,England
Walsoken,PE13,Cambridgeshire,England
Walton,PE4,Cambridgeshire,England
Wansford,PE8,Cambridgeshire,England
Warboys,PE17,Cambridgeshire,England
Wardy Hill,CB6,Cambridgeshire,England
Waresley,SG19,Cambridgeshire,England
Washingley,,Cambridgeshire,England
Water Newton,PE8,Cambridgeshire,England
Waterbeach,CB5,Cambridgeshire,England
Wendy,SG8,Cambridgeshire,England
Wennington,,Cambridgeshire,England
Wentworth,CB6,Cambridgeshire,England
Werrington,PE4,Cambridgeshire,England
West Deeping,PE6,Cambridgeshire,England
West Perry,,Cambridgeshire,England
West Wickham,CB1,Cambridgeshire,England
West Wratting,CB1,Cambridgeshire,England
Westley Waterless,CB8,Cambridgeshire,England
Weston Colville,CB1,Cambridgeshire,England
Weston Green,CB1,Cambridgeshire,England
Westry,PE15,Cambridgeshire,England
Westwick,CB4,Cambridgeshire,England
Westwood,,Cambridgeshire,England
Whaddon,SG8,Cambridgeshire,England
Whaddon Gap,SG8,Cambridgeshire,England
White Cross Hill,,Cambridgeshire,England
Whittlesey,PE7,Cambridgeshire,England
Whittlesford,CB2,Cambridgeshire,England
Wicken,CB7,Cambridgeshire,England
Widgham Green,,Cambridgeshire,England
Wilburton,CB6,Cambridgeshire,England
Willingham,CB4,Cambridgeshire,England
Willingham Green,,Cambridgeshire,England
Wimblington,PE15,Cambridgeshire,England
Winwick,,Cambridgeshire,England
Wisbech,PE13,Cambridgeshire,England
Wisbech St Mary,PE13,Cambridgeshire,England
Wistow,,Cambridgeshire,England
Witcham,CB6,Cambridgeshire,England
Witchford,CB6,Cambridgeshire,England
Wittering,PE8,Cambridgeshire,England
Woodditton,CB8,Cambridgeshire,England
Woodhurst,,Cambridgeshire,England
Woodston,PE2,Cambridgeshire,England
Woodwalton,,Cambridgeshire,England
Woolley,,Cambridgeshire,England
Yaxley,PE7,Cambridgeshire,England
Yelling,PE19,Cambridgeshire,England
