,,Cheshire,England
Acton,CW5,Cheshire,England
Acton Bridge,CW8,Cheshire,England
Adlington,SK10,Cheshire,England
Adswood,,Cheshire,England
Alderley Edge,SK9,Cheshire,England
Aldersey Green,CH3,Cheshire,England
Aldford,CH3,Cheshire,England
Aldford Brook,,Cheshire,England
Allostock,,Cheshire,England
Alpraham,CW6,Cheshire,England
Alsager,ST7,Cheshire,England
Altrincham,WA14,Cheshire,England
Alvanley,WA6,Cheshire,England
Anderton,CW8,Cheshire,England
Antrobus,CW9,Cheshire,England
Appleton,WA4,Cheshire,England
Appleton Park,,Cheshire,England
Appleton Thorn,WA4,Cheshire,England
Arclid,CW11,Cheshire,England
Arclid Green,,Cheshire,England
Arden Park,,Cheshire,England
Arley,CW9,Cheshire,England
Arley Green,,Cheshire,England
Arthill,,Cheshire,England
Ashley,WA15,Cheshire,England
Ashley Heath,,Cheshire,England
Ashton,CH3,Cheshire,England
Ashton Heath,,Cheshire,England
Astbury,CW12,Cheshire,England
Astle,,Cheshire,England
Astmoor,,Cheshire,England
Aston,CW5,Cheshire,England
Aston juxta Mondrum,CW5,Cheshire,England
Audlem,CW3,Cheshire,England
Backford,CH1,Cheshire,England
Backford Cross,,Cheshire,England
Balderton,,Cheshire,England
Balterley Heath,,Cheshire,England
Barbridge,,Cheshire,England
Barnett Brook,,Cheshire,England
Barnhill,,Cheshire,England
Barnton,CW8,Cheshire,England
Barrets Green,,Cheshire,England
Barrowmore Estate,,Cheshire,England
Barrows Green,,Cheshire,England
Barthomley,CW2,Cheshire,England
Barton,SY14,Cheshire,England
Bate Heath,CW9,Cheshire,England
Bath Vale,,Cheshire,England
Beechwood,,Cheshire,England
Beeston,CW6,Cheshire,England
Belgrave,,Cheshire,England
Betchton Heath,,Cheshire,England
Betley Common,,Cheshire,England
Bewsey,,Cheshire,England
Bickerton,SY14,Cheshire,England
Bickley Moss,SY14,Cheshire,England
Bickley Town,SY14,Cheshire,England
Bickleywood,,Cheshire,England
Birch Heath,CW6,Cheshire,England
Birchwood,WA3,Cheshire,England
Blackden Heath,CW4,Cheshire,England
Blackwood,,Cheshire,England
Blacon,CH1,Cheshire,England
Blakelow,,Cheshire,England
Blakenhall,CW5,Cheshire,England
Bollin,,Cheshire,England
Bollington,SK10,Cheshire,England
Bollington Cross,,Cheshire,England
Booth Bank,,Cheshire,England
Booth Green,,Cheshire,England
Boothsdale,,Cheshire,England
Boots Green,,Cheshire,England
Bostock Green,CW10,Cheshire,England
Boughton,CH3,Cheshire,England
Boughton Heath,,Cheshire,England
Bradfield Green,CW1,Cheshire,England
Bradley Green,,Cheshire,England
Bradley Mount,,Cheshire,England
Bradwall Green,CW11,Cheshire,England
Bramhall,,Cheshire,England
Bramhall Moor,,Cheshire,England
Bramhall Park,,Cheshire,England
Brassey Green,,Cheshire,England
Bredbury,,Cheshire,England
Bredbury Green,,Cheshire,England
Brereton Green,CW11,Cheshire,England
Brereton Heath,CW12,Cheshire,England
Brickhouses,,Cheshire,England
Bridgemere,CW5,Cheshire,England
Bridgewater Canal,,Cheshire,England
Brindley,,Cheshire,England
Brinnington,,Cheshire,England
Broken Cross,CW9,Cheshire,England
Brook Bottom,,Cheshire,England
Brookhouse,,Cheshire,England
Brookhouse Green,CW11,Cheshire,England
Brookvale,,Cheshire,England
Broomedge,WA13,Cheshire,England
Broomhall,,Cheshire,England
Broomhall Green,,Cheshire,England
Broomhill,,Cheshire,England
Brown Heath,,Cheshire,England
Brown Knowl,,Cheshire,England
Brownedge,,Cheshire,England
Brownlow,,Cheshire,England
Brownlow Heath,CW12,Cheshire,England
Broxton,CH3,Cheshire,England
Bruche,WA1,Cheshire,England
Bruera,CH3,Cheshire,England
Bryn,,Cheshire,England
Bucklow Hill,,Cheshire,England
Buckoak,,Cheshire,England
Budworth Heath,,Cheshire,England
Buerton,CW3,Cheshire,England
Buglawton,,Cheshire,England
Bulkeley,SY14,Cheshire,England
Bunbury,CW6,Cheshire,England
Bunbury Heath,,Cheshire,England
Bunkers Hill,,Cheshire,England
Bunsley Bank,,Cheshire,England
Burford,,Cheshire,England
Burland,CW5,Cheshire,England
Burton,CW6,Cheshire,England
Burtonwood,WA5,Cheshire,England
Burwardsley,CH3,Cheshire,England
Butley Town,,Cheshire,England
Butt Green,CW5,Cheshire,England
Byley,CW10,Cheshire,England
Cadishead,,Cheshire,England
Cale Green,,Cheshire,England
Callands,,Cheshire,England
Calrofold,,Cheshire,England
Calveley,CW6,Cheshire,England
Capenhurst,CH1,Cheshire,England
Carden Brook,,Cheshire,England
Carr Green,,Cheshire,England
Castle Hill,,Cheshire,England
Castlefields,,Cheshire,England
Castletown,,Cheshire,England
Chadkirk,,Cheshire,England
Chapel End,,Cheshire,England
Cheadle,,Cheshire,England
Cheadle Heath,,Cheshire,England
Cheadle Hulme,,Cheshire,England
Checkley,CW5,Cheshire,England
Checkley Brook,,Cheshire,England
Checkley Green,,Cheshire,England
Chelford,SK10,Cheshire,England
Cherry Tree,,Cheshire,England
Chester,CH1,Cheshire,England
Childer Thornton,,Cheshire,England
Cholmondeston,,Cheshire,England
Chorley,CW5,Cheshire,England
Chorlton,CW2,Cheshire,England
Chorlton Lane,SY14,Cheshire,England
Christleton,CH3,Cheshire,England
Church Hill,,Cheshire,England
Church Lawton,ST7,Cheshire,England
Church Minshull,CW5,Cheshire,England
Churton,CH3,Cheshire,England
Cinnamon Brow,,Cheshire,England
Clark Green,,Cheshire,England
Clifton,,Cheshire,England
Clive,,Cheshire,England
Clive Green,,Cheshire,England
Clotton,CW6,Cheshire,England
Clotton Common,,Cheshire,England
Clutton,CH3,Cheshire,England
Cobbs,,Cheshire,England
Coddington,CH3,Cheshire,England
Cold Moss Heath,,Cheshire,England
Collins Green,WA5,Cheshire,England
Comberbach,CW9,Cheshire,England
Common Side,,Cheshire,England
Commonside,,Cheshire,England
Compstall,,Cheshire,England
Congleton,CW12,Cheshire,England
Congleton Edge,,Cheshire,England
Cooksongreen,,Cheshire,England
Coppenhall,,Cheshire,England
Coppenhall Moss,CW1,Cheshire,England
Copthorne,,Cheshire,England
Cotebrook,CW6,Cheshire,England
Cranage,CW4,Cheshire,England
Crewe,CH3,Cheshire,England
Crewe-by-Farndon,,Cheshire,England
Croft,WA3,Cheshire,England
Cross Lane,,Cheshire,England
Cross Town,,Cheshire,England
Crow Wood,,Cheshire,England
Crowton,CW8,Cheshire,England
Croxton Green,SY14,Cheshire,England
Cuddington,CW8,Cheshire,England
Cuddington Heath,SY14,Cheshire,England
Cuerdley Cross,,Cheshire,England
Culcheth,WA3,Cheshire,England
Dale Brow,,Cheshire,England
Dallam,WA2,Cheshire,England
Dane,,Cheshire,England
Dane in Shaw,,Cheshire,England
Danebank,,Cheshire,England
Danebridge,SK11,Cheshire,England
Danes Moss,,Cheshire,England
Daresbury,WA4,Cheshire,England
Daresbury Delph,,Cheshire,England
Davenham,CW9,Cheshire,England
Davenport,,Cheshire,England
Davenport Green,,Cheshire,England
Day Green,,Cheshire,England
Dean,,Cheshire,England
Dean Row,SK9,Cheshire,England
Deansgreen,,Cheshire,England
Dee,,Cheshire,England
Delamere,CW8,Cheshire,England
Disley,SK12,Cheshire,England
Ditton,WA8,Cheshire,England
Dodleston,CH4,Cheshire,England
Doe Green,,Cheshire,England
Dones Green,,Cheshire,England
Duckington,SY14,Cheshire,England
Duddon,CW6,Cheshire,England
Duddon Common,,Cheshire,England
Dudlows Green,,Cheshire,England
Dunhum-On-The-Hill,,Cheshire,England
Dunkirk,,Cheshire,England
Dutton,WA4,Cheshire,England
Eaton,CW12,Cheshire,England
Eaton Hall,CH4,Cheshire,England
Ebnal,,Cheshire,England
Ebnall,,Cheshire,England
Eccleston,CH4,Cheshire,England
Edge Green,,Cheshire,England
Edgeley,SY13,Cheshire,England
Egerton Green,SY14,Cheshire,England
Ellesmere Port,L65,Cheshire,England
Elton,CH2,Cheshire,England
Elton Green,,Cheshire,England
Elworth,CW11,Cheshire,England
Englesea-brook,CW2,Cheshire,England
Etherow,,Cheshire,England
Ettiley Heath,,Cheshire,England
Faddiley,CW5,Cheshire,England
Fanshowe,,Cheshire,England
Farnworth,WA8,Cheshire,England
Fearnhead,WA2,Cheshire,England
Feldy,,Cheshire,England
Finney Green,,Cheshire,England
Fivecrosses,,Cheshire,England
Foggbrook,,Cheshire,England
Fourlanes End,CW11,Cheshire,England
Fowley Common,,Cheshire,England
Foxwist Green,CW7,Cheshire,England
Frandley,,Cheshire,England
Frodsham,WA6,Cheshire,England
Fullers Moor,,Cheshire,England
Fulshaw Park,,Cheshire,England
Gallantry Bank,SY14,Cheshire,England
Gatesheath,CH3,Cheshire,England
Gatley,,Cheshire,England
Gauntons Bank,,Cheshire,England
Gawsworth,SK11,Cheshire,England
Gemini,,Cheshire,England
Gibb Hill,,Cheshire,England
Gillbent,,Cheshire,England
Ginclough,,Cheshire,England
Glaze Brook,,Cheshire,England
Glazebrook,WA3,Cheshire,England
Glazebury,WA3,Cheshire,England
Gleadmoss,,Cheshire,England
Goldborne Brook,,Cheshire,England
Goostrey,CW4,Cheshire,England
Gorse Covert,,Cheshire,England
Gorstage,,Cheshire,England
Gorstella,,Cheshire,England
Gorstyhill,,Cheshire,England
Gowy,,Cheshire,England
Goyt,,Cheshire,England
Grange,,Cheshire,England
Grappenhall,WA4,Cheshire,England
Gravel,,Cheshire,England
Great Barrow,CH3,Cheshire,England
Great Budworth,CW9,Cheshire,England
Great Moor,,Cheshire,England
Great Sankey,WA5,Cheshire,England
Great Sutton,L66,Cheshire,England
Greave,,Cheshire,England
Greenbank,,Cheshire,England
Greendale,,Cheshire,England
Greenlooms,,Cheshire,England
Guilden Sutton,CH3,Cheshire,England
Gurnett,,Cheshire,England
Hack Green,,Cheshire,England
Hague Bar,,Cheshire,England
Hale,WA15,Cheshire,England
Hale Bank,WA8,Cheshire,England
Hall Green,,Cheshire,England
Hallowsgate,,Cheshire,England
Halton,WA7,Cheshire,England
Halton Brook,,Cheshire,England
Halton View,,Cheshire,England
Hampton Green,,Cheshire,England
Hampton Heath,SY14,Cheshire,England
Hand Green,,Cheshire,England
Handbridge,CH4,Cheshire,England
Handforth,SK9,Cheshire,England
Handley,CH3,Cheshire,England
Hankelow,CW3,Cheshire,England
Hapsford,WA6,Cheshire,England
Harden Park,,Cheshire,England
Hargrave,CH3,Cheshire,England
Hartford,CW8,Cheshire,England
Hartfordbeach,,Cheshire,England
Harthill,CH3,Cheshire,England
Haslington,CW1,Cheshire,England
Hassall,CW11,Cheshire,England
Hassall Green,CW11,Cheshire,England
Hatchmere,WA6,Cheshire,England
Hatherton,CW5,Cheshire,England
Hatton,WA4,Cheshire,England
Hatton Heath,CH3,Cheshire,England
Haughton Moss,CW6,Cheshire,England
Havannah,,Cheshire,England
Hawk Green,,Cheshire,England
Haymoor Green,,Cheshire,England
Hazel Grove,,Cheshire,England
Heald Green,,Cheshire,England
Heath,,Cheshire,England
Heatley,WA13,Cheshire,England
Heaton Chapel,,Cheshire,England
Heaton Mersey,,Cheshire,England
Heaton Moor,,Cheshire,England
Heaton Norris,,Cheshire,England
Heaviley,,Cheshire,England
Hebden Green,CW7,Cheshire,England
Helsby,WA6,Cheshire,England
Henbury,SK10,Cheshire,England
Hermitage Green,,Cheshire,England
Hetherson Green,,Cheshire,England
High Lane,,Cheshire,England
High Legh,WA16,Cheshire,England
Higher Burwardsley,,Cheshire,England
Higher Chisworth,,Cheshire,England
Higher Disley,,Cheshire,England
Higher Hurdsfield,,Cheshire,England
Higher Poynton,,Cheshire,England
Higher Runcorn,,Cheshire,England
Higher Shurlach,,Cheshire,England
Higher Walton,WA4,Cheshire,England
Higher Whitley,WA4,Cheshire,England
Higher Wincham,,Cheshire,England
Highlane,SK11,Cheshire,England
Hightown,CW12,Cheshire,England
Hillcliffe,,Cheshire,England
Hinderton,,Cheshire,England
Hob Hill,,Cheshire,England
Hockley,,Cheshire,England
Hodgehill,,Cheshire,England
Hollinfare,,Cheshire,England
Hollins Green,WA3,Cheshire,England
Hollinsgreen,,Cheshire,England
Hollowmoor Heath,,Cheshire,England
Holmes Chapel,CW4,Cheshire,England
Hoo Green,,Cheshire,England
Hood Manor,,Cheshire,England
Hoofield,,Cheshire,England
Hoole,CH2,Cheshire,England
Hoole Bank,,Cheshire,England
Hooton,L66,Cheshire,England
Hope Green,,Cheshire,England
Horton Green,SY14,Cheshire,England
Hough,CW2,Cheshire,England
Houghton Green,,Cheshire,England
Howbeck Bank,,Cheshire,England
Howley,,Cheshire,England
Hulme,,Cheshire,England
Hulme Walfield,CW12,Cheshire,England
Hulseheath,,Cheshire,England
Hunsterson,,Cheshire,England
Huntington,CH3,Cheshire,England
Hurdsfield,SK10,Cheshire,England
Huxley,CH3,Cheshire,England
Illidge Green,,Cheshire,England
Ince,CH2,Cheshire,England
Jodrell Bank,SK11,Cheshire,England
Keckwick,WA4,Cheshire,England
Kelsall,CW6,Cheshire,England
Kemincham,,Cheshire,England
Kenyon,WA3,Cheshire,England
Kerridge,SK10,Cheshire,England
Kerridge-end,,Cheshire,England
Kettleshulme,SK12,Cheshire,England
Key Green,CW12,Cheshire,England
Kidnal,,Cheshire,England
Kingsley,WA6,Cheshire,England
Kingsway,,Cheshire,England
Kingswood,,Cheshire,England
Kinsey Heath,,Cheshire,England
Knolls Green,WA16,Cheshire,England
Knutsford,WA16,Cheshire,England
Lacey Green,,Cheshire,England
Lach Dennis,CW9,Cheshire,England
Lache,CH4,Cheshire,England
Lane Ends,,Cheshire,England
Langley,SK11,Cheshire,England
Larden Green,CW5,Cheshire,England
Latchford,WA4,Cheshire,England
Lawton Heath End,,Cheshire,England
Lawton-gate,,Cheshire,England
Lea by Backford,,Cheshire,England
Lea Forge,,Cheshire,England
Ledsham,,Cheshire,England
Leftwich,,Cheshire,England
Ley Hey Park,,Cheshire,England
Lightwood Green,CW3,Cheshire,England
Lindow End,,Cheshire,England
Little Barrow,,Cheshire,England
Little Bollington,WA14,Cheshire,England
Little Budworth,CW6,Cheshire,England
Little Heath,,Cheshire,England
Little Leigh,CW8,Cheshire,England
Little Moor,,Cheshire,England
Little Neston,,Cheshire,England
Little Stanney,CH2,Cheshire,England
Little Sutton,,Cheshire,England
Little Town,,Cheshire,England
Littler,,Cheshire,England
Littleton,CH3,Cheshire,England
Llangollen Canal,,Cheshire,England
Locking Stumps,,Cheshire,England
Long Green,,Cheshire,England
Longbarn,,Cheshire,England
Longford,WA2,Cheshire,England
Longmoss,,Cheshire,England
Lostock Gralam,CW9,Cheshire,England
Lostock Green,CW9,Cheshire,England
Lowcross Hill,,Cheshire,England
Lower Bredbury,,Cheshire,England
Lower Bunbury,,Cheshire,England
Lower Carden,,Cheshire,England
Lower Heath,,Cheshire,England
Lower House,,Cheshire,England
Lower Peover,WA16,Cheshire,England
Lower Pexhill,,Cheshire,England
Lower Stretton,,Cheshire,England
Lower Walton,WA4,Cheshire,England
Lower Whitley,WA4,Cheshire,England
Lower Withington,SK11,Cheshire,England
Lowerhouse,,Cheshire,England
Lugsdale,,Cheshire,England
Lunts Heath,,Cheshire,England
Lyme Green,,Cheshire,England
Lymm,WA13,Cheshire,England
Macclesfield,SK10,Cheshire,England
Macclesfield Canal,,Cheshire,England
Macclesfield Forest,SK11,Cheshire,England
Malpas,SY14,Cheshire,England
Manchester Ship Canal,,Cheshire,England
Manley,WA6,Cheshire,England
Manley Common,,Cheshire,England
Manor Park,,Cheshire,England
Marbury,SY13,Cheshire,England
Marley Green,SY13,Cheshire,England
Marple,,Cheshire,England
Marple Bridge,,Cheshire,England
Marpleridge,,Cheshire,England
Marsh Green,,Cheshire,England
Marshfield Bank,,Cheshire,England
Marston,CW9,Cheshire,England
Marthall,WA16,Cheshire,England
Martinscroft,WA1,Cheshire,England
Marton,SK11,Cheshire,England
Marton Green,,Cheshire,England
Maw Green,,Cheshire,England
Meadowbank,,Cheshire,England
Mellor,,Cheshire,England
Mere,WA16,Cheshire,England
Mere Heath,,Cheshire,England
Mersey,,Cheshire,England
Mickle Trafford,CH2,Cheshire,England
Middlewich,CW10,Cheshire,England
Middlewood,SK12,Cheshire,England
Midway,,Cheshire,England
Mill Brow,,Cheshire,England
Milners Heath,,Cheshire,England
Milton Green,CH3,Cheshire,England
Mobberley,WA16,Cheshire,England
Moblake,,Cheshire,England
Mollington,CH1,Cheshire,England
Moore,WA4,Cheshire,England
Moorend,,Cheshire,England
Moorside,,Cheshire,England
Morley,,Cheshire,England
Morley Green,SK9,Cheshire,England
Moss Bank,,Cheshire,England
Moss End,,Cheshire,England
Moss Houses,,Cheshire,England
Moss Lane,,Cheshire,England
Mossley,,Cheshire,England
Moston,CH2,Cheshire,England
Moston Green,,Cheshire,England
Mottram St Andrew,SK10,Cheshire,England
Mouldsworth,CH3,Cheshire,England
Moulton,CW9,Cheshire,England
Mount Pleasant,,Cheshire,England
Mow Cop,ST7,Cheshire,England
Murdishaw,,Cheshire,England
Nantwich,CW5,Cheshire,England
Ness,,Cheshire,England
Nessholt,,Cheshire,England
Neston,L64,Cheshire,England
Nether Alderley,SK10,Cheshire,England
Netherton,WA6,Cheshire,England
New Lane End,,Cheshire,England
New Mills,SK12,Cheshire,England
New Pale,,Cheshire,England
Newhall,CW5,Cheshire,England
Newsbank,,Cheshire,England
Newton,CH3,Cheshire,England
Newtonia,,Cheshire,England
Newtown,CH3,Cheshire,England
No Mans Heath,,Cheshire,England
Noonsun,,Cheshire,England
Norbury,SY13,Cheshire,England
Norbury Common,,Cheshire,England
Norbury Moor,,Cheshire,England
Norcott Brook,,Cheshire,England
Norley,WA6,Cheshire,England
North Reddish,,Cheshire,England
North Rode,CW12,Cheshire,England
Northwich,CW9,Cheshire,England
Nova Scotia,,Cheshire,England
Oakgrove,SK11,Cheshire,England
Oakhanger,,Cheshire,England
Oakmere,,Cheshire,England
Oakwood,,Cheshire,England
Occlestone Green,CW10,Cheshire,England
Offerton,,Cheshire,England
Offerton Green,,Cheshire,England
Oldcastle Heath,SY14,Cheshire,England
Ollerton,WA16,Cheshire,England
Orford,WA2,Cheshire,England
Oscroft,CH3,Cheshire,England
Oughtrington,,Cheshire,England
Outlet Village,,Cheshire,England
Over,CW7,Cheshire,England
Over Knutsford,,Cheshire,England
Over Peover,WA16,Cheshire,England
Over Tabley,WA16,Cheshire,England
Overpool,,Cheshire,England
Overton,,Cheshire,England
Paddington,WA1,Cheshire,England
Paddockhill,,Cheshire,England
Padgate,WA2,Cheshire,England
Palacefields,,Cheshire,England
Parkgate,,Cheshire,England
Peak Forest Canal,,Cheshire,England
Peckforton,CW6,Cheshire,England
Penketh,WA5,Cheshire,England
Peover Eye,,Cheshire,England
Peover Heath,WA16,Cheshire,England
Pewterspear,,Cheshire,England
Pickmere,CW9,Cheshire,England
Picton,CH2,Cheshire,England
Pinsley Green,,Cheshire,England
Plemstall,,Cheshire,England
Plumley,WA16,Cheshire,England
Pocket Nook,,Cheshire,England
Portwood,,Cheshire,England
Pott Shrigley,SK10,Cheshire,England
Poulton,,Cheshire,England
Pownall Park,,Cheshire,England
Poynton,SK12,Cheshire,England
Prestbury,SK10,Cheshire,England
Preston Brook,WA7,Cheshire,England
Preston on the Hill,WA4,Cheshire,England
Prince Hill,,Cheshire,England
Puddinglake,CW10,Cheshire,England
Puddington,,Cheshire,England
Quarrybank,CW6,Cheshire,England
Quoisley,,Cheshire,England
Radmore Green,,Cheshire,England
Radway Green,CW1,Cheshire,England
Rainford Brook,,Cheshire,England
Rainow,SK10,Cheshire,England
Rainowlow,,Cheshire,England
Ravensmoor,CW5,Cheshire,England
Rease Heath,CW5,Cheshire,England
Red Bull,,Cheshire,England
Reddish,,Cheshire,England
Rhuddall Heath,,Cheshire,England
Risley,WA3,Cheshire,England
Rixton,WA3,Cheshire,England
Rocksavage,,Cheshire,England
Rode Heath,ST7,Cheshire,England
Rodeheath,CW12,Cheshire,England
Romiley,,Cheshire,England
Rostherne,WA16,Cheshire,England
Row-of-trees,,Cheshire,England
Rowton,CH3,Cheshire,England
Rowton Moor,,Cheshire,England
Rudheath,CW9,Cheshire,England
Rudheath Woods,,Cheshire,England
Ruloe,,Cheshire,England
Runcorn,WA7,Cheshire,England
Rushgreen,,Cheshire,England
Rushton,CW6,Cheshire,England
Saighton,CH3,Cheshire,England
Salterswall,CW7,Cheshire,England
Sandbach,CW11,Cheshire,England
Sandbach Heath,,Cheshire,England
Sandiway,CW8,Cheshire,England
Sandlow Green,,Cheshire,England
Sankey Bridges,,Cheshire,England
Sankey Brook,,Cheshire,England
Saughall,CH1,Cheshire,England
Scholar Green,ST7,Cheshire,England
School Green,,Cheshire,England
Shavington,CW2,Cheshire,England
Shaw Heath,,Cheshire,England
Shell Green,,Cheshire,England
Shocklach,SY14,Cheshire,England
Shocklach Green,,Cheshire,England
"Shropshire Canal, Middlewich Branch",,Cheshire,England
Shropshire Union Canal,,Cheshire,England
Siddington,SK11,Cheshire,England
Siddington Heath,,Cheshire,England
Skellorn Green,,Cheshire,England
Slaughter Hill,,Cheshire,England
Smallwood,,Cheshire,England
Smethwick Green,,Cheshire,England
Smiths Green,,Cheshire,England
Smithy Green,WA16,Cheshire,England
Snape Brook,,Cheshire,England
Snow Hill,,Cheshire,England
Somerford,,Cheshire,England
Sound,CW5,Cheshire,England
Sound Heath,,Cheshire,England
South Reddish,,Cheshire,England
Southgate,,Cheshire,England
Spen Green,CW11,Cheshire,England
Sproston Green,CW4,Cheshire,England
Spurstow,CW6,Cheshire,England
St Helens Canal,,Cheshire,England
Stamford Bridge,,Cheshire,England
Stanley Green,,Cheshire,England
Stanlow,,Cheshire,England
Stapeley,CW5,Cheshire,England
Statham,WA13,Cheshire,England
Stepping Hill,,Cheshire,England
Stoak,CH2,Cheshire,England
Stockport,,Cheshire,England
Stockton Heath,WA4,Cheshire,England
Stoneley Green,,Cheshire,England
Stretton,SY14,Cheshire,England
Strines,,Cheshire,England
Stud Green,,Cheshire,England
Styal,SK9,Cheshire,England
Sutton Green,,Cheshire,England
Sutton Lane Ends,SK11,Cheshire,England
Sutton Weaver,WA7,Cheshire,England
Swan Green,,Cheshire,England
Swanbach,CW3,Cheshire,England
Swanwick Green,,Cheshire,England
Swettenham,CW12,Cheshire,England
Sworton Heath,WA16,Cheshire,England
Sydney,,Cheshire,England
Tabley Hill,,Cheshire,England
Tarporley,CW6,Cheshire,England
Tarvin,CH3,Cheshire,England
Tarvin Sands,CH3,Cheshire,England
Tattenhall,CH3,Cheshire,England
Tatton Dale,,Cheshire,England
The Bank,,Cheshire,England
The Banks,,Cheshire,England
The Barony,,Cheshire,England
The Marsh,,Cheshire,England
The Valley,,Cheshire,England
Thelwall,WA4,Cheshire,England
Thorns Green,,Cheshire,England
Thornton-le-Moors,CH2,Cheshire,England
Thurlwood,,Cheshire,England
Tilston,SY14,Cheshire,England
Tilstone Bank,,Cheshire,England
Tilstone Fearnall,CW6,Cheshire,England
Timbersbrook,CW12,Cheshire,England
Tiverton,CW6,Cheshire,England
Torkington,,Cheshire,England
Tower Hill,,Cheshire,England
Town Fields,,Cheshire,England
Trent and Mersey Canal,,Cheshire,England
Twemlow Green,,Cheshire,England
Twiss Green,WA3,Cheshire,England
Two Mills,,Cheshire,England
Tytherington,SK10,Cheshire,England
Upton,CH2,Cheshire,England
Upton Heath,,Cheshire,England
Upton Rocks,,Cheshire,England
Utkinton,,Cheshire,England
Vicarscross,,Cheshire,England
Vulcan Village,,Cheshire,England
Wades Green,,Cheshire,England
Walgherton,CW5,Cheshire,England
Walker Barn,,Cheshire,England
Warburton Green,,Cheshire,England
Wardle,CW5,Cheshire,England
Wardle Bank,,Cheshire,England
Wardsend,,Cheshire,England
Wargrave,,Cheshire,England
Warmingham,CW11,Cheshire,England
Warren,SK11,Cheshire,England
Warrington,WA1,Cheshire,England
Waverton,CH3,Cheshire,England
Weaver,,Cheshire,England
Weaverham,CW8,Cheshire,England
Weetwood Common,,Cheshire,England
Wells Green,,Cheshire,England
Werneth Low,,Cheshire,England
Wervin,CH2,Cheshire,England
West Bank,,Cheshire,England
West Heath,,Cheshire,England
Westbrook,,Cheshire,England
Weston,CW2,Cheshire,England
Weston Point,WA7,Cheshire,England
Westy,,Cheshire,England
Wettenhall,CW7,Cheshire,England
Wettenhall Green,CW7,Cheshire,England
Wharton,CW7,Cheshire,England
Wharton Green,,Cheshire,England
Wheelock,CW11,Cheshire,England
Wheelock Heath,,Cheshire,England
Whirley Grove,,Cheshire,England
Whisterfield,,Cheshire,England
Whitby,,Cheshire,England
Whitbyheath,,Cheshire,England
Whitegate,CW8,Cheshire,England
Whiteley Green,,Cheshire,England
Whitley Reed,,Cheshire,England
Widnes,WA8,Cheshire,England
Wildboarclough,SK11,Cheshire,England
Wilderspool,,Cheshire,England
Wilkesley,SY13,Cheshire,England
Willaston,CW5,Cheshire,England
Willington Corner,CW6,Cheshire,England
Willow Green,,Cheshire,England
Wilmslow,SK9,Cheshire,England
Wilmslow Park,,Cheshire,England
Wimbolds Trafford,,Cheshire,England
Wincham,CW9,Cheshire,England
Wincham Brook,,Cheshire,England
Wincle,SK11,Cheshire,England
Windle Hill,,Cheshire,England
Windlehurst,,Cheshire,England
Windmill Hill,,Cheshire,England
Windyharbour,,Cheshire,England
Winnington,,Cheshire,England
Winsford,CW7,Cheshire,England
Winterley,CW11,Cheshire,England
Winwick,WA2,Cheshire,England
Winwick Quay,,Cheshire,England
Wirswall,SY13,Cheshire,England
Wistaston,CW2,Cheshire,England
Wistaston Green,,Cheshire,England
Withington Green,SK11,Cheshire,England
Wolverham,,Cheshire,England
Wood Lanes,,Cheshire,England
Woodbank,,Cheshire,England
Woodend,,Cheshire,England
Woodford,,Cheshire,England
Woodhey Green,,Cheshire,England
Woodhouses,,Cheshire,England
Woodley,,Cheshire,England
Woods Moor,,Cheshire,England
Woodside,,Cheshire,England
Woodworth Green,,Cheshire,England
Woolstanwood,,Cheshire,England
Woolston,WA1,Cheshire,England
Worleston,CW5,Cheshire,England
Wornish Nook,,Cheshire,England
Wrenbury,CW5,Cheshire,England
Wrights Green,,Cheshire,England
Wybunbury,CW5,Cheshire,England
