,,Devon,England
Abbey,,Devon,England
Abbey Gate,,Devon,England
Abbots Bickington,EX22,Devon,England
Abbotsham,EX39,Devon,England
Abbotskerswell,TQ12,Devon,England
Abbotsleigh,,Devon,England
Aish,,Devon,England
Alfington,EX11,Devon,England
All Saints,,Devon,England
Allaleigh,TQ9,Devon,England
Aller,,Devon,England
Aller Grove,,Devon,England
Aller Park,,Devon,England
Allercombe,,Devon,England
Alminstone Cross,,Devon,England
Alphington,EX2,Devon,England
Alston,EX13,Devon,England
Alswear,EX36,Devon,England
Alverdiscott,EX31,Devon,England
Alwington,,Devon,England
Appledore,EX39,Devon,England
Arlington,EX31,Devon,England
Arlington Beccott,,Devon,England
Ash,EX20,Devon,England
Ash Hill,,Devon,England
Ash Mill,EX36,Devon,England
Ash Moor,,Devon,England
Ash Thomas,EX16,Devon,England
Ashburton,TQ13,Devon,England
Ashbury,EX20,Devon,England
Ashcombe,EX7,Devon,England
Ashculme,,Devon,England
Ashford,EX31,Devon,England
Ashill,EX15,Devon,England
Ashmansworthy,EX39,Devon,England
Ashmill,,Devon,England
Ashprington,TQ9,Devon,England
Ashreigney,EX18,Devon,England
Ashridge Court,,Devon,England
Ashwater,EX21,Devon,England
Ashwell,,Devon,England
Atherington,EX37,Devon,England
Aunk,EX15,Devon,England
Aveton Gifford,TQ7,Devon,England
Avon,,Devon,England
Avonwick,TQ10,Devon,England
Awliscombe,EX14,Devon,England
Axe,,Devon,England
Axminster,EX13,Devon,England
Axmouth,EX12,Devon,England
Axtown,,Devon,England
Aylesbeare,EX5,Devon,England
Ayshford,EX16,Devon,England
Babbacombe,TQ1,Devon,England
Babeny,TQ13,Devon,England
Badworthy,,Devon,England
Baggy Point,,Devon,England
Ballhill,,Devon,England
Bampton,EX16,Devon,England
Bantham,TQ7,Devon,England
Barbican,PL4,Devon,England
Barbrook,EX35,Devon,England
Barne Barton,,Devon,England
Barnstaple,EX31,Devon,England
Barton,TQ2,Devon,England
Barton Gate,,Devon,England
Barton Town,,Devon,England
Barwick,,Devon,England
Batherm,,Devon,England
Batson,,Devon,England
Batsworthy,,Devon,England
Battledown Cross,,Devon,England
Batworthy,,Devon,England
Beacon,EX14,Devon,England
Beaford,EX19,Devon,England
Beare,,Devon,England
Beaworthy,EX21,Devon,England
Beer,EX12,Devon,England
Beer Head,,Devon,England
Beesands,TQ7,Devon,England
Beeson,TQ7,Devon,England
Bellever,PL20,Devon,England
Belsford,TQ9,Devon,England
Belstone,EX20,Devon,England
Belstone Corner,EX20,Devon,England
Bennah,,Devon,England
Benton,EX32,Devon,England
Bentwichen,,Devon,England
Bere Alston,PL20,Devon,England
Bere Ferrers,PL20,Devon,England
Berry Cross,,Devon,England
Berry Down Cross,,Devon,England
Berry Head,,Devon,England
Berry Pomeroy,TQ9,Devon,England
Berrynarbor,EX34,Devon,England
Berrysbridge,,Devon,England
Bickerton,,Devon,England
Bickingcott,,Devon,England
Bickington,EX31,Devon,England
Bickleigh,EX16,Devon,England
Bickleton,EX31,Devon,England
Bideford,EX39,Devon,England
Bidlake,,Devon,England
Bigbury,TQ7,Devon,England
Bigbury-on-Sea,TQ7,Devon,England
Billacombe,,Devon,England
Bilsdon,,Devon,England
Birchill,,Devon,England
Bish Mill,,Devon,England
Bishopsteignton,TQ14,Devon,England
Bishopswood,,Devon,England
Bittadon,EX31,Devon,England
Bittaford,PL21,Devon,England
Black Dog,EX17,Devon,England
Black Torrington,EX21,Devon,England
Blackawton,TQ9,Devon,England
Blackborough,EX15,Devon,England
Blackhorse,,Devon,England
Blackmoor Gate,EX31,Devon,England
Blackpool,,Devon,England
Blackpool Corner,,Devon,England
Blackwell,,Devon,England
Blagdon,TQ3,Devon,England
Blannicombe,,Devon,England
Blegbury,,Devon,England
Boasley Cross,EX20,Devon,England
Bocombe,,Devon,England
Bodley,,Devon,England
Bodmiscombe,,Devon,England
Bolberry,TQ7,Devon,England
Bolham,EX16,Devon,England
Bolham Water,EX15,Devon,England
Bolt Head,,Devon,England
Bolt Tail,,Devon,England
Bondleigh,EX20,Devon,England
Bonehill,,Devon,England
Boode,,Devon,England
Bottreaux Mill,,Devon,England
Bovey,,Devon,England
Bovey Tracey,TQ13,Devon,England
Bow,EX17,Devon,England
Bowd,EX10,Devon,England
Bowden,TQ6,Devon,England
Bradaford,,Devon,England
Bradfield,,Devon,England
Bradford,EX22,Devon,England
Bradiford,,Devon,England
Bradninch,EX5,Devon,England
Bradstone,PL19,Devon,England
Bradwell,,Devon,England
Bradworthy,EX22,Devon,England
Brampford Speke,EX5,Devon,England
Brandis Corner,EX22,Devon,England
Branscombe,EX12,Devon,England
Bratton Clovelly,EX20,Devon,England
Bratton Fleming,EX32,Devon,England
Braunton,EX33,Devon,England
Bray,,Devon,England
Brayford,EX32,Devon,England
Brayfordhill,,Devon,England
Brealeys,,Devon,England
Brendon,EX35,Devon,England
Brent Mill,,Devon,England
Bridestowe,EX20,Devon,England
Bridford,EX6,Devon,England
Bridfordmills,,Devon,England
Bridge Ball,,Devon,England
Bridge End,,Devon,England
Bridge Reeve,,Devon,England
Bridgend,,Devon,England
Bridgerule,EX22,Devon,England
Bridgetown,PL15,Devon,England
Brightley,,Devon,England
Brimley,TQ13,Devon,England
Brinsworthy,,Devon,England
Brithem Bottom,EX15,Devon,England
Brixham,TQ5,Devon,England
Brixton,PL8,Devon,England
Broad Oak,,Devon,England
Broad Parkham,,Devon,England
Broadbury,,Devon,England
Broadclyst,,Devon,England
Broadhembury,EX14,Devon,England
Broadhempston,TQ9,Devon,England
Broadlands,,Devon,England
Broadsands,,Devon,England
Broadwoodkelly,,Devon,England
Broadwoodwidger,PL16,Devon,England
Brockfield,,Devon,England
Brockscombe,,Devon,England
Brook,,Devon,England
Brookleigh,,Devon,England
Broom,,Devon,England
Brownheath,,Devon,England
Brownston,PL21,Devon,England
Brushford,,Devon,England
Brynsworthy,,Devon,England
Buckerell,EX14,Devon,England
Buckfast,TQ11,Devon,England
Buckfastleigh,TQ11,Devon,England
Buckhorn,,Devon,England
Buckland,TQ7,Devon,England
Buckland Brewer,EX39,Devon,England
Buckland Filleigh,EX21,Devon,England
Buckland in the Moor,TQ13,Devon,England
Buckland Monachorum,PL20,Devon,England
Buckleigh,,Devon,England
Budlake,EX5,Devon,England
Budleigh Salterton,EX9,Devon,England
Bugford,,Devon,England
Bulkworthy,EX22,Devon,England
Bull Point,,Devon,England
Bulverton,,Devon,England
Burford,,Devon,England
Burlescombe,EX16,Devon,England
Burlestone,,Devon,England
Burnstone,,Devon,England
Burridge,,Devon,England
Burrington,EX37,Devon,England
Burrow,,Devon,England
Burscott,,Devon,England
Bursdon,,Devon,England
Burston,,Devon,England
Butterleigh,EX15,Devon,England
Butts,,Devon,England
Cabbacott,,Devon,England
Cadbury,EX5,Devon,England
Cadeleigh,EX16,Devon,England
Caen,,Devon,England
Calstock,,Devon,England
Calverleigh,EX16,Devon,England
Capton,TQ6,Devon,England
Carey,,Devon,England
Carlingwark,,Devon,England
Carrhouse,,Devon,England
Castle,,Devon,England
Caton,TQ13,Devon,England
Cattedown,,Devon,England
Caute,,Devon,England
Chaddlehanger,,Devon,England
Chaddlewood,,Devon,England
Chagford,TQ13,Devon,England
Challaborough,,Devon,England
Challacombe,EX31,Devon,England
Chambercombe,,Devon,England
Champson,,Devon,England
Chantry,,Devon,England
Chapelton,,Devon,England
Chapmans Well,,Devon,England
Chardstock,EX13,Devon,England
Charles,EX32,Devon,England
Charles Bottom,,Devon,England
Chasty,EX22,Devon,England
Chawleigh,EX18,Devon,England
Cheglinch,,Devon,England
Cheldon,EX18,Devon,England
Chelfham,,Devon,England
Chelston,,Devon,England
Cheristow,,Devon,England
Cheriton,EX35,Devon,England
Cheriton Bishop,EX6,Devon,England
Cheriton Cross,EX6,Devon,England
Cheriton Fitzpaine,EX17,Devon,England
Cheston,,Devon,England
Chettiscombe,EX16,Devon,England
Chevithorne,EX16,Devon,England
Chichacott,,Devon,England
Chillaton,PL16,Devon,England
Chillington,TQ7,Devon,England
Chilson,,Devon,England
Chilsworthy,EX22,Devon,England
Chitterley,,Devon,England
Chittlehamholt,EX37,Devon,England
Chittlehampton,EX37,Devon,England
Chivelstone,TQ7,Devon,England
Chivenor,,Devon,England
Christow,EX6,Devon,England
Chub Tor,,Devon,England
Chudleigh,TQ13,Devon,England
Chudleigh Knighton,TQ13,Devon,England
Chulmleigh,EX18,Devon,England
Church Green,EX13,Devon,England
Churchill,,Devon,England
Churchstow,TQ7,Devon,England
Churchtown,EX31,Devon,England
Churscombe,,Devon,England
Churston Ferrers,TQ5,Devon,England
Clapham,,Devon,England
Clapworthy,EX36,Devon,England
Clawton,EX22,Devon,England
Clayhanger,EX16,Devon,England
Clayhidon,EX15,Devon,England
Clearbrook,PL6,Devon,England
Cleave,,Devon,England
Clifford,,Devon,England
Clifton,,Devon,England
Clovelly,EX39,Devon,England
Clyst,,Devon,England
Clyst Honiton,EX5,Devon,England
Clyst Hydon,EX15,Devon,England
Clyst St George,EX3,Devon,England
Clyst St Lawrence,EX15,Devon,England
Clyst St Mary,EX5,Devon,England
Coarsewell,,Devon,England
Cobb,,Devon,England
Cobbaton,EX37,Devon,England
Cockington,TQ2,Devon,England
Cockwood,EX6,Devon,England
Coffinswell,TQ12,Devon,England
Cofton,,Devon,England
Colaton Raleigh,EX10,Devon,England
Coldeast,TQ12,Devon,England
Coldharbour,,Devon,England
Coldridge,EX17,Devon,England
Colebrook,EX15,Devon,England
Colebrooke,EX17,Devon,England
Coleford,EX17,Devon,England
Colestocks,EX14,Devon,England
Collaton,,Devon,England
Collaton St Mary,TQ3,Devon,England
Colleton Mills,EX37,Devon,England
Collipriest,,Devon,England
Colliton,EX14,Devon,England
Colscott,,Devon,England
Columbjohn,,Devon,England
Colyford,EX13,Devon,England
Colyton,EX13,Devon,England
Combe,,Devon,England
Combe Fishacre,,Devon,England
Combe Martin,EX34,Devon,England
Combe Pafford,,Devon,England
Combe Raleigh,EX14,Devon,England
Combebow,,Devon,England
Combeinteignhead,TQ12,Devon,England
Combpyne,EX13,Devon,England
Combrew,,Devon,England
Compton,TQ3,Devon,England
Cookbury,EX22,Devon,England
Cookbury Wick,,Devon,England
Coombe,EX23,Devon,England
Coombelake,,Devon,England
Copplestone,EX17,Devon,England
Cornwood,PL21,Devon,England
Cornworthy,TQ9,Devon,England
Cory,,Devon,England
Coryton,EX20,Devon,England
Cotford,,Devon,England
Cotleigh,EX14,Devon,England
Cotmaton,,Devon,England
Cott,,Devon,England
Cotteylands,,Devon,England
Cottwood,,Devon,England
Countess Wear,EX2,Devon,England
Countisbury,EX35,Devon,England
Court Barton,EX17,Devon,England
Cove,EX16,Devon,England
Cowley,EX4,Devon,England
Cowleymoor,,Devon,England
Crabtree,PL3,Devon,England
Craddock,EX15,Devon,England
Cranford,EX39,Devon,England
Crapstone,PL20,Devon,England
Crawley,,Devon,England
Creacombe,EX16,Devon,England
Crediton,EX17,Devon,England
Crockernwell,EX6,Devon,England
Crockers,,Devon,England
Crook,,Devon,England
Cross,,Devon,England
Cross Green,PL15,Devon,England
Cross Roads,,Devon,England
Crowden,,Devon,England
Crowder Park,,Devon,England
Crownhill,PL5,Devon,England
Croyde,EX33,Devon,England
Croyde Bay,,Devon,England
Cruwys Morchard,EX16,Devon,England
Cudlipptown,,Devon,England
Cullompton,EX15,Devon,England
Culm,,Devon,England
Culm Davy,,Devon,England
Culmstock,EX15,Devon,England
Culverlane,,Devon,England
Curtisknowle,,Devon,England
Daccombe,TQ12,Devon,England
Dainton,,Devon,England
Dalch,,Devon,England
Dalwood,EX13,Devon,England
Darracott,,Devon,England
Dart,,Devon,England
Dartington,TQ9,Devon,England
Dartmeet,TQ13,Devon,England
Dartmoor,,Devon,England
Dartmouth,TQ6,Devon,England
Dawlish,EX7,Devon,England
Dawlish Warren,,Devon,England
Dean,TQ11,Devon,England
Dean Cross,,Devon,England
Dean Prior,TQ11,Devon,England
Denbury,TQ12,Devon,England
Derby,,Devon,England
Derriford,PL6,Devon,England
Derril,,Devon,England
Derriton,,Devon,England
Devonport,PL1,Devon,England
Diddywell,,Devon,England
Didworthy,TQ10,Devon,England
Dinworthy,EX22,Devon,England
Dippertown,,Devon,England
Dipple,,Devon,England
Diptford,TQ9,Devon,England
Dittisham,TQ6,Devon,England
Doccombe,TQ13,Devon,England
Docton,,Devon,England
Dodbrooke,,Devon,England
Doddiscombsleigh,EX6,Devon,England
Dodscott,,Devon,England
Dog Village,EX5,Devon,England
Dolton,EX19,Devon,England
Dousland,PL20,Devon,England
Dowland,EX19,Devon,England
Down St Mary,EX17,Devon,England
Down Thomas,PL9,Devon,England
Downicary,,Devon,England
Drakeland Corner,PL7,Devon,England
Drayford,,Devon,England
Drewsteignton,EX6,Devon,England
Dubbs Cross,,Devon,England
Duerdon,,Devon,England
Dulford,EX15,Devon,England
Dumpinghill,,Devon,England
Dunchideock,EX6,Devon,England
Dunkeswell,EX14,Devon,England
Dunsford,EX6,Devon,England
Dunstone,PL8,Devon,England
Dunterton,PL19,Devon,England
Duryard,,Devon,England
East Allington,TQ9,Devon,England
East Anstey,EX16,Devon,England
East Buckland,EX32,Devon,England
East Budleigh,EX9,Devon,England
East Butterleigh,,Devon,England
East Charleton,TQ7,Devon,England
East Cornworthy,TQ9,Devon,England
East Dart,,Devon,England
East Down,EX31,Devon,England
East Ilkerton,,Devon,England
East Kimber,,Devon,England
East Knowstone,,Devon,England
East Leigh,EX17,Devon,England
East Mere,EX16,Devon,England
East Ogwell,TQ12,Devon,England
East Panson,PL15,Devon,England
East Portlemouth,TQ8,Devon,England
East Prawle,TQ7,Devon,England
East Putford,EX22,Devon,England
East Stowford,,Devon,England
East Village,EX17,Devon,England
East Week,,Devon,England
East Worlington,EX17,Devon,England
East-the-Water,EX39,Devon,England
Eastacombe,,Devon,England
Eastacott,,Devon,England
Eastdon,,Devon,England
Eastdown,,Devon,England
Eastington,EX17,Devon,England
Eastleigh,EX39,Devon,England
Easton,TQ13,Devon,England
Ebberly Hill,,Devon,England
Ebford,EX3,Devon,England
Eckworthy,,Devon,England
Eddystone Rocks,,Devon,England
Edginswell,TQ2,Devon,England
Edistone,EX39,Devon,England
Efford,EX17,Devon,England
Eggbuckland,PL6,Devon,England
Eggesford Station,,Devon,England
Elburton,PL9,Devon,England
Ellacombe,,Devon,England
Ellerhayes,,Devon,England
Elmscott,EX39,Devon,England
Elston,,Devon,England
Elstone,EX37,Devon,England
Elwell,,Devon,England
Enis,,Devon,England
Erme,,Devon,England
Ermington,PL21,Devon,England
Ernesettle,PL5,Devon,England
Estover,PL6,Devon,England
Eworthy,EX21,Devon,England
Exbourne,EX20,Devon,England
Exe,,Devon,England
Exebridge,,Devon,England
Exeter,EX10,Devon,England
Exeter Canal,,Devon,England
Exminster,EX6,Devon,England
Exmouth,EX8,Devon,England
Exton,EX3,Devon,England
Exwick,EX4,Devon,England
Fairmile,EX11,Devon,England
Fairy Cross,EX39,Devon,England
Farringdon,EX5,Devon,England
Farway,EX13,Devon,England
Farway Marsh,,Devon,England
Feniton,EX14,Devon,England
Fenny Bridges,EX14,Devon,England
Filham,,Devon,England
Filleigh,EX17,Devon,England
Fishleigh,,Devon,England
Fishleigh Castle,,Devon,England
Fluxton,,Devon,England
Folly Cross,,Devon,England
Folly Gate,EX20,Devon,England
Ford,EX39,Devon,England
Forda,,Devon,England
Forder Green,TQ13,Devon,England
Fordton Mill,,Devon,England
Fordwater,,Devon,England
Foreland Point,,Devon,England
Forestreet,,Devon,England
Four Elms,,Devon,England
Fremington,EX31,Devon,England
Frenchbeer,TQ13,Devon,England
Frithelstock,EX38,Devon,England
Frithelstock Stone,EX38,Devon,England
Frittiscombe,,Devon,England
Frost,,Devon,England
Fullabrook,,Devon,England
Furley,EX13,Devon,England
Furze,,Devon,England
Galmpton,TQ5,Devon,England
Gammaton,,Devon,England
Gammaton Moor,,Devon,England
Gappah,,Devon,England
Garlandhayes,,Devon,England
Garliford,,Devon,England
Gatherley,,Devon,England
George Nympton,EX36,Devon,England
Georgeham,EX33,Devon,England
Germansweek,EX21,Devon,England
Gidleigh,TQ13,Devon,England
Gittisham,EX14,Devon,England
Glenholt,,Devon,England
Godwell,,Devon,England
Golden Park,,Devon,England
Goldworthy,EX39,Devon,England
Goodleigh,EX32,Devon,England
Goodrington,TQ4,Devon,England
Goodstone,,Devon,England
Gooseford,,Devon,England
Goosemoor,,Devon,England
Goosewell,PL9,Devon,England
Gosford,,Devon,England
Goveton,TQ7,Devon,England
Grand Western Canal,,Devon,England
Gratton,,Devon,England
Great Torrington,EX38,Devon,England
Great Weeke,,Devon,England
Green Down,,Devon,England
Green Gate,,Devon,England
Green Lane,,Devon,England
Greenham,TA21,Devon,England
Grenofen,,Devon,England
Grilstone,,Devon,England
Grinacombe Moor,,Devon,England
Guineaford,,Devon,England
Gulworthy,PL19,Devon,England
Gunn,EX32,Devon,England
Haccombe,TQ12,Devon,England
Haddacott,,Devon,England
Hagginton Hill,,Devon,England
Hakeford,,Devon,England
Halberton,EX16,Devon,England
Half Moon Village,,Devon,England
Hallsands,TQ7,Devon,England
Hallspill,,Devon,England
Halsfordwood,,Devon,England
Halsinger,EX33,Devon,England
Halwell,TQ9,Devon,England
Halwill,EX21,Devon,England
Halwill Junction,EX21,Devon,England
Ham,,Devon,England
Hamlet,EX14,Devon,England
Hampton,,Devon,England
Hand and Pen,,Devon,England
Hannaford,,Devon,England
Hansel,,Devon,England
Harberton,TQ9,Devon,England
Harbertonford,TQ9,Devon,England
Harbourneford,TQ10,Devon,England
Harcombe,EX10,Devon,England
Harcombe Bottom,,Devon,England
Hardisworthy,,Devon,England
Harford,PL21,Devon,England
Harleston,,Devon,England
Harpford,EX10,Devon,England
Harracott,,Devon,England
Harrowbeer,,Devon,England
Hartland,EX39,Devon,England
Hartland Point,,Devon,England
Hartley,PL3,Devon,England
Hatch,,Devon,England
Hatherleigh,EX20,Devon,England
Hawkchurch,EX13,Devon,England
Hawkerland,EX10,Devon,England
Hawkridge,,Devon,England
Hawley Bottom,,Devon,England
Hayne,,Devon,England
Haytor Vale,TQ13,Devon,England
Haytown,,Devon,England
Hazelwood,,Devon,England
Headon,,Devon,England
Heanton Punchardon,EX31,Devon,England
Heasley Mill,EX36,Devon,England
Heath Cross,,Devon,England
Heathercombe,,Devon,England
Heathfield,TQ12,Devon,England
Heathstock,,Devon,England
Heavitree,,Devon,England
Heddon,,Devon,England
Hele,EX34,Devon,England
Hemerdon,,Devon,England
Hemyock,EX15,Devon,England
Henaford,,Devon,England
Henford,EX21,Devon,England
Hennock,TQ13,Devon,England
Henstridge,,Devon,England
Hexworthy,PL20,Devon,England
Heybrook Bay,PL9,Devon,England
High Bickington,EX37,Devon,England
High Bray,EX32,Devon,England
High Bullen,EX38,Devon,England
Highampton,EX21,Devon,England
Higher Ashton,EX6,Devon,England
Higher Brixham,TQ5,Devon,England
Higher Burrowtown,,Devon,England
Higher Cheriton,EX14,Devon,England
Higher Clovelly,,Devon,England
Higher Gabwell,TQ1,Devon,England
Higher Metcombe,,Devon,England
Higher Molland,,Devon,England
Higher Muddiford,,Devon,England
Higher Prestacott,,Devon,England
Higher Rocombe Barton,,Devon,England
Higher Slade,,Devon,England
Higher Tale,EX14,Devon,England
Higher Warcombe,,Devon,England
Higher Weaver,,Devon,England
Highweek,TQ12,Devon,England
Highwood,,Devon,England
Highworthy,,Devon,England
Hillerton,,Devon,England
Hillfield,,Devon,England
Hillhead,TQ5,Devon,England
Hillmoor,,Devon,England
Hillside,,Devon,England
Hiscott,EX31,Devon,England
Hittisleigh Barton,,Devon,England
Hoaroak Water,,Devon,England
Hockworthy,TA21,Devon,England
Holbeton,PL8,Devon,England
Holcombe,EX7,Devon,England
Holcombe Rogus,TA21,Devon,England
Hole,,Devon,England
Holemoor,,Devon,England
Holewater,,Devon,England
Hollacombe,EX22,Devon,England
Hollacombe Hill,,Devon,England
Hollicombe,,Devon,England
Hollis Green,,Devon,England
Hollis Head,,Devon,England
Hollocombe,EX18,Devon,England
Hollocombe Town,,Devon,England
Holmacott,,Devon,England
Holmsleigh Green,,Devon,England
Holne,TQ13,Devon,England
Holsworthy,EX22,Devon,England
Holsworthy Beacon,EX22,Devon,England
Holy City,,Devon,England
Holyford,,Devon,England
Honeychurch,EX20,Devon,England
Honicknowle,PL5,Devon,England
Honiton,EX14,Devon,England
Hoo Meavy,,Devon,England
Hooe,PL9,Devon,England
Hook,,Devon,England
Hookway,EX17,Devon,England
Hoops,,Devon,England
Hopworthy,,Devon,England
Horndon,PL19,Devon,England
Horns Cross,EX39,Devon,England
Horrabridge,PL20,Devon,England
Horsebridge,PL19,Devon,England
Horsebrook,,Devon,England
Horwood,EX39,Devon,England
Huddisford,,Devon,England
Hugglepit,,Devon,England
Huish,EX20,Devon,England
Hulham,,Devon,England
Humber,,Devon,England
Huntsham,EX16,Devon,England
Huntshaw,,Devon,England
Huntshaw Water,,Devon,England
Hutcherleigh,,Devon,England
Huxham,,Devon,England
Icy Park,,Devon,England
Iddesleigh,EX19,Devon,England
Ide,EX2,Devon,England
Ideford,TQ13,Devon,England
Ilfracombe,EX34,Devon,England
Ilsington,TQ13,Devon,England
Ingleigh Green,,Devon,England
Inner Hope,,Devon,England
Instow,EX39,Devon,England
Inwardleigh,EX20,Devon,England
Ipplepen,TQ12,Devon,England
Ivybridge,PL21,Devon,England
Jack-in-the-Green,,Devon,England
Jacobstowe,EX20,Devon,England
Jurston,,Devon,England
Kellacott,,Devon,England
Kellaton,TQ7,Devon,England
Kelly,PL16,Devon,England
Kemacott,,Devon,England
Kenn,EX6,Devon,England
Kennerleigh,EX17,Devon,England
Kennford,EX6,Devon,England
Kentisbeare,EX15,Devon,England
Kentisbury,EX31,Devon,England
Kentisbury Ford,EX31,Devon,England
Kenton,EX6,Devon,England
Kernborough,,Devon,England
Kersbrook,,Devon,England
Kerscott,,Devon,England
Kerswell,EX15,Devon,England
Killington,,Devon,England
Kilmington,EX13,Devon,England
Kimworthy,,Devon,England
Kingford,,Devon,England
Kingsbridge,TQ7,Devon,England
Kingscott,EX38,Devon,England
Kingsdon,,Devon,England
Kingsett,,Devon,England
Kingsheanton,,Devon,England
Kingskerswell,TQ12,Devon,England
Kingsteignton,TQ12,Devon,England
Kingston,TQ7,Devon,England
Kingswear,TQ6,Devon,England
Kitbridge,,Devon,England
Knightacott,EX31,Devon,England
Knighton,PL9,Devon,England
Knotty Corner,,Devon,England
Knowle,EX17,Devon,England
Knowles Hill,,Devon,England
Knowstone,EX36,Devon,England
Laira,PL3,Devon,England
Lake,,Devon,England
Lamerton,PL19,Devon,England
Lana,EX22,Devon,England
Landcross,EX39,Devon,England
Landhill,,Devon,England
Landkey,EX32,Devon,England
Landkey Newland,,Devon,England
Landscove,TQ13,Devon,England
Lane End,,Devon,England
Langaford,,Devon,England
Langage,,Devon,England
Langford,EX15,Devon,England
Langford Green,,Devon,England
Langridgeford,EX37,Devon,England
Langstone,,Devon,England
Langtree,EX38,Devon,England
Langtree Week,,Devon,England
Lapford,EX17,Devon,England
Lapford Cross,,Devon,England
Larkbeare,,Devon,England
Lea,,Devon,England
Ledstone,,Devon,England
Lee,EX34,Devon,England
Lee Mill,,Devon,England
Lee Moor,PL7,Devon,England
Leeford,,Devon,England
Leigh,,Devon,England
Leigham,PL6,Devon,England
Lettaford,TQ13,Devon,England
Lew,,Devon,England
Lewdown,EX20,Devon,England
Lewthorn Cross,,Devon,England
Lewtrenchard,EX20,Devon,England
Liddaton,,Devon,England
Lifton,PL16,Devon,England
Liftondown,PL15,Devon,England
Lincombe,TQ9,Devon,England
Little Bray,,Devon,England
Little Dart,,Devon,England
Little Knowle,,Devon,England
Little Silver,,Devon,England
Little Torrington,EX38,Devon,England
Littleborough,,Devon,England
Littleham,EX39,Devon,England
Littlehempston,TQ9,Devon,England
Littletown,,Devon,England
Livermead,,Devon,England
Liverton,TQ12,Devon,England
Livingshayes,,Devon,England
Lobb,,Devon,England
Lobhillcross,,Devon,England
Loddiswell,TQ7,Devon,England
Longbridge,,Devon,England
Longcause,,Devon,England
Longcombe,,Devon,England
Longcross,PL19,Devon,England
Longdown,EX6,Devon,England
Lopwell,,Devon,England
Lovaton,,Devon,England
Lower Ashton,EX6,Devon,England
Lower Cator,,Devon,England
Lower Cheriton,,Devon,England
Lower Creedy,,Devon,England
Lower Dean,,Devon,England
Lower Gabwell,TQ12,Devon,England
Lower Holditch,,Devon,England
Lower Hookner,,Devon,England
Lower Lovacott,,Devon,England
Lower Loxhore,,Devon,England
Lower Ridge,,Devon,England
Lower Slade,,Devon,England
Lower Tale,,Devon,England
Lower Town,,Devon,England
Lower Twitchen,,Devon,England
Lower Wear,,Devon,England
Lower Yelland,,Devon,England
Lowertown,,Devon,England
Loxbeare,EX16,Devon,England
Loxhore,EX31,Devon,England
Loxhore Cott,,Devon,England
Ludbrook,,Devon,England
Lumburn,,Devon,England
Lundy,,Devon,England
Luppitt,EX14,Devon,England
Lupridge,,Devon,England
Lurley,,Devon,England
Luson,,Devon,England
Lustleigh,TQ13,Devon,England
Lustleigh Cleave,,Devon,England
Luton,EX14,Devon,England
Lutsford,,Devon,England
Lutton,PL21,Devon,England
Luxton,,Devon,England
Lydcott,EX32,Devon,England
Lydford,EX20,Devon,England
Lympstone,EX8,Devon,England
Lynbridge,,Devon,England
Lynmouth,EX35,Devon,England
Lynton,EX35,Devon,England
Mackham,,Devon,England
Madford,EX15,Devon,England
Maidencombe,TQ1,Devon,England
Maidenhayne,,Devon,England
Malborough,TQ7,Devon,England
Malmsmead,EX35,Devon,England
Manadon,,Devon,England
Manaton,TQ13,Devon,England
Manley,,Devon,England
Mannamead,PL3,Devon,England
Manor Bourne,,Devon,England
Mariansleigh,EX36,Devon,England
Marldon,TQ3,Devon,England
Marsh,EX14,Devon,England
Marsh Green,EX5,Devon,England
Martinhoe,EX31,Devon,England
Martinhoe Cross,,Devon,England
Marwood,EX31,Devon,England
Mary Tavy,PL19,Devon,England
Mead,,Devon,England
Meadwell,,Devon,England
Meavy,PL20,Devon,England
Meeth,EX20,Devon,England
Meethe,,Devon,England
Meldon,EX20,Devon,England
Membland,,Devon,England
Membury,EX13,Devon,England
Merrifield,TQ7,Devon,England
Merrivale,PL19,Devon,England
Merton,EX20,Devon,England
Meshaw,EX36,Devon,England
Metcombe,,Devon,England
Michelcombe,,Devon,England
Middle Luxton,,Devon,England
Middle Marwood,,Devon,England
Middle Rocombe,,Devon,England
Middlecott,,Devon,England
Middlemoor,,Devon,England
Milber,TQ12,Devon,England
Mile End,,Devon,England
Milford,EX39,Devon,England
Millbrook,,Devon,England
Millhayes,,Devon,England
Millhill,,Devon,England
Millmoor,,Devon,England
Milltown,EX31,Devon,England
Millway Rise,,Devon,England
Milton Abbot,PL19,Devon,England
Milton Coombe,,Devon,England
Milton Damerel,EX22,Devon,England
Milton Green,,Devon,England
Milton Hill,,Devon,England
Modbury,PL21,Devon,England
Mogworthy,,Devon,England
Mole,,Devon,England
Molland,EX36,Devon,England
Monkerton,,Devon,England
Monkleigh,EX39,Devon,England
Monkokehampton,EX19,Devon,England
Monkton,EX14,Devon,England
Monkton Wyld,,Devon,England
Moor Cross,,Devon,England
Moorhayne,,Devon,England
Moortown,,Devon,England
Morchard Bishop,EX17,Devon,England
Morchard Road,,Devon,England
Morebath,EX16,Devon,England
Moreleigh,TQ9,Devon,England
Moretonhampstead,TQ13,Devon,England
Morte Point,,Devon,England
Mortehoe,EX34,Devon,England
Mothecombe,,Devon,England
Mount Gould,PL4,Devon,England
Mount Lane,,Devon,England
Mount Pleasant,,Devon,England
Mouth Mill,,Devon,England
Muddiford,EX31,Devon,England
Muddlebridge,,Devon,England
Murchington,TQ13,Devon,England
Murtwell,,Devon,England
Musbury,EX13,Devon,England
Mutley,PL4,Devon,England
Mutterton,EX15,Devon,England
Nadderwater,,Devon,England
Narfords,,Devon,England
Narracott,,Devon,England
Natcott,,Devon,England
Neopardy,,Devon,England
Nether Exe,EX5,Devon,England
Nethercott,,Devon,England
Netherton,TQ12,Devon,England
Nettacott,,Devon,England
New Inn,,Devon,England
Newbuildings,,Devon,England
Newcott,EX14,Devon,England
Newhaven,,Devon,England
Newport,EX32,Devon,England
Newtake,,Devon,England
Newton Abbot,TQ12,Devon,England
Newton Ferrers,PL8,Devon,England
Newton Poppleford,EX10,Devon,England
Newton St Cyres,EX5,Devon,England
Newton St Petrock,EX22,Devon,England
Newton Tracey,EX31,Devon,England
Newtown,,Devon,England
Nicholashayne,TA21,Devon,England
Nine Oaks,,Devon,England
Nomansland,EX16,Devon,England
Norley,,Devon,England
North Bovey,TQ13,Devon,England
North Brentor,PL19,Devon,England
North Buckland,EX33,Devon,England
North End,,Devon,England
North Heasley,EX36,Devon,England
North Huish,TQ10,Devon,England
North Molton,EX36,Devon,England
North Radworthy,EX36,Devon,England
North Star,,Devon,England
North Tawton,EX20,Devon,England
North Town,EX20,Devon,England
North Waterhayne,,Devon,England
North West Point,,Devon,England
North Whilborough,TQ12,Devon,England
Northam,EX39,Devon,England
Northay,,Devon,England
Northcote,,Devon,England
Northcott,PL15,Devon,England
Northleigh,EX13,Devon,England
Northlew,EX20,Devon,England
Northmoor,,Devon,England
Northmostown,,Devon,England
Northway,,Devon,England
Norton,,Devon,England
Noss Mayo,PL8,Devon,England
Nymet Rowland,EX17,Devon,England
Nymet Tracey,EX17,Devon,England
Oak Cross,EX20,Devon,England
Oakford,EX16,Devon,England
Oakfordbridge,,Devon,England
Odam Barton,,Devon,England
Odham,,Devon,England
Offwell,EX14,Devon,England
Okehampton,EX20,Devon,England
Olchard,,Devon,England
Oldborough,EX17,Devon,England
Oldway,,Devon,England
Oldways End,EX16,Devon,England
Orchard Hill,,Devon,England
Oreston,PL9,Devon,England
Otter,,Devon,England
Otterton,EX9,Devon,England
Ottery St Mary,EX11,Devon,England
Outer Hope,,Devon,England
Padson,,Devon,England
Paignton,TQ3,Devon,England
Pancrasweek,EX22,Devon,England
Park,,Devon,England
Parkham,EX39,Devon,England
Parkham Ash,EX39,Devon,England
Parnacott,,Devon,England
Parracombe,EX31,Devon,England
Patchacott,,Devon,England
Patchole,EX31,Devon,England
Pathfinder Village,,Devon,England
Patsford,,Devon,England
Payhembury,EX14,Devon,England
Penhill,,Devon,England
Pennsylvania,,Devon,England
Pennycross,,Devon,England
Pennymoor,EX16,Devon,England
Penquit,,Devon,England
Penstone,,Devon,England
Peppercombe,,Devon,England
Perry,,Devon,England
Peter Tavy,PL19,Devon,England
Peters Marland,EX38,Devon,England
Petrockstowe,,Devon,England
Petton,EX16,Devon,England
Peverell,PL3,Devon,England
Philham,EX39,Devon,England
Pillmouth,,Devon,England
Pilton,EX31,Devon,England
Pinhoe,EX1,Devon,England
Pippacott,EX31,Devon,England
Plym,,Devon,England
Plymouth,PL1,Devon,England
Plympton,PL7,Devon,England
Plymstock,PL9,Devon,England
Plymtree,EX15,Devon,England
Polsloe,,Devon,England
Poltimore,EX4,Devon,England
Pomphlett,,Devon,England
Ponsford,,Devon,England
Ponsworthy,TQ13,Devon,England
Popham,,Devon,England
Port Bridge,,Devon,England
Portington,,Devon,England
Postbridge,PL20,Devon,England
Pottington,,Devon,England
Poughill,EX17,Devon,England
Poundsgate,TQ13,Devon,England
Powderham,EX6,Devon,England
Prawle Point,,Devon,England
Prescott,,Devon,England
Preston,TQ12,Devon,England
Priestacott,,Devon,England
Princetown,PL20,Devon,England
Pristacott,,Devon,England
Prixford,EX31,Devon,England
Prowse,,Devon,England
Puddaven,,Devon,England
Puddington,EX16,Devon,England
Pulsford,,Devon,England
Putsborough,,Devon,England
Pye Corner,,Devon,England
Pyworthy,EX22,Devon,England
Queen Dart,,Devon,England
Quoditch,EX21,Devon,England
Rackenford,EX16,Devon,England
Raddington,,Devon,England
Raddon,,Devon,England
Raleigh,,Devon,England
Ramsley,,Devon,England
Ratsloe,,Devon,England
Rattery,TQ10,Devon,England
Rawridge,EX14,Devon,England
Red Ball,,Devon,England
Redhills,,Devon,England
Redomsford,,Devon,England
Reedy,,Devon,England
Rew,TQ13,Devon,England
Rewe,EX5,Devon,England
Rexon,,Devon,England
Rexon Cross,,Devon,England
Riddlecombe,EX18,Devon,England
Ridge,,Devon,England
Ringmore,TQ7,Devon,England
Riverton,,Devon,England
Roachill,,Devon,England
Road Green,,Devon,England
Roadford Reservoir,,Devon,England
Roborough,EX19,Devon,England
Rock,,Devon,England
Rockbeare,EX5,Devon,England
Rockford,,Devon,England
Romansleigh,EX36,Devon,England
Rose Ash,EX36,Devon,England
Rosedown,,Devon,England
Rosemary Lane,EX15,Devon,England
Roundswell,,Devon,England
Rousdon,DT7,Devon,England
Rowden,,Devon,England
Rumsam,,Devon,England
Rushford,,Devon,England
Rydon,EX22,Devon,England
Saint Hill,,Devon,England
Salcombe,TQ8,Devon,England
Salcombe Regis,EX10,Devon,England
Salmonhutch,,Devon,England
Saltrens,,Devon,England
Sampford Chapple,,Devon,England
Sampford Courtenay,EX20,Devon,England
Sampford Moor,,Devon,England
Sampford Peverell,EX16,Devon,England
Sampford Spiney,PL20,Devon,England
Sandford,EX17,Devon,England
Sandy Gate,,Devon,England
Sandygate,TQ12,Devon,England
Satterleigh,EX37,Devon,England
Saunton,EX33,Devon,England
Scorriton,TQ11,Devon,England
Seaton,EX12,Devon,England
Seaton Junction,EX13,Devon,England
Sector,,Devon,England
Shaldon,TQ14,Devon,England
Shallowford,EX31,Devon,England
Shaugh Prior,PL7,Devon,England
Shebbear,EX21,Devon,England
Sheepstor,PL20,Devon,England
Sheepwash,EX21,Devon,England
Sheldon,EX14,Devon,England
Shelvin,,Devon,England
Sherberton,,Devon,England
Sherdon Water,,Devon,England
Sherford,TQ7,Devon,England
Sherwood Green,EX31,Devon,England
Shillingford,EX16,Devon,England
Shillingford Abbot,,Devon,England
Shillingford St George,EX2,Devon,England
Shiphay,TQ3,Devon,England
Shirwell,EX31,Devon,England
Shobrooke,EX17,Devon,England
Shop,EX23,Devon,England
Shore Bottom,,Devon,England
Shortacombe,EX20,Devon,England
Shortmoor,,Devon,England
Shorton,,Devon,England
Shute,EX13,Devon,England
Sid,,Devon,England
Sidbury,EX10,Devon,England
Sidford,EX10,Devon,England
Sidmouth,EX10,Devon,England
Sigford,TQ13,Devon,England
Silford,,Devon,England
Silverton,EX5,Devon,England
Simonsburrow,,Devon,England
Skaigh,,Devon,England
Slade,EX34,Devon,England
Slapton,TQ7,Devon,England
Sloncombe,,Devon,England
Smallbrook,,Devon,England
Smallmarsh,,Devon,England
Smallridge,EX13,Devon,England
Smeatharpe,EX14,Devon,England
Smithaleigh,,Devon,England
Smithincott,EX15,Devon,England
Snapper,,Devon,England
Soar,TQ7,Devon,England
Soldon Cross,EX22,Devon,England
Sorley,,Devon,England
Sourton,EX20,Devon,England
South Allington,TQ7,Devon,England
South Brent,TQ10,Devon,England
South Common,,Devon,England
South Hole,EX39,Devon,England
South Huish,TQ7,Devon,England
South Knighton,,Devon,England
South Milton,TQ7,Devon,England
South Molton,EX36,Devon,England
South Radworthy,EX36,Devon,England
South Tawton,EX20,Devon,England
South Town,,Devon,England
South West Point,,Devon,England
South Wonford,,Devon,England
South Yeo,,Devon,England
South Zeal,EX20,Devon,England
Southcott,EX20,Devon,England
Southerly,,Devon,England
Southerton,,Devon,England
Southleigh,EX13,Devon,England
Southville,,Devon,England
Southway,,Devon,England
Sowton,EX5,Devon,England
Sowton Barton,,Devon,England
Sparkwell,PL7,Devon,England
Splatt,,Devon,England
Spreyton,EX17,Devon,England
Spriddlestone,,Devon,England
St Budeaux,PL5,Devon,England
St Giles in the Wood,EX38,Devon,England
St Giles on the Heath,PL15,Devon,England
St Marychurch,TQ1,Devon,England
St Michaels,,Devon,England
St Thomas,EX2,Devon,England
Staddiscombe,PL9,Devon,England
Staddon,,Devon,England
Staple Cross,,Devon,England
Starcross,EX6,Devon,England
Start,,Devon,England
Start Point,,Devon,England
Staverton,TQ9,Devon,England
Stenhill,,Devon,England
Stentwood,,Devon,England
Stevenstone,,Devon,England
Stibb Cross,EX38,Devon,England
Sticklepath,EX20,Devon,England
Stockland,EX14,Devon,England
Stockleigh English,EX17,Devon,England
Stockleigh Pomeroy,EX17,Devon,England
Stockwell,,Devon,England
Stoford Water,,Devon,England
Stoke,EX39,Devon,England
Stoke Canon,EX5,Devon,England
Stoke Fleming,TQ6,Devon,England
Stoke Gabriel,TQ9,Devon,England
Stoke Hill,,Devon,England
Stoke Point,,Devon,England
Stoke Rivers,EX32,Devon,England
Stokeinteignhead,TQ12,Devon,England
Stokenham,TQ7,Devon,England
Stonecombe,,Devon,England
Stonehouse,PL1,Devon,England
Stoneycombe,,Devon,England
Stoneyford,,Devon,England
Stony Cross,,Devon,England
Stonyland,,Devon,England
Stoodleigh,EX16,Devon,England
Stopgate,,Devon,England
Stowford,EX20,Devon,England
Street,,Devon,England
Stretch Down,,Devon,England
Strete,TQ6,Devon,England
Strete Raleigh,,Devon,England
Stroxworthy,,Devon,England
Sutcombe,EX22,Devon,England
Sutcombemill,,Devon,England
Sutton,,Devon,England
Swallowfields,,Devon,England
Sweetham,,Devon,England
Swimbridge,EX32,Devon,England
Swimbridge Newland,EX32,Devon,England
Swincombe,,Devon,England
Sycamore,,Devon,England
Sydenham Damerel,PL19,Devon,England
Taddiport,EX38,Devon,England
Talaton,EX5,Devon,England
Taleford,,Devon,England
Talewater,,Devon,England
Tamar,,Devon,England
Tamerton Foliot,PL5,Devon,England
Tavistock,PL19,Devon,England
Tavy,,Devon,England
Taw,,Devon,England
Taw Green,EX20,Devon,England
Tawstock,EX31,Devon,England
Tedburn St Mary,EX6,Devon,England
Teign,,Devon,England
Teign Village,,Devon,England
Teigngrace,TQ12,Devon,England
Teignmouth,TQ14,Devon,England
Templeton,EX16,Devon,England
Templeton Bridge,EX16,Devon,England
Tetcott,EX22,Devon,England
The Point,,Devon,England
Thorn,,Devon,England
Thornbury,EX22,Devon,England
Thorndon Cross,,Devon,England
Thorne Moor,,Devon,England
Thornehillhead,,Devon,England
Thorverton,EX5,Devon,England
Throwleigh,EX20,Devon,England
Thrushel,,Devon,England
Thrushelton,EX20,Devon,England
Thurlestone,TQ7,Devon,England
Ticketwood,,Devon,England
Tigley,TQ9,Devon,England
Tillislow,,Devon,England
Tillworth,,Devon,England
Tinhay,PL16,Devon,England
Tippacott,EX35,Devon,England
Tipple Cross,,Devon,England
Tipton St John,EX10,Devon,England
Titchberry,EX39,Devon,England
Tiverton,EX16,Devon,England
Topsham,EX3,Devon,England
Torbay,TQ1,Devon,England
Torbryan,TQ12,Devon,England
Torcross,TQ7,Devon,England
Torquay,TQ2,Devon,England
Torr,PL8,Devon,England
Torre,,Devon,England
Torridge,EX39,Devon,England
Tosberry,EX39,Devon,England
Totnes,TQ9,Devon,England
Tower Hill,,Devon,England
Town Barton,,Devon,England
Townlake,,Devon,England
Townsend,,Devon,England
Tracebridge,,Devon,England
Trecott,,Devon,England
Tredown,,Devon,England
Trentishoe,EX31,Devon,England
Trewyn,,Devon,England
Tricombe,,Devon,England
Trill,,Devon,England
Trimstone,EX34,Devon,England
Trinity,,Devon,England
Trow,,Devon,England
True Street,,Devon,England
Trusham,TQ13,Devon,England
Tuckenhay,TQ9,Devon,England
Tuckermarsh,,Devon,England
Tudhay,,Devon,England
Turfmoor,,Devon,England
Turnchapel,PL9,Devon,England
Twist,,Devon,England
Twitchen,EX36,Devon,England
Twitchen Mill,,Devon,England
Two Bridges,PL20,Devon,England
Two Mile Oak Cross,,Devon,England
Two Pots,,Devon,England
Tythecott,,Devon,England
Tytherleigh,EX13,Devon,England
Uffculme,EX15,Devon,England
Ugborough,PL21,Devon,England
Ullcombe,,Devon,England
Umberleigh,EX37,Devon,England
Umborne,,Devon,England
Umbourne Brook,,Devon,England
Underdown,,Devon,England
Underwood,,Devon,England
Up Exe,EX5,Devon,England
Upcott,,Devon,England
Upham,EX17,Devon,England
Uphempston,,Devon,England
Uplowman,EX16,Devon,England
Uplyme,DT7,Devon,England
Upottery,EX14,Devon,England
Uppacott,,Devon,England
Upper Dean,,Devon,England
Uppincott,,Devon,England
Upton,EX14,Devon,England
Upton Hellions,EX17,Devon,England
Upton Pyne,EX5,Devon,England
Uton,EX17,Devon,England
Vale Down,,Devon,England
Velator,,Devon,England
Velly,,Devon,England
Venn,TQ7,Devon,England
Venn Ottery,EX11,Devon,England
Venngreen,,Devon,England
Venny Tedburn,,Devon,England
Vention,,Devon,England
Venton,,Devon,England
Veraby,,Devon,England
Vicarage,EX12,Devon,England
Virginstow,EX21,Devon,England
Wadbrook,,Devon,England
Waddeton,,Devon,England
Waddicombe,,Devon,England
Waddon,,Devon,England
Waggs Plot,,Devon,England
Waldon,,Devon,England
Walkhampton,PL20,Devon,England
Ware,,Devon,England
Warfleet,,Devon,England
Warkleigh,EX37,Devon,England
Washbourne,TQ9,Devon,England
Washfield,EX16,Devon,England
Washford Pyne,EX16,Devon,England
Wastor,,Devon,England
Watchcombe,,Devon,England
Watcombe,,Devon,England
Water,,Devon,England
Waterhead,,Devon,England
Way Village,EX16,Devon,England
Waye,,Devon,England
Waytown,,Devon,England
Weare Giffard,EX39,Devon,England
Week,EX18,Devon,England
Weeke,,Devon,England
Welcombe,EX39,Devon,England
Well Town,EX16,Devon,England
Wellswood,,Devon,England
Welsford,,Devon,England
Welstor,,Devon,England
Wembury,PL9,Devon,England
Wembworthy,EX18,Devon,England
West Alvington,TQ7,Devon,England
West Anstey,EX36,Devon,England
West Ashford,,Devon,England
West Blackdown,,Devon,England
West Buckland,EX32,Devon,England
West Charleton,TQ7,Devon,England
West Dart,,Devon,England
West Down,EX34,Devon,England
West Hill,EX11,Devon,England
West Ilkerton,,Devon,England
West Leigh,,Devon,England
West Lyn,,Devon,England
West Ogwell,TQ12,Devon,England
West Panson,,Devon,England
West Putford,EX22,Devon,England
West Sandford,,Devon,England
West Town,,Devon,England
West Wembury,,Devon,England
West Worlington,EX17,Devon,England
Westacott,,Devon,England
Westcott,EX15,Devon,England
Westlake,PL21,Devon,England
Westleigh,EX16,Devon,England
Weston,EX12,Devon,England
Weston Mill,,Devon,England
Westown,,Devon,England
Westville,,Devon,England
Westward Ho!,,Devon,England
Westweekmoor,,Devon,England
Westwood,EX5,Devon,England
Weycroft,EX13,Devon,England
Whiddon,,Devon,England
Whiddon Down,EX6,Devon,England
Whimble,,Devon,England
Whimple,EX5,Devon,England
Whipcott,,Devon,England
Whipton,EX1,Devon,England
Whitchurch,PL19,Devon,England
Whitehall,,Devon,England
Whitestone,EX4,Devon,England
Whitford,EX13,Devon,England
Whitleigh,PL5,Devon,England
Whitmoor,,Devon,England
Whitnage,EX16,Devon,England
Wick,,Devon,England
Widecombe in the Moor,TQ13,Devon,England
Widewell,,Devon,England
Widworthy,EX14,Devon,England
Wiggaton,EX11,Devon,England
Willand,EX15,Devon,England
Willand Moor,,Devon,England
Willingcott,,Devon,England
Wilmington,EX14,Devon,England
Wilminstone,,Devon,England
Wilsham,,Devon,England
Wiltown,,Devon,England
Winkleigh,EX19,Devon,England
Winsham,,Devon,England
Winslade,,Devon,England
Winswell,EX38,Devon,England
Withacott,,Devon,England
Witheridge,EX16,Devon,England
Withleigh,EX16,Devon,England
Withycombe Raleigh,EX8,Devon,England
Wolborough,TQ12,Devon,England
Wolverstone,,Devon,England
Wonford,EX2,Devon,England
Wonson,EX20,Devon,England
Woodacott,,Devon,England
Woodacott Cross,,Devon,England
Woodbridge,,Devon,England
Woodbury,EX5,Devon,England
Woodbury Salterton,EX5,Devon,England
Woodford,EX23,Devon,England
Woodgate,,Devon,England
Woodland,TQ13,Devon,England
Woodland Head,,Devon,England
Woodleigh,TQ7,Devon,England
Woodmanton,,Devon,England
Woodtown,EX39,Devon,England
Woody Bay,,Devon,England
Woolacombe,EX34,Devon,England
Woolfardisworthy,EX17,Devon,England
Woolfardisworthy (Woolsery),,Devon,England
Woollaton,EX38,Devon,England
Woolsery (Woolfardisworthy),,Devon,England
Woolsgrove,,Devon,England
Woolston,,Devon,England
Woolston Green,TQ13,Devon,England
Woolwell,,Devon,England
Worlington,,Devon,England
Worston,,Devon,England
Wotter,,Devon,England
Wotton,,Devon,England
Wrafton,EX33,Devon,England
Wrangaton,,Devon,England
Wreyland,,Devon,England
Wrinkleberry,,Devon,England
Wyke Green,,Devon,England
Yalberton,,Devon,England
Yarcombe,EX14,Devon,England
Yarnacott,,Devon,England
Yarnscombe,EX31,Devon,England
Yarty,,Devon,England
Yawl,,Devon,England
Yealm,,Devon,England
Yealmbridge,,Devon,England
Yealmpton,PL8,Devon,England
Yelland,,Devon,England
Yelverton,PL20,Devon,England
Yeo,,Devon,England
Yeo Mill,,Devon,England
Yeo Vale,EX39,Devon,England
Yeoford,EX17,Devon,England
Yettington,EX9,Devon,England
Yodercott,,Devon,England
Yondertown,,Devon,England
Zeal Monachorum,EX17,Devon,England
