,,East Sussex,England
Alciston,BN26,East Sussex,England
Alderbrook,,East Sussex,England
Aldrington,,East Sussex,England
Alfriston,BN26,East Sussex,England
Argos Hill,,East Sussex,England
Arlington,BN26,East Sussex,England
Arlington Reservoir,,East Sussex,England
Ashburnham Forge,,East Sussex,England
Ashdown Forest,,East Sussex,England
Ashton Green,,East Sussex,England
Ashurst Wood,RH19,East Sussex,England
Baldslow,TN37,East Sussex,England
Balls Green,,East Sussex,England
Barcombe,BN8,East Sussex,England
Barcombe Cross,BN8,East Sussex,England
Bardown,,East Sussex,England
Battle,TN33,East Sussex,England
Beachlands,BN24,East Sussex,England
Beachy Head,BN20,East Sussex,England
Beacon Down,,East Sussex,England
Beckley,TN31,East Sussex,England
Beckley Furnace,,East Sussex,England
Beddingham,BN8,East Sussex,England
Bells Yew Green,TN3,East Sussex,England
Belmont,,East Sussex,England
Berwick,BN26,East Sussex,England
Best Beech Hill,TN5,East Sussex,England
Bevendean,,East Sussex,England
Bewl Bridge Reservoir,,East Sussex,England
Bexhill,TN40,East Sussex,England
Birchden,,East Sussex,England
Birling Gap,BN20,East Sussex,England
Bishopstone,BN25,East Sussex,England
Blackboys,TN22,East Sussex,England
Blackham,TN3,East Sussex,England
Blacklands,,East Sussex,England
Blackness,,East Sussex,England
Boarshead,TN6,East Sussex,England
Bodiam,TN32,East Sussex,England
Bodle Street Green,BN27,East Sussex,England
Bohemia,,East Sussex,England
Boreham Street,BN27,East Sussex,England
Brede,TN31,East Sussex,England
Brightling,TN32,East Sussex,England
Brighton,BN1,East Sussex,England
Brighton and Hove,BN1,East Sussex,England
Broad Oak,TN31,East Sussex,England
Broad Street,,East Sussex,England
Broadland Row,TN31,East Sussex,England
Broadwater Down,,East Sussex,England
Broomham,,East Sussex,England
Broomsgrove,,East Sussex,England
Brownbread Street,,East Sussex,England
Broyle Side,,East Sussex,England
Bulverhythe,TN38,East Sussex,England
Burgh Hill,,East Sussex,England
Burlow,TN21,East Sussex,England
Burnt Oak,TN6,East Sussex,England
Burrswood,,East Sussex,England
Burwash,TN19,East Sussex,England
Burwash Common,TN19,East Sussex,England
Burwash Weald,TN19,East Sussex,England
Buxted,TN22,East Sussex,England
Cackle Street,TN31,East Sussex,England
Cade Street,TN21,East Sussex,England
Camber,TN31,East Sussex,England
Canadia,,East Sussex,England
Caneheath,BN26,East Sussex,England
Castle Hill,TN6,East Sussex,England
Catsfield,TN33,East Sussex,England
Catsfield Stream,,East Sussex,England
Chailey,BN8,East Sussex,England
Chalvington,BN27,East Sussex,England
Chapel Cross,TN21,East Sussex,England
Chapel Row,,East Sussex,England
Charlwood,,East Sussex,England
Chelwood Common,,East Sussex,England
Chelwood Gate,RH17,East Sussex,England
Chiddingly,BN8,East Sussex,England
Chilsham,,East Sussex,England
Chiltington,BN7,East Sussex,England
Chitcombe,,East Sussex,England
Chuck Hatch,,East Sussex,England
Churches Green,,East Sussex,England
Clayhill,,East Sussex,England
Cliff End,TN35,East Sussex,England
Clive Vale,,East Sussex,England
Cock Marling,,East Sussex,England
Coggins Mill,TN20,East Sussex,England
Coldean,BN1,East Sussex,England
Combe,,East Sussex,England
Cooden,TN39,East Sussex,England
Cooksbridge,BN7,East Sussex,England
Cousley Wood,TN5,East Sussex,England
Cowbeech,BN27,East Sussex,England
Cowbeech Hill,,East Sussex,England
Cowden,TN8,East Sussex,England
Cross in Hand,TN21,East Sussex,England
Crowborough,TN6,East Sussex,England
Crowborough Warren,,East Sussex,England
Crowhurst,TN33,East Sussex,England
Cuckmere,,East Sussex,England
Dale Hill,,East Sussex,England
Dallington,TN21,East Sussex,England
Danegate,,East Sussex,England
Danehill,RH17,East Sussex,England
Darwell Hole,,East Sussex,England
Darwell Reservoir,,East Sussex,England
Denton,BN9,East Sussex,England
Ditchling,BN6,East Sussex,England
Dittons,,East Sussex,England
Down Street,,East Sussex,England
Downside,,East Sussex,England
Duddleswell,TN22,East Sussex,England
Durgates,TN5,East Sussex,England
East Blatchington,BN25,East Sussex,England
East Chiltington,BN7,East Sussex,England
East Dean,BN20,East Sussex,England
East Guldeford,TN31,East Sussex,England
East Hoathly,BN8,East Sussex,England
East Moulsecoomb,,East Sussex,England
Eastbourne,BN21,East Sussex,England
Eckington Corner,,East Sussex,England
Eridge Green,TN3,East Sussex,England
Etchingham,TN19,East Sussex,England
Etchingwood,,East Sussex,England
Ewhurst Green,,East Sussex,England
Exceat,BN25,East Sussex,England
Fairlight,TN35,East Sussex,England
Fairlight Cove,TN35,East Sussex,England
Fairwarp,TN22,East Sussex,England
Falmer,BN1,East Sussex,England
Five Ash Down,TN22,East Sussex,England
Five Ashes,TN20,East Sussex,England
Flackley Ash,,East Sussex,England
Fletching,TN22,East Sussex,England
Fletching Common,,East Sussex,England
Flimwell,TN5,East Sussex,England
Flowers Green,,East Sussex,England
Folkington,BN26,East Sussex,England
Forest Row,RH18,East Sussex,England
Foul Mile,BN27,East Sussex,England
Foulride Green,,East Sussex,England
Four Oaks,TN31,East Sussex,England
Foxhunt Green,TN21,East Sussex,England
Framfield,TN22,East Sussex,England
Frant,TN3,East Sussex,England
Friston,BN20,East Sussex,England
Gallypot Street,,East Sussex,England
Glenleigh Park,,East Sussex,England
Glynde,BN8,East Sussex,England
Glyndebourne,BN8,East Sussex,England
Glyne Gap,,East Sussex,England
Goatham Green,,East Sussex,England
Godleys Green,,East Sussex,England
Golden Cross,BN27,East Sussex,England
Gotham,,East Sussex,England
Green Street,,East Sussex,England
Grisling Common,,East Sussex,England
Groombridge,TN3,East Sussex,England
Grove Hill,,East Sussex,England
Guestling Green,TN35,East Sussex,England
Guestling Thorn,TN35,East Sussex,England
Gun Hill,,East Sussex,England
Hadlow Down,TN22,East Sussex,England
Hailsham,BN27,East Sussex,England
Hale Green,,East Sussex,England
Halland,BN8,East Sussex,England
Hammerwood,RH19,East Sussex,England
Hampden Park,BN22,East Sussex,England
Hamsey,BN8,East Sussex,England
Hankham,BN24,East Sussex,England
Harbour Heights,,East Sussex,England
Harley Shute,,East Sussex,England
Hartfield,TN7,East Sussex,England
Hastings,TN34,East Sussex,England
Hawkhurst Common,,East Sussex,England
Heathfield,TN21,East Sussex,England
Hellingly,BN27,East Sussex,England
Herstmonceaux,,East Sussex,England
High Cross,,East Sussex,England
High Hurstwood,TN22,East Sussex,England
Highgate,,East Sussex,England
Hollingbury,BN1,East Sussex,England
Hollingdean,,East Sussex,England
Hollingrove,,East Sussex,England
Hollington,TN37,East Sussex,England
Holtye,,East Sussex,England
Hooe,TN33,East Sussex,England
Hooe Common,TN33,East Sussex,England
Horam,TN21,East Sussex,England
Horney Common,,East Sussex,England
Horns Cross,TN31,East Sussex,England
Horsted Green,,East Sussex,England
Houghton Green,,East Sussex,England
Hove,,East Sussex,England
Hurst Green,TN19,East Sussex,England
Icklesham,TN36,East Sussex,England
Iden,TN31,East Sussex,England
Iford,BN7,East Sussex,England
Isfield,TN22,East Sussex,England
Jarvis Brook,TN6,East Sussex,England
Jevington,BN26,East Sussex,England
Kemp Town,,East Sussex,England
Kingston near Lewes,BN7,East Sussex,England
Landport,,East Sussex,England
Langney,BN23,East Sussex,England
Laughton,BN8,East Sussex,England
Laughton Common,,East Sussex,England
Lewes,BN10,East Sussex,England
Lidham Hill,,East Sussex,England
Lions Green,,East Sussex,England
Litlington,BN26,East Sussex,England
Little Bayham,,East Sussex,England
Little Common,TN39,East Sussex,England
Little Horsted,TN22,East Sussex,England
Little London,TN21,East Sussex,England
Little Norlington,,East Sussex,England
Lower Cousley Wood,,East Sussex,England
Lower Dicker,BN27,East Sussex,England
Lower Horsebridge,BN27,East Sussex,England
Lower Street,TN33,East Sussex,England
Lower Willingdon,,East Sussex,England
Lye Green,,East Sussex,England
Lyewood Common,,East Sussex,England
Magham Down,BN27,East Sussex,England
Manor Park,,East Sussex,England
Maresfield,TN22,East Sussex,England
Maresfield Park,,East Sussex,England
Mark Cross,TN6,East Sussex,England
Marle Green,,East Sussex,England
Marlpits,,East Sussex,England
Mayfield,TN20,East Sussex,England
Meads,,East Sussex,England
Medway,,East Sussex,England
Mile Oak,,East Sussex,England
Mill Corner,,East Sussex,England
Mill Hill,,East Sussex,England
Milton Street,BN26,East Sussex,England
Moulsecomb,,East Sussex,England
Mount Ephraim,,East Sussex,England
Mount Pleasant,,East Sussex,England
Mountfield,TN32,East Sussex,England
Muddles Green,BN8,East Sussex,England
Mutton Hall,,East Sussex,England
Nash Street,,East Sussex,England
Netherfield,TN33,East Sussex,England
New Town,TN22,East Sussex,England
Newbridge,,East Sussex,England
Newhaven,BN9,East Sussex,England
Newick,BN8,East Sussex,England
Ninfield,TN33,East Sussex,England
Norlington,,East Sussex,England
North Chailey,BN8,East Sussex,England
North Common,,East Sussex,England
North Moulsecoomb,,East Sussex,England
Northbridge Street,,East Sussex,England
Northiam,TN31,East Sussex,England
Norton,BN25,East Sussex,England
Nutley,TN22,East Sussex,England
Offham,BN7,East Sussex,England
Old Heathfield,,East Sussex,England
Old Town,BN20,East Sussex,England
Ore,TN35,East Sussex,England
Ouse,,East Sussex,England
Ovingdean,,East Sussex,England
Palehouse Common,,East Sussex,England
Park Corner,,East Sussex,England
Patcham,BN1,East Sussex,England
Peacehaven,BN10,East Sussex,England
Peacehaven Heights,,East Sussex,England
Peasmarsh,TN31,East Sussex,England
Pebsham,,East Sussex,England
Pell Green,,East Sussex,England
Penhurst,TN33,East Sussex,England
Pett,TN35,East Sussex,England
Pett Level,,East Sussex,England
Pevensey,BN24,East Sussex,England
Pevensey Bay,BN24,East Sussex,England
Piddinghoe,BN9,East Sussex,England
Piltdown,,East Sussex,England
Playden,TN31,East Sussex,England
Plumpton,BN7,East Sussex,England
Plumpton Green,BN7,East Sussex,England
Polegate,BN26,East Sussex,England
Ponts Green,TN33,East Sussex,England
Pound Green,TN22,East Sussex,England
Poundfield,,East Sussex,England
Poundford,,East Sussex,England
Poundgate,TN6,East Sussex,England
Pounsley,,East Sussex,England
Powdermill Reservoir,,East Sussex,England
Quabrook,,East Sussex,England
Ramslye,,East Sussex,England
Rickney,BN27,East Sussex,England
Ridgewood,TN22,East Sussex,England
Ringles Cross,TN22,East Sussex,England
Ringmer,BN8,East Sussex,England
Ripe,BN8,East Sussex,England
Robertsbridge,TN32,East Sussex,England
Rockrobin,,East Sussex,England
Rocks Park,,East Sussex,England
Rodmell,BN7,East Sussex,England
Roedean,,East Sussex,England
Rose Hill,,East Sussex,England
Roselands,,East Sussex,England
Rother,TN19,East Sussex,England
Rotherfield,TN6,East Sussex,England
Rottingdean,,East Sussex,England
Royal Military Canal,,East Sussex,England
Rushlake Green,TN21,East Sussex,England
Rushy Green,,East Sussex,England
Rye,TN31,East Sussex,England
Rye Foreign,TN31,East Sussex,England
Rye Harbour,TN31,East Sussex,England
Salehurst,TN32,East Sussex,England
Saltdean,,East Sussex,England
Sandhurst Cross,,East Sussex,England
Sandy Cross,,East Sussex,England
Seacox Heath,,East Sussex,England
Seaford,BN25,East Sussex,England
Sedlescombe,TN33,East Sussex,England
Selmeston,BN26,East Sussex,England
Sharpsbridge,,East Sussex,England
Sheffield Green,TN22,East Sussex,England
Shortbridge,,East Sussex,England
Shortgate,BN8,East Sussex,England
Sidley,TN39,East Sussex,England
Silver Hill,TN19,East Sussex,England
Silverhill,TN38,East Sussex,England
Silverhill Park,,East Sussex,England
Sleeches Cross,,East Sussex,England
Snagshall,,East Sussex,England
South Chailey,,East Sussex,England
South Downs,,East Sussex,England
South Heighton,BN9,East Sussex,England
South Malling,BN7,East Sussex,England
South Street,BN8,East Sussex,England
Southease,BN7,East Sussex,England
Southover,,East Sussex,England
Spithurst,BN8,East Sussex,England
St Leonards,TN37,East Sussex,England
Stanmer,BN1,East Sussex,England
Staplecross,,East Sussex,England
Steel Cross,TN6,East Sussex,England
Stone Cross,BN24,East Sussex,England
Stonegate,TN5,East Sussex,England
Strawberry Hill,,East Sussex,England
Streat,BN6,East Sussex,England
Stunts Green,BN27,East Sussex,England
Summer Hill,,East Sussex,England
Sutton,,East Sussex,England
Sweethaws,,East Sussex,England
Tarring Neville,BN9,East Sussex,England
Teasley Mead,,East Sussex,England
Telham,TN33,East Sussex,England
Telscombe,BN7,East Sussex,England
Telscombe Cliffs,BN10,East Sussex,England
Terrible Down,,East Sussex,England
The Highlands,,East Sussex,England
Three Cups Corner,TN21,East Sussex,England
Three Leg Cross,TN5,East Sussex,England
Three Oaks,,East Sussex,England
Ticehurst,TN5,East Sussex,England
Tidebrook,TN5,East Sussex,England
Tillingham,,East Sussex,England
Tilsmore,,East Sussex,England
Tolhurst,,East Sussex,England
Town Littleworth,,East Sussex,England
Town Row,TN6,East Sussex,England
Trevor Gardens,,East Sussex,England
Trolliloes,BN27,East Sussex,England
Twelve Oaks,,East Sussex,England
Uck,,East Sussex,England
Uckfield,TN22,East Sussex,England
Udimore,TN31,East Sussex,England
Union Street,,East Sussex,England
Upper Dicker,BN27,East Sussex,England
Upper Hartfield,TN7,East Sussex,England
Upper Horsebridge,BN27,East Sussex,England
Upper Wellingham,,East Sussex,England
Upperton,,East Sussex,England
Vinehall Street,TN32,East Sussex,England
Vines Cross,,East Sussex,England
Wadhurst,TN5,East Sussex,England
Waldron,TN21,East Sussex,England
Waldron Down,,East Sussex,England
Wallands Park,,East Sussex,England
Wallcrouch,,East Sussex,England
Wannock,BN20,East Sussex,England
Warbleton,TN21,East Sussex,England
Wartling,BN27,East Sussex,England
Watermill,,East Sussex,England
Wellbrook,,East Sussex,England
West Blatchington,,East Sussex,England
West Firle,BN8,East Sussex,England
West Hill,,East Sussex,England
West Marina,,East Sussex,England
Westdean,BN25,East Sussex,England
Westdene,,East Sussex,England
Westfield,TN35,East Sussex,England
Westham,BN24,East Sussex,England
Westmeston,BN6,East Sussex,England
Whatlington,TN33,East Sussex,England
Whitehawk,,East Sussex,England
Whitehill,,East Sussex,England
Whitesmith,BN8,East Sussex,England
Whydown,,East Sussex,England
Wickstreet,,East Sussex,England
Willingdon,BN20,East Sussex,England
Wilmington,BN26,East Sussex,England
Wilmington Green,,East Sussex,England
Winchelsea,TN36,East Sussex,England
Winchelsea Beach,TN36,East Sussex,England
Windmill Hill,BN27,East Sussex,England
Winton,,East Sussex,England
Withdean,BN1,East Sussex,England
Witherenden Hill,TN19,East Sussex,England
Withyham,TN7,East Sussex,England
Wivelsfield,RH17,East Sussex,England
Wivelsfield Green,RH17,East Sussex,England
Woodingdean,,East Sussex,England
Woodmans Green,,East Sussex,England
Wych Cross,RH18,East Sussex,England
