,,Hereford and Worcester,England
Ab Lench,,Hereford and Worcester,England
Abberley,WR6,Hereford and Worcester,England
Abberton,WR10,Hereford and Worcester,England
Abbey Dore,HR2,Hereford and Worcester,England
Abbots Morton,WR7,Hereford and Worcester,England
Acton,DY13,Hereford and Worcester,England
Acton Beauchamp,WR6,Hereford and Worcester,England
Acton Green,WR6,Hereford and Worcester,England
Adforton,SY7,Hereford and Worcester,England
Aggborough,,Hereford and Worcester,England
Aldington,WR11,Hereford and Worcester,England
Alfrick,WR6,Hereford and Worcester,England
Alfrick Pound,,Hereford and Worcester,England
Allensmore,HR2,Hereford and Worcester,England
Almeley,HR3,Hereford and Worcester,England
Almeley Wooton,,Hereford and Worcester,England
Altbough,,Hereford and Worcester,England
Alvechurch,B48,Hereford and Worcester,England
Ankerdine Hill,,Hereford and Worcester,England
Apes Dale,,Hereford and Worcester,England
Archenfield,,Hereford and Worcester,England
Areley Kings,DY13,Hereford and Worcester,England
Arrow Green,,Hereford and Worcester,England
Arrowfield Top,,Hereford and Worcester,England
Ashfield,,Hereford and Worcester,England
Ashley Moor,,Hereford and Worcester,England
Ashperton,HR8,Hereford and Worcester,England
Ashton,HR6,Hereford and Worcester,England
Ashton under Hill,WR11,Hereford and Worcester,England
Astley,DY13,Hereford and Worcester,England
Astley Cross,DY13,Hereford and Worcester,England
Aston,SY8,Hereford and Worcester,England
Aston Bank,,Hereford and Worcester,England
Aston Crews,HR9,Hereford and Worcester,England
Aston Fields,B60,Hereford and Worcester,England
Aston Ingham,HR9,Hereford and Worcester,England
Aston Somerville,WR12,Hereford and Worcester,England
Astwood,,Hereford and Worcester,England
Astwood Bank,,Hereford and Worcester,England
Atch Lench,WR11,Hereford and Worcester,England
Auberrow,,Hereford and Worcester,England
Aulden,HR6,Hereford and Worcester,England
Aylestone Hill,,Hereford and Worcester,England
Aylton,HR8,Hereford and Worcester,England
Aymestrey,HR6,Hereford and Worcester,England
Bacton,HR2,Hereford and Worcester,England
Badsey,WR11,Hereford and Worcester,England
Bagwyllydiart,HR2,Hereford and Worcester,England
Ballingham,HR2,Hereford and Worcester,England
Ballingham Hill,,Hereford and Worcester,England
Bank Street,WR15,Hereford and Worcester,England
Barbourne,,Hereford and Worcester,England
Barnt Green,,Hereford and Worcester,England
Bartestree,HR1,Hereford and Worcester,England
Barton Court,,Hereford and Worcester,England
Bartonsham,,Hereford and Worcester,England
Bastonford,,Hereford and Worcester,England
Batchfields,,Hereford and Worcester,England
Batchley,,Hereford and Worcester,England
Battenton Green,,Hereford and Worcester,England
Baughton,WR8,Hereford and Worcester,England
Baylis Green,,Hereford and Worcester,England
Baynhall,,Hereford and Worcester,England
Baysham,HR9,Hereford and Worcester,England
Bayton,DY14,Hereford and Worcester,England
Bayton Common,,Hereford and Worcester,England
Beach Hay,,Hereford and Worcester,England
Bearwood,,Hereford and Worcester,England
Beckford,GL20,Hereford and Worcester,England
Beggars Ash,,Hereford and Worcester,England
Belbroughton,DY9,Hereford and Worcester,England
Bell End,DY9,Hereford and Worcester,England
Bell Heath,,Hereford and Worcester,England
Bellevue,,Hereford and Worcester,England
Bengeworth,,Hereford and Worcester,England
Beoley,B98,Hereford and Worcester,England
Berrington Green,,Hereford and Worcester,England
Berrow Green,WR6,Hereford and Worcester,England
Besford,WR8,Hereford and Worcester,England
Bevere,,Hereford and Worcester,England
Bewdley,DY12,Hereford and Worcester,England
Birch Acre,,Hereford and Worcester,England
Birch Berrow,,Hereford and Worcester,England
Birchall,,Hereford and Worcester,England
Birchan Coppice,,Hereford and Worcester,England
Birchend,,Hereford and Worcester,England
Bircher,HR6,Hereford and Worcester,England
Birley,HR4,Hereford and Worcester,England
Birlingham,WR10,Hereford and Worcester,England
Birtley,SY7,Hereford and Worcester,England
Birts Street,WR13,Hereford and Worcester,England
Birtsmorton,,Hereford and Worcester,England
Bishampton,WR10,Hereford and Worcester,England
Bishon Common,,Hereford and Worcester,England
Bishops Frome,,Hereford and Worcester,England
Bishopstone,HR4,Hereford and Worcester,England
Blacklands,,Hereford and Worcester,England
Blackmarstone,,Hereford and Worcester,England
Blackminster,,Hereford and Worcester,England
Blackpole,,Hereford and Worcester,England
Blackwell,B60,Hereford and Worcester,England
Blakebrook,DY11,Hereford and Worcester,England
Blakedown,DY10,Hereford and Worcester,England
Blakemere,HR2,Hereford and Worcester,England
Blakeshall,DY11,Hereford and Worcester,England
Bleak Acre,,Hereford and Worcester,England
Bliss Gate,DY14,Hereford and Worcester,England
Bluntington,,Hereford and Worcester,England
Bockleton,,Hereford and Worcester,England
Bodenham,HR1,Hereford and Worcester,England
Bodenham Bank,,Hereford and Worcester,England
Bodenham Moor,HR1,Hereford and Worcester,England
Bolstone,HR2,Hereford and Worcester,England
Boreley,,Hereford and Worcester,England
Bosbury,HR8,Hereford and Worcester,England
Bournheath,B61,Hereford and Worcester,England
Bouts,,Hereford and Worcester,England
Bow Brook,,Hereford and Worcester,England
Bowley,HR1,Hereford and Worcester,England
Bowley Lane,,Hereford and Worcester,England
Bowley Town,,Hereford and Worcester,England
Bowling Green,,Hereford and Worcester,England
Bradley Green,,Hereford and Worcester,England
Bradlow,,Hereford and Worcester,England
Bradnor Green,,Hereford and Worcester,England
Brampton Abbotts,HR9,Hereford and Worcester,England
Brampton Bryan,SY7,Hereford and Worcester,England
Bransford,WR6,Hereford and Worcester,England
Brayswick,,Hereford and Worcester,England
Bredenbury,HR7,Hereford and Worcester,England
Bredon,GL20,Hereford and Worcester,England
Bredwardine,HR3,Hereford and Worcester,England
Breinton Common,,Hereford and Worcester,England
Brelston Green,,Hereford and Worcester,England
Bretforton,WR11,Hereford and Worcester,England
Brickfields,,Hereford and Worcester,England
Bricklehampton,WR10,Hereford and Worcester,England
Bridge End,,Hereford and Worcester,England
Bridge Sollers,HR4,Hereford and Worcester,England
Bridstow,HR9,Hereford and Worcester,England
Brierley,HR6,Hereford and Worcester,England
Brilley,HR3,Hereford and Worcester,England
Brimfield,SY8,Hereford and Worcester,England
Bringewood Forge,,Hereford and Worcester,England
Bringsty Common,,Hereford and Worcester,England
Brinkley Hill,,Hereford and Worcester,England
Brinsop,HR4,Hereford and Worcester,England
Brinsop Common,,Hereford and Worcester,England
Broad Alley,,Hereford and Worcester,England
Broad Common,,Hereford and Worcester,England
Broad Green,WR6,Hereford and Worcester,England
Broad Heath,WR15,Hereford and Worcester,England
Broad Marston,CV37,Hereford and Worcester,England
Broad Oak,HR2,Hereford and Worcester,England
"Broad, The",,Hereford and Worcester,England
Broadmoor Common,,Hereford and Worcester,England
Broadmore Green,,Hereford and Worcester,England
Broadwas,WR6,Hereford and Worcester,England
Broadwaters,,Hereford and Worcester,England
Broadway,WR12,Hereford and Worcester,England
Broadway Lands,,Hereford and Worcester,England
Brobury,HR3,Hereford and Worcester,England
Brockamin,,Hereford and Worcester,England
Brockencote,,Hereford and Worcester,England
Brockmanton,,Hereford and Worcester,England
Bromsash,HR9,Hereford and Worcester,England
Bromsgrove,B60,Hereford and Worcester,England
Bromyard,HR7,Hereford and Worcester,England
Bromyard Downs,HR7,Hereford and Worcester,England
Broombank,,Hereford and Worcester,England
Broomy Hill,,Hereford and Worcester,England
Brotheridge Green,,Hereford and Worcester,England
Broughton Green,,Hereford and Worcester,England
Broughton Hackett,WR7,Hereford and Worcester,England
Brownheath Common,,Hereford and Worcester,England
Broxwood,HR6,Hereford and Worcester,England
Buckbury,,Hereford and Worcester,England
Buckridge,,Hereford and Worcester,England
Buckton,SY7,Hereford and Worcester,England
Bugle Gate,,Hereford and Worcester,England
Bullinghope,,Hereford and Worcester,England
Burcher,,Hereford and Worcester,England
Burghill,HR4,Hereford and Worcester,England
Burley Gate,HR1,Hereford and Worcester,England
Burlish Park,,Hereford and Worcester,England
Burrington,SY8,Hereford and Worcester,England
Bush Bank,HR4,Hereford and Worcester,England
Bushley,GL20,Hereford and Worcester,England
Bushley Green,,Hereford and Worcester,England
Bycross,,Hereford and Worcester,England
Byford,HR4,Hereford and Worcester,England
Byford Common,,Hereford and Worcester,England
Byton,LD8,Hereford and Worcester,England
Byton Hand,,Hereford and Worcester,England
Cakebole,,Hereford and Worcester,England
Callow,HR2,Hereford and Worcester,England
Callow End,WR2,Hereford and Worcester,England
Callow Hill,DY14,Hereford and Worcester,England
Callow Marsh,,Hereford and Worcester,England
Calver Hill,HR4,Hereford and Worcester,England
Canon Bridge,HR2,Hereford and Worcester,England
Canon Frome,HR8,Hereford and Worcester,England
Canon Pyon,HR4,Hereford and Worcester,England
Carey,HR2,Hereford and Worcester,England
Castle Frome,HR8,Hereford and Worcester,England
Castlemorton,WR13,Hereford and Worcester,England
Catchems End,,Hereford and Worcester,England
Catley Southfield,,Hereford and Worcester,England
Catshill,B61,Hereford and Worcester,England
Caunsall,DY11,Hereford and Worcester,England
Chadbury,,Hereford and Worcester,England
Chaddesley Corbett,DY10,Hereford and Worcester,England
Chadwick,,Hereford and Worcester,England
Channerwick,,Hereford and Worcester,England
Charford,,Hereford and Worcester,England
Charlton,WR10,Hereford and Worcester,England
Chatley,,Hereford and Worcester,England
Chawson,,Hereford and Worcester,England
Checkley,HR1,Hereford and Worcester,England
Cherry Orchard,,Hereford and Worcester,England
Chickward,,Hereford and Worcester,England
Childswickham,WR12,Hereford and Worcester,England
Cholstrey,HR6,Hereford and Worcester,England
Church Lench,WR11,Hereford and Worcester,England
Churchill,DY10,Hereford and Worcester,England
Cladswell,,Hereford and Worcester,England
Claines,WR3,Hereford and Worcester,England
"Cleaver, The",,Hereford and Worcester,England
Cleeve Prior,WR11,Hereford and Worcester,England
Clehonger,HR2,Hereford and Worcester,England
Clent,DY9,Hereford and Worcester,England
Clifford,HR3,Hereford and Worcester,England
Clifton,WR8,Hereford and Worcester,England
Clifton Upton Teme,,Hereford and Worcester,England
Clock Mills,,Hereford and Worcester,England
Clodock,HR2,Hereford and Worcester,England
Clouds,,Hereford and Worcester,England
Clows Top,DY14,Hereford and Worcester,England
Cobhall Common,,Hereford and Worcester,England
Cobley Hill,,Hereford and Worcester,England
Cobnash,HR6,Hereford and Worcester,England
Cock Gate,,Hereford and Worcester,England
Cockshoot,,Hereford and Worcester,England
Cockyard,,Hereford and Worcester,England
Coddington,HR8,Hereford and Worcester,England
Cofton Hackett,,Hereford and Worcester,England
Cold Elm,,Hereford and Worcester,England
Coles Green,,Hereford and Worcester,England
Collington,HR7,Hereford and Worcester,England
Colwall,,Hereford and Worcester,England
Colwall Green,WR13,Hereford and Worcester,England
Colwall Stone,WR13,Hereford and Worcester,England
Combe,LD8,Hereford and Worcester,England
Combe Moor,LD8,Hereford and Worcester,England
Comberton,SY8,Hereford and Worcester,England
Comhampton,,Hereford and Worcester,England
Common Hill,,Hereford and Worcester,England
Conderton,GL20,Hereford and Worcester,England
Cookhill,,Hereford and Worcester,England
Cookley,DY10,Hereford and Worcester,England
Cooksey Corner,,Hereford and Worcester,England
Cooksey Green,,Hereford and Worcester,England
Copcut,,Hereford and Worcester,England
Cornett,,Hereford and Worcester,England
Cotheridge,WR6,Hereford and Worcester,England
Covender,,Hereford and Worcester,England
Coxall,,Hereford and Worcester,England
Crabbs Cross,B97,Hereford and Worcester,England
Cradley,WR13,Hereford and Worcester,England
Craswell,,Hereford and Worcester,England
Credenhill,HR4,Hereford and Worcester,England
Crizeley,,Hereford and Worcester,England
Cropthorne,WR10,Hereford and Worcester,England
Cross Bank,,Hereford and Worcester,England
Cross Llyde,,Hereford and Worcester,England
Crossway,,Hereford and Worcester,England
Crossway Green,DY13,Hereford and Worcester,England
Crow Hill,HR9,Hereford and Worcester,England
Crowcroft,,Hereford and Worcester,England
Crowle,WR7,Hereford and Worcester,England
Crowle Green,WR7,Hereford and Worcester,England
Crown East,,Hereford and Worcester,England
Crozen,,Hereford and Worcester,England
Cruise Hill,,Hereford and Worcester,England
Crumpton Hill,,Hereford and Worcester,England
Cutnall Green,WR9,Hereford and Worcester,England
Dagtail End,,Hereford and Worcester,England
Dancing Green,,Hereford and Worcester,England
Darbys Green,,Hereford and Worcester,England
Dawshill,,Hereford and Worcester,England
Dayhouse Bank,,Hereford and Worcester,England
Defford,WR8,Hereford and Worcester,England
Didley,HR2,Hereford and Worcester,England
Diglis,,Hereford and Worcester,England
Dilwyn,HR4,Hereford and Worcester,England
Dinedor,HR2,Hereford and Worcester,England
Dinedor Cross,,Hereford and Worcester,England
Dines Green,,Hereford and Worcester,England
Docklow,HR6,Hereford and Worcester,England
Doddenham,,Hereford and Worcester,England
Dodford,B61,Hereford and Worcester,England
Dodmarsh,,Hereford and Worcester,England
Dordale,,Hereford and Worcester,England
Dormington,HR1,Hereford and Worcester,England
Dormston,,Hereford and Worcester,England
Dorstone,HR3,Hereford and Worcester,England
Doverdale,WR9,Hereford and Worcester,England
Dowles,,Hereford and Worcester,England
Drakelow,,Hereford and Worcester,England
Drakes Broughton,WR10,Hereford and Worcester,England
Drakes Cross,B47,Hereford and Worcester,England
Drayton,DY9,Hereford and Worcester,England
Droitwich,WR9,Hereford and Worcester,England
Droitwich Canal,,Hereford and Worcester,England
Druggers End,,Hereford and Worcester,England
Duckswich,,Hereford and Worcester,England
Dunhampstead,,Hereford and Worcester,England
Dunhampton,DY13,Hereford and Worcester,England
Dunley,DY13,Hereford and Worcester,England
Dunstall Common,,Hereford and Worcester,England
Durlow Common,,Hereford and Worcester,England
Eachway,,Hereford and Worcester,England
Eardisland,HR6,Hereford and Worcester,England
Eardisley,HR3,Hereford and Worcester,England
Eardiston,WR15,Hereford and Worcester,England
Easthampton,,Hereford and Worcester,England
Eastnor,HR8,Hereford and Worcester,England
Eaton Bishop,HR2,Hereford and Worcester,England
Eau Withington,,Hereford and Worcester,England
Eckington,WR10,Hereford and Worcester,England
Edgiock,,Hereford and Worcester,England
Edvin Loach,HR7,Hereford and Worcester,England
Edwyn Ralph,HR7,Hereford and Worcester,England
Egdon,,Hereford and Worcester,England
Eign Hill,,Hereford and Worcester,England
Eldersfield,GL19,Hereford and Worcester,England
Elmbridge,WR9,Hereford and Worcester,England
Elmley Castle,WR10,Hereford and Worcester,England
Elmley Lovett,WR9,Hereford and Worcester,England
Elms Green,,Hereford and Worcester,England
Elton,SY8,Hereford and Worcester,England
Enmore Field,,Hereford and Worcester,England
Escley Brook,,Hereford and Worcester,England
Even Pits,,Hereford and Worcester,England
Evendine,,Hereford and Worcester,England
Evesbatch,WR6,Hereford and Worcester,England
Evesham,WR11,Hereford and Worcester,England
Ewyas Harold,HR2,Hereford and Worcester,England
Eye,HR6,Hereford and Worcester,England
Eyton,HR6,Hereford and Worcester,England
Fairfield,B61,Hereford and Worcester,England
Falcon,,Hereford and Worcester,England
Fawley Chapel,HR1,Hereford and Worcester,England
Feckenham,,Hereford and Worcester,England
Felton,HR1,Hereford and Worcester,England
Fernhill Heath,WR3,Hereford and Worcester,England
Fine Street,,Hereford and Worcester,England
Fingerpost,DY14,Hereford and Worcester,England
Finstall,B60,Hereford and Worcester,England
Five Bridges,WR6,Hereford and Worcester,England
Fladbury,WR10,Hereford and Worcester,England
Fladbury Cross,,Hereford and Worcester,England
Flaggoners Green,,Hereford and Worcester,England
Flintsham,,Hereford and Worcester,England
Floodgates,,Hereford and Worcester,England
Flyford Flavell,WR7,Hereford and Worcester,England
Foley Park,,Hereford and Worcester,England
Footrid,,Hereford and Worcester,England
"Forge, The",,Hereford and Worcester,England
Forhill,,Hereford and Worcester,England
Four Pools,,Hereford and Worcester,England
Fownhope,HR1,Hereford and Worcester,England
Fox Hill,,Hereford and Worcester,England
Foxlydiate,,Hereford and Worcester,England
Foy,HR9,Hereford and Worcester,England
Franche,DY11,Hereford and Worcester,England
Franklands Gate,,Hereford and Worcester,England
Frankley,B32,Hereford and Worcester,England
Frankley Green,,Hereford and Worcester,England
Frankley Hill,,Hereford and Worcester,England
Frith Common,WR15,Hereford and Worcester,England
Frog Pool,WR6,Hereford and Worcester,England
"Fromes, Hill",,Hereford and Worcester,England
Fromington,,Hereford and Worcester,England
Gadfield Elm,,Hereford and Worcester,England
Garway,HR2,Hereford and Worcester,England
Garway Hill,HR2,Hereford and Worcester,England
Gilfach,,Hereford and Worcester,England
Glewstone,HR9,Hereford and Worcester,England
Golder Field,,Hereford and Worcester,England
Goodrich,HR9,Hereford and Worcester,England
Goose Pool,,Hereford and Worcester,England
Goosehill Green,,Hereford and Worcester,England
Gorsley Common,HR9,Hereford and Worcester,England
Gosford,,Hereford and Worcester,England
Grafton,HR2,Hereford and Worcester,England
Grafton Flyford,WR7,Hereford and Worcester,England
Grantsfield,,Hereford and Worcester,England
Great Comberton,WR10,Hereford and Worcester,England
Great Doward,,Hereford and Worcester,England
Great Malvern,WR14,Hereford and Worcester,England
Great Witley,WR6,Hereford and Worcester,England
Green Crize,,Hereford and Worcester,England
Green Lane,,Hereford and Worcester,England
Green Street,,Hereford and Worcester,England
Greenway,,Hereford and Worcester,England
Grendon Bishop,,Hereford and Worcester,England
Grendon Green,HR6,Hereford and Worcester,England
Greytree,,Hereford and Worcester,England
Grimes Hill,,Hereford and Worcester,England
Grimley,WR2,Hereford and Worcester,England
Grittlesend,,Hereford and Worcester,England
Guarlford,WR13,Hereford and Worcester,England
Hadzor,WR9,Hereford and Worcester,England
Hagley,DY9,Hereford and Worcester,England
Hales Bank,,Hereford and Worcester,England
Hales Park,,Hereford and Worcester,England
Hales Wood,,Hereford and Worcester,England
Hall Flat,,Hereford and Worcester,England
Hallow,WR2,Hereford and Worcester,England
Hallow Heath,WR2,Hereford and Worcester,England
Ham Green,B97,Hereford and Worcester,England
Hamnish Clifford,,Hereford and Worcester,England
Hampton,WR11,Hereford and Worcester,England
Hampton Bishop,HR1,Hereford and Worcester,England
Hampton Lovett,WR9,Hereford and Worcester,England
Hampton Park,,Hereford and Worcester,England
Hanbury,B60,Hereford and Worcester,England
Hanley Castle,WR8,Hereford and Worcester,England
Hanley Child,WR15,Hereford and Worcester,England
Hanley Swan,WR8,Hereford and Worcester,England
Hanley William,WR15,Hereford and Worcester,England
Harbours Hill,,Hereford and Worcester,England
Harewood End,HR2,Hereford and Worcester,England
Harpley,WR6,Hereford and Worcester,England
Hartle,,Hereford and Worcester,England
Hartlebury,DY11,Hereford and Worcester,England
Hartlebury Common,,Hereford and Worcester,England
Harvington,DY10,Hereford and Worcester,England
Hatfield,HR6,Hereford and Worcester,England
Haven,HR4,Hereford and Worcester,England
Hawbridge,WR8,Hereford and Worcester,England
Hawford,WR9,Hereford and Worcester,England
Hawkersland Cross,,Hereford and Worcester,England
Headbrook,,Hereford and Worcester,England
Headless Cross,B97,Hereford and Worcester,England
Headley Heath,,Hereford and Worcester,England
Heath Green,,Hereford and Worcester,England
Heightington,,Hereford and Worcester,England
Henbrook,,Hereford and Worcester,England
Hereford,HR1,Hereford and Worcester,England
High Green,WR8,Hereford and Worcester,England
High Lane,WR6,Hereford and Worcester,England
Highwood,,Hereford and Worcester,England
Hildersley,,Hereford and Worcester,England
Hill Croome,,Hereford and Worcester,England
Hill Furze,,Hereford and Worcester,England
Hill Gate,,Hereford and Worcester,England
Hill Side,,Hereford and Worcester,England
Hillhampton,,Hereford and Worcester,England
Hillpool,,Hereford and Worcester,England
Himbleton,WR9,Hereford and Worcester,England
Hindlip,WR3,Hereford and Worcester,England
Hinton,HR2,Hereford and Worcester,England
Hinton Cross,,Hereford and Worcester,England
Hinton on the Green,WR11,Hereford and Worcester,England
Hoarwithy,HR2,Hereford and Worcester,England
Hoden,,Hereford and Worcester,England
Holbeache,,Hereford and Worcester,England
Holberrow Green,,Hereford and Worcester,England
Holdfast,,Hereford and Worcester,England
Hole-in-the Wall,,Hereford and Worcester,England
Holly Green,WR8,Hereford and Worcester,England
Hollybush,HR8,Hereford and Worcester,England
Hollywood,B47,Hereford and Worcester,England
Holme Lacy,HR2,Hereford and Worcester,England
Holme Marsh,HR5,Hereford and Worcester,England
Holmer,HR1,Hereford and Worcester,England
Holt,WR6,Hereford and Worcester,England
Holt End,B98,Hereford and Worcester,England
Holt Fleet,WR9,Hereford and Worcester,England
Holt Heath,WR6,Hereford and Worcester,England
Holy Cross,DY9,Hereford and Worcester,England
Hom Green,HR9,Hereford and Worcester,England
Honeybourne,WR11,Hereford and Worcester,England
Hoobrook,,Hereford and Worcester,England
Hook Bank,,Hereford and Worcester,England
Hope Mansell,HR9,Hereford and Worcester,England
Hope under Dinmore,HR6,Hereford and Worcester,England
Hopwood,B48,Hereford and Worcester,England
Horseway Head,,Hereford and Worcester,England
Horsham,WR6,Hereford and Worcester,England
How Caple,HR1,Hereford and Worcester,England
Howsen,,Hereford and Worcester,England
Howton,HR2,Hereford and Worcester,England
Huddington,WR9,Hereford and Worcester,England
Humber,,Hereford and Worcester,England
Hunderton,,Hereford and Worcester,England
"Hundred, The",,Hereford and Worcester,England
Hungerstone,,Hereford and Worcester,England
Hunnington,,Hereford and Worcester,England
Hunt End,B97,Hereford and Worcester,England
Huntington,HR5,Hereford and Worcester,England
Hurcott,,Hereford and Worcester,England
Hurstley,,Hereford and Worcester,England
Inkberrow,WR7,Hereford and Worcester,England
Inkford,,Hereford and Worcester,England
Interfield,,Hereford and Worcester,England
Ipsley,,Hereford and Worcester,England
Ivington,HR6,Hereford and Worcester,England
Kemerton,GL20,Hereford and Worcester,England
Kempsey,WR5,Hereford and Worcester,England
Kenchester,HR4,Hereford and Worcester,England
Kendal End,,Hereford and Worcester,England
Kerne Bridge,HR9,Hereford and Worcester,England
Kersoe,,Hereford and Worcester,England
Kerswell Green,WR5,Hereford and Worcester,England
Kidderminster,DY10,Hereford and Worcester,England
Kiln Green,,Hereford and Worcester,England
Kilpeck,HR2,Hereford and Worcester,England
Kimbolton,HR6,Hereford and Worcester,England
Kingsfield,,Hereford and Worcester,England
Kingsford,DY11,Hereford and Worcester,England
Kingsland,HR6,Hereford and Worcester,England
Kingstone,HR2,Hereford and Worcester,England
Kingswood,,Hereford and Worcester,England
Kingswood Common,HR5,Hereford and Worcester,England
Kington,HR5,Hereford and Worcester,England
Kinnersley,HR3,Hereford and Worcester,England
Kinton,SY7,Hereford and Worcester,England
Kivernoll,,Hereford and Worcester,England
Knapton Green,HR4,Hereford and Worcester,England
Knighton,,Hereford and Worcester,England
Knighton on Teme,,Hereford and Worcester,England
Knightwick,WR6,Hereford and Worcester,England
Knill,LD8,Hereford and Worcester,England
Knowle Fields,,Hereford and Worcester,England
Kymin,,Hereford and Worcester,England
Kyre,,Hereford and Worcester,England
Kyre Green,,Hereford and Worcester,England
Kyre Park,WR15,Hereford and Worcester,England
Kyrewood,,Hereford and Worcester,England
Ladyridge,,Hereford and Worcester,England
Ladywood,,Hereford and Worcester,England
Larport,,Hereford and Worcester,England
Laughern Hill,,Hereford and Worcester,England
Lawton,HR6,Hereford and Worcester,England
Lea,HR9,Hereford and Worcester,England
Lea End,,Hereford and Worcester,England
Lea Line,,Hereford and Worcester,England
Leapgate,,Hereford and Worcester,England
Ledbury,HR8,Hereford and Worcester,England
Ledicot,HR6,Hereford and Worcester,England
Leigh,GL19,Hereford and Worcester,England
Leigh Brook,,Hereford and Worcester,England
Leigh Sinton,WR13,Hereford and Worcester,England
Leinthall Earls,HR6,Hereford and Worcester,England
Leinthall Starkes,SY8,Hereford and Worcester,England
Leintwardine,SY7,Hereford and Worcester,England
Lem Hill,DY14,Hereford and Worcester,England
Lenchwick,WR11,Hereford and Worcester,England
Leominster,HR6,Hereford and Worcester,England
Letton,HR3,Hereford and Worcester,England
Leys Hill,,Hereford and Worcester,England
Leysters,,Hereford and Worcester,England
Libbery,,Hereford and Worcester,England
Lickey,,Hereford and Worcester,England
Lickey End,B60,Hereford and Worcester,England
Lickhill,,Hereford and Worcester,England
Limebrook,,Hereford and Worcester,England
Lincomb,DY13,Hereford and Worcester,England
Lindridge,WR15,Hereford and Worcester,England
Lineholt,,Hereford and Worcester,England
Lineholt Common,,Hereford and Worcester,England
Lingen,SY7,Hereford and Worcester,England
Linkend,,Hereford and Worcester,England
Linley Green,WR6,Hereford and Worcester,England
Linthurst,,Hereford and Worcester,England
Linton,HR9,Hereford and Worcester,England
Linton Hill,,Hereford and Worcester,England
Litmarsh,,Hereford and Worcester,England
Little Beckford,,Hereford and Worcester,England
Little Birch,HR2,Hereford and Worcester,England
Little Comberton,WR10,Hereford and Worcester,England
Little Cowarne,HR7,Hereford and Worcester,England
Little Dewchurch,HR2,Hereford and Worcester,England
Little Doward,,Hereford and Worcester,England
Little Eastbury,,Hereford and Worcester,England
Little Gorsley,GL18,Hereford and Worcester,England
Little Hereford,SY8,Hereford and Worcester,England
Little Hill,,Hereford and Worcester,England
Little Inkberrow,,Hereford and Worcester,England
Little London,,Hereford and Worcester,England
Little Malvern,WR14,Hereford and Worcester,England
Little Marcle,HR8,Hereford and Worcester,England
Little Merthyr,,Hereford and Worcester,England
Little Tarrington,,Hereford and Worcester,England
Little Welland,WR13,Hereford and Worcester,England
Little Witley,WR6,Hereford and Worcester,England
Littleworth,WR5,Hereford and Worcester,England
Llancloudy,,Hereford and Worcester,England
Llangarron,HR9,Hereford and Worcester,England
Llangrove,HR9,Hereford and Worcester,England
Llanveynoe,HR2,Hereford and Worcester,England
Llanwarne,HR2,Hereford and Worcester,England
Lodge Park,,Hereford and Worcester,England
Long Bank,,Hereford and Worcester,England
Long Green,,Hereford and Worcester,England
Longdon,GL20,Hereford and Worcester,England
Longdon Heath,,Hereford and Worcester,England
Longdon Hill End,,Hereford and Worcester,England
Longley Green,WR6,Hereford and Worcester,England
Longtown,HR2,Hereford and Worcester,England
Low Habberley,DY11,Hereford and Worcester,England
Lower Bearwood,,Hereford and Worcester,England
Lower Bentley,,Hereford and Worcester,England
Lower Breinton,,Hereford and Worcester,England
Lower Broadheath,WR2,Hereford and Worcester,England
Lower Buckenhill,,Hereford and Worcester,England
Lower Bullingham,HR2,Hereford and Worcester,England
Lower Burton,,Hereford and Worcester,England
Lower Clent,,Hereford and Worcester,England
Lower Egleton,HR8,Hereford and Worcester,England
Lower Grove Common,,Hereford and Worcester,England
Lower Hardwick,,Hereford and Worcester,England
Lower Harpton,,Hereford and Worcester,England
Lower Hergest,HR5,Hereford and Worcester,England
Lower Hook,,Hereford and Worcester,England
Lower Howsell,,Hereford and Worcester,England
Lower Lye,HR6,Hereford and Worcester,England
Lower Maes-coed,HR2,Hereford and Worcester,England
Lower Moor,WR10,Hereford and Worcester,England
Lower Sapey,,Hereford and Worcester,England
Lower Southfield,,Hereford and Worcester,England
Lower Strensham,,Hereford and Worcester,England
Lower Todding,,Hereford and Worcester,England
Lower Town,,Hereford and Worcester,England
Lower Welson,HR3,Hereford and Worcester,England
Lower Westmancote,,Hereford and Worcester,England
Lower Wick,,Hereford and Worcester,England
Lower Wolverton,,Hereford and Worcester,England
Lower Wyche,WR14,Hereford and Worcester,England
Loxter,,Hereford and Worcester,England
Lucton,HR6,Hereford and Worcester,England
Lugg,,Hereford and Worcester,England
Lugg Green,,Hereford and Worcester,England
Lugwardine,HR1,Hereford and Worcester,England
Lulham,HR2,Hereford and Worcester,England
Lulsley,WR6,Hereford and Worcester,England
Luston,HR6,Hereford and Worcester,England
Lyde Cross,,Hereford and Worcester,England
Lydiate Ash,,Hereford and Worcester,England
Lye Head,,Hereford and Worcester,England
Lyne Down,,Hereford and Worcester,England
Lyonshall,HR5,Hereford and Worcester,England
Madley,HR2,Hereford and Worcester,England
Madresfield,WR13,Hereford and Worcester,England
Malvern Common,,Hereford and Worcester,England
Malvern Hills,WR13,Hereford and Worcester,England
Malvern Link,WR14,Hereford and Worcester,England
Malvern Wells,WR14,Hereford and Worcester,England
Mamble,DY14,Hereford and Worcester,England
Mansell Gamage,HR4,Hereford and Worcester,England
Mansell Lacy,HR4,Hereford and Worcester,England
Marden,HR1,Hereford and Worcester,England
Marl Bank,,Hereford and Worcester,England
Marlas,,Hereford and Worcester,England
Marlbrook,,Hereford and Worcester,England
Marlow,,Hereford and Worcester,England
Marsh End,,Hereford and Worcester,England
Marston,HR6,Hereford and Worcester,England
Marston Stannett,HR6,Hereford and Worcester,England
Marstow,HR9,Hereford and Worcester,England
Martin Hussingtree,WR3,Hereford and Worcester,England
Martley,WR6,Hereford and Worcester,England
Matchborough,,Hereford and Worcester,England
Mathon,WR13,Hereford and Worcester,England
Maund Bryan,HR1,Hereford and Worcester,England
Meadow Green,,Hereford and Worcester,England
Meer Common,,Hereford and Worcester,England
Menithwood,,Hereford and Worcester,England
Merbach,HR3,Hereford and Worcester,England
Michaelchurch,HR2,Hereford and Worcester,England
Michaelchurch Escley,HR2,Hereford and Worcester,England
Middle Littleton,WR11,Hereford and Worcester,England
Middle Maes-coed,HR2,Hereford and Worcester,England
Middleton,SY8,Hereford and Worcester,England
Middleton on the Hill,SY8,Hereford and Worcester,England
Millhalf,,Hereford and Worcester,England
Moccas,HR2,Hereford and Worcester,England
Monkhide,,Hereford and Worcester,England
Monkland,HR6,Hereford and Worcester,England
Monkwood Green,,Hereford and Worcester,England
Monmarsh,,Hereford and Worcester,England
Monnington on Wye,HR4,Hereford and Worcester,England
Moor End,,Hereford and Worcester,England
Moor Park,,Hereford and Worcester,England
Moorcot,HR5,Hereford and Worcester,England
Moorend Cross,,Hereford and Worcester,England
Moorhampton,HR4,Hereford and Worcester,England
"Moors, The",,Hereford and Worcester,England
Mordiford,HR1,Hereford and Worcester,England
Moreton Jeffries,HR1,Hereford and Worcester,England
Moreton on Lugg,HR4,Hereford and Worcester,England
Morton Spirt,,Hereford and Worcester,England
Morton Underhill,,Hereford and Worcester,England
Moseley,WR2,Hereford and Worcester,England
Much Birch,HR2,Hereford and Worcester,England
Much Cowardne,,Hereford and Worcester,England
Much Dewchurch,HR2,Hereford and Worcester,England
Much Marcle,HR8,Hereford and Worcester,England
Munderfield Row,HR7,Hereford and Worcester,England
Munderfield Stocks,HR7,Hereford and Worcester,England
Munsley,HR8,Hereford and Worcester,England
Munstone,,Hereford and Worcester,England
Mustow Green,DY10,Hereford and Worcester,England
Napleton,,Hereford and Worcester,England
Nash,LD8,Hereford and Worcester,England
Nash End,,Hereford and Worcester,England
Naunton,WR8,Hereford and Worcester,England
Naunton Beauchamp,WR10,Hereford and Worcester,England
Neight Hill,,Hereford and Worcester,England
Netherton,WR10,Hereford and Worcester,England
New End,,Hereford and Worcester,England
Newbridge Green,,Hereford and Worcester,England
Newland,WR13,Hereford and Worcester,England
Newland Common,,Hereford and Worcester,England
Newnham Bridge,,Hereford and Worcester,England
Newton,SY7,Hereford and Worcester,England
Newtown,HR8,Hereford and Worcester,England
Nextend,,Hereford and Worcester,England
Nineveh,,Hereford and Worcester,England
Norbridge,,Hereford and Worcester,England
Norchard,DY13,Hereford and Worcester,England
North Littleton,WR11,Hereford and Worcester,England
North Piddle,WR7,Hereford and Worcester,England
Norton,LD8,Hereford and Worcester,England
Norton Canon,HR4,Hereford and Worcester,England
Oakall Green,,Hereford and Worcester,England
Ockeridge,,Hereford and Worcester,England
Ocle Pychard,HR1,Hereford and Worcester,England
Oddingley,WR9,Hereford and Worcester,England
Offenham,WR11,Hereford and Worcester,England
Offenham Cross,,Hereford and Worcester,England
Old Country,,Hereford and Worcester,England
Old Forge,,Hereford and Worcester,England
Old Gore,HR9,Hereford and Worcester,England
Old Hills,,Hereford and Worcester,England
Old Storridge Common,,Hereford and Worcester,England
Old Wharf,,Hereford and Worcester,England
Oldfield,WR9,Hereford and Worcester,England
Oldwood,,Hereford and Worcester,England
Ombersley,WR9,Hereford and Worcester,England
Orcop,HR2,Hereford and Worcester,England
Orcop Hill,HR2,Hereford and Worcester,England
Orleton,SY8,Hereford and Worcester,England
Orleton Common,SY8,Hereford and Worcester,England
Overbury,GL20,Hereford and Worcester,England
Panks Bridge,,Hereford and Worcester,England
Paradise Green,,Hereford and Worcester,England
Parkway,,Hereford and Worcester,England
Peartree Green,,Hereford and Worcester,England
Pebworth,CV37,Hereford and Worcester,England
Pembridge,HR6,Hereford and Worcester,England
Pen-allt,,Hereford and Worcester,England
Pen-y-Park,HR3,Hereford and Worcester,England
Pencombe,HR7,Hereford and Worcester,England
Pencraig,HR9,Hereford and Worcester,England
Pendock,GL19,Hereford and Worcester,England
Penguithal,,Hereford and Worcester,England
Pensax,WR6,Hereford and Worcester,England
Pensham,WR10,Hereford and Worcester,England
Peopleton,WR10,Hereford and Worcester,England
Perryfields,,Hereford and Worcester,England
Perrystone Hill,,Hereford and Worcester,England
Pershore,WR10,Hereford and Worcester,England
Peterchurch,HR2,Hereford and Worcester,England
Peterstow,HR9,Hereford and Worcester,England
Phepson,,Hereford and Worcester,England
Phocle Green,,Hereford and Worcester,England
Picken End,,Hereford and Worcester,England
Pikestye,,Hereford and Worcester,England
Pink Green,,Hereford and Worcester,England
Pinvin,WR10,Hereford and Worcester,England
Pipe and Lyde,HR1,Hereford and Worcester,England
Pirton,WR8,Hereford and Worcester,England
Pixley,,Hereford and Worcester,England
Pole Elm,,Hereford and Worcester,England
Pontrilas,HR2,Hereford and Worcester,England
Pontshill,HR9,Hereford and Worcester,England
Pool Head,,Hereford and Worcester,England
Poolbrook,,Hereford and Worcester,England
Poolmill,,Hereford and Worcester,England
Portway,B48,Hereford and Worcester,England
Pound Bank,DY14,Hereford and Worcester,England
Pow Green,HR8,Hereford and Worcester,England
Powick,WR2,Hereford and Worcester,England
Preston Brook,,Hereford and Worcester,England
Preston Marsh,,Hereford and Worcester,England
Preston on Wye,HR2,Hereford and Worcester,England
Preston Wynne,HR1,Hereford and Worcester,England
Priestfield,,Hereford and Worcester,England
Primsland,,Hereford and Worcester,England
Priory Wood,HR3,Hereford and Worcester,England
Pudleston,HR6,Hereford and Worcester,England
Putley,HR8,Hereford and Worcester,England
Putley Common,,Hereford and Worcester,England
Putley Green,,Hereford and Worcester,England
Putson,,Hereford and Worcester,England
Queenhill,,Hereford and Worcester,England
Radford,,Hereford and Worcester,England
Rainbow Hill,,Hereford and Worcester,England
Rashwood,,Hereford and Worcester,England
Ravenhills Green,,Hereford and Worcester,England
Red Hill,,Hereford and Worcester,England
Red Rail,,Hereford and Worcester,England
Redcross,,Hereford and Worcester,England
Redditch,B97,Hereford and Worcester,England
Rednal,,Hereford and Worcester,England
Rhydd,WR8,Hereford and Worcester,England
Rhydd Green,,Hereford and Worcester,England
Ribbesford,DY12,Hereford and Worcester,England
Richards Castle,,Hereford and Worcester,England
"Riddle, The",,Hereford and Worcester,England
Ridgeway Cross,WR13,Hereford and Worcester,England
Ripple,GL20,Hereford and Worcester,England
Risbury,HR6,Hereford and Worcester,England
Riverside,,Hereford and Worcester,England
Rock,DY14,Hereford and Worcester,England
Rodd,LD8,Hereford and Worcester,England
Rodd Hurst,,Hereford and Worcester,England
Romsley,,Hereford and Worcester,England
Romsley Hill,,Hereford and Worcester,England
Ronkswood,,Hereford and Worcester,England
Ross Green,,Hereford and Worcester,England
Ross-on-Wye,HR9,Hereford and Worcester,England
Rotherwas,,Hereford and Worcester,England
Rous Lench,WR11,Hereford and Worcester,England
Rowlestone,,Hereford and Worcester,England
Rowney Green,B48,Hereford and Worcester,England
Rubery,,Hereford and Worcester,England
Ruckhall,,Hereford and Worcester,England
Rudhall,HR9,Hereford and Worcester,England
Rudhall Brook,,Hereford and Worcester,England
Rumbow Cottages,,Hereford and Worcester,England
Rushall,HR8,Hereford and Worcester,England
Rushock,WR9,Hereford and Worcester,England
Rushwick,WR2,Hereford and Worcester,England
Ruxton,,Hereford and Worcester,England
Ruxton Green,,Hereford and Worcester,England
Rye Street,,Hereford and Worcester,England
Ryelands,,Hereford and Worcester,England
Sale Green,WR9,Hereford and Worcester,England
Saleway,,Hereford and Worcester,England
Salwarpe,WR9,Hereford and Worcester,England
Sankyns Green,,Hereford and Worcester,England
Sapey Bridge,,Hereford and Worcester,England
Sapey Common,WR6,Hereford and Worcester,England
Sarnesfield,HR4,Hereford and Worcester,England
Sedgeberrow,WR11,Hereford and Worcester,England
Sellack,HR9,Hereford and Worcester,England
Sellack Boat,,Hereford and Worcester,England
Severn Stoke,WR8,Hereford and Worcester,England
Sharpway Gate,,Hereford and Worcester,England
Shatterford,DY12,Hereford and Worcester,England
Shell,,Hereford and Worcester,England
Shelsley Beauchamp,WR6,Hereford and Worcester,England
Shelsley Walsh,WR6,Hereford and Worcester,England
Shelwick,HR1,Hereford and Worcester,England
Shelwick Green,,Hereford and Worcester,England
Shenmore,HR2,Hereford and Worcester,England
Shenstone,DY10,Hereford and Worcester,England
Shernal Green,,Hereford and Worcester,England
Shirl Heath,HR6,Hereford and Worcester,England
Shobdon,HR6,Hereford and Worcester,England
Shoulton,WR2,Hereford and Worcester,England
Shrawley,WR6,Hereford and Worcester,England
Shucknall,HR1,Hereford and Worcester,England
Shurnock,,Hereford and Worcester,England
Shutton,,Hereford and Worcester,England
Sidemoor,B61,Hereford and Worcester,England
Silver Street,,Hereford and Worcester,England
Sinton,,Hereford and Worcester,England
Sinton Green,WR2,Hereford and Worcester,England
Slades Green,,Hereford and Worcester,England
Sledge Green,WR13,Hereford and Worcester,England
Slideslow,,Hereford and Worcester,England
Smallwood,,Hereford and Worcester,England
Smite Hill,,Hereford and Worcester,England
Smith End Green,WR6,Hereford and Worcester,England
Sneachill,WR7,Hereford and Worcester,England
Snead Common,,Hereford and Worcester,England
Sneads Green,,Hereford and Worcester,England
Snodhill,HR3,Hereford and Worcester,England
Sollers Dilwyn,HR4,Hereford and Worcester,England
Sollers Hope,HR1,Hereford and Worcester,England
South Littleton,WR11,Hereford and Worcester,England
Southcrest,,Hereford and Worcester,England
Spennells,,Hereford and Worcester,England
Spetchley,WR5,Hereford and Worcester,England
St Godwalds,,Hereford and Worcester,England
St Margarets,HR2,Hereford and Worcester,England
St Michaels,WR15,Hereford and Worcester,England
St Peter The Great,,Hereford and Worcester,England
St Weonards,HR2,Hereford and Worcester,England
Stagbatch,,Hereford and Worcester,England
Stakenbridge,,Hereford and Worcester,England
Stanbrook,,Hereford and Worcester,England
Stanford Bishop,WR6,Hereford and Worcester,England
Stanford Bridge,WR6,Hereford and Worcester,England
Stanford on Teme,WR6,Hereford and Worcester,England
Stanklyn,,Hereford and Worcester,England
Stanley Hill,,Hereford and Worcester,England
Stansbatch,HR6,Hereford and Worcester,England
Staple Hill,,Hereford and Worcester,England
Stapleton,LD8,Hereford and Worcester,England
Staplow,HR8,Hereford and Worcester,England
Staunton on Arrow,HR6,Hereford and Worcester,England
Staunton on Wye,HR4,Hereford and Worcester,England
Stock Green,,Hereford and Worcester,England
Stock Wood,,Hereford and Worcester,England
Stocking,,Hereford and Worcester,England
Stockton,HR6,Hereford and Worcester,England
Stockton on Teme,WR6,Hereford and Worcester,England
Stoke Bliss,WR15,Hereford and Worcester,England
Stoke Cross,,Hereford and Worcester,England
Stoke Edith,,Hereford and Worcester,England
Stoke Hill,,Hereford and Worcester,England
Stoke Lacy,HR7,Hereford and Worcester,England
Stoke Lane,,Hereford and Worcester,England
Stoke Pound,,Hereford and Worcester,England
Stoke Prior,B60,Hereford and Worcester,England
Stoke Wharf,,Hereford and Worcester,England
Stone,DY10,Hereford and Worcester,England
Stonebow,,Hereford and Worcester,England
Stonehall,,Hereford and Worcester,England
Stonepits,,Hereford and Worcester,England
Stoney Hill,,Hereford and Worcester,England
Stoneyard Green,,Hereford and Worcester,England
Stony Cross,,Hereford and Worcester,England
Storridge,WR13,Hereford and Worcester,England
Stoulton,WR7,Hereford and Worcester,England
Stourport-on-Severn,DY13,Hereford and Worcester,England
Strangford,,Hereford and Worcester,England
Strensham,WR8,Hereford and Worcester,England
Stretford Brook,,Hereford and Worcester,England
Stretford Court,HR6,Hereford and Worcester,England
Stretton Grandison,HR8,Hereford and Worcester,England
Stretton Sugwas,HR4,Hereford and Worcester,England
Suckley,WR6,Hereford and Worcester,England
Suckley Green,,Hereford and Worcester,England
Suckley Knowl,,Hereford and Worcester,England
Sugwas Pool,,Hereford and Worcester,England
Summerhill,,Hereford and Worcester,England
Sunset,,Hereford and Worcester,England
Swainshill,HR4,Hereford and Worcester,England
Sweet Green,,Hereford and Worcester,England
Swinmore Common,,Hereford and Worcester,England
Symonds Yat,HR9,Hereford and Worcester,England
Sytchampton,DY13,Hereford and Worcester,England
Tanwood,,Hereford and Worcester,England
Tardebigge,B60,Hereford and Worcester,England
Tarrington,HR1,Hereford and Worcester,England
Tarrington Common,,Hereford and Worcester,England
Tedstone Delamere,HR7,Hereford and Worcester,England
Tedstone Wafer,,Hereford and Worcester,England
Teme,,Hereford and Worcester,England
Tenbury Wells,WR15,Hereford and Worcester,England
The Bage,HR3,Hereford and Worcester,England
The Burf,DY13,Hereford and Worcester,England
The Fording,,Hereford and Worcester,England
The Gutter,,Hereford and Worcester,England
The Hook,,Hereford and Worcester,England
The Knapp,,Hereford and Worcester,England
The Lakes,,Hereford and Worcester,England
The Rampings,,Hereford and Worcester,England
The Rhydd,,Hereford and Worcester,England
Thornbury,HR7,Hereford and Worcester,England
Three Ashes,,Hereford and Worcester,England
Throckmorton,WR10,Hereford and Worcester,England
Thruxton,HR2,Hereford and Worcester,England
Tibberton,GL19,Hereford and Worcester,England
Tidnor,,Hereford and Worcester,England
Tillington,HR4,Hereford and Worcester,England
Tillinton Common,,Hereford and Worcester,England
Timberhonger,,Hereford and Worcester,England
Titley,HR5,Hereford and Worcester,England
Titton,,Hereford and Worcester,England
Tolladine,,Hereford and Worcester,England
Torton,,Hereford and Worcester,England
Totnor,,Hereford and Worcester,England
Tram Inn,,Hereford and Worcester,England
Treaddow,,Hereford and Worcester,England
Tretire,HR2,Hereford and Worcester,England
Trimpley,DY12,Hereford and Worcester,England
Trotshill,,Hereford and Worcester,England
Trumpet,HR8,Hereford and Worcester,England
Tudorville,,Hereford and Worcester,England
Tumpy Lakes,,Hereford and Worcester,England
Tunnel Hill,,Hereford and Worcester,England
Tupsley,HR1,Hereford and Worcester,England
Turkey Tump,,Hereford and Worcester,England
Turnastone,HR2,Hereford and Worcester,England
Tutnall,B60,Hereford and Worcester,England
Twyford Common,HR2,Hereford and Worcester,England
Tyberton,HR2,Hereford and Worcester,England
Uckinghall,GL20,Hereford and Worcester,England
Ullingswick,HR1,Hereford and Worcester,England
Ullington,,Hereford and Worcester,England
Upcott,HR3,Hereford and Worcester,England
Uphampton,WR9,Hereford and Worcester,England
Upper Arley,DY12,Hereford and Worcester,England
Upper Bentley,,Hereford and Worcester,England
Upper Breinton,HR4,Hereford and Worcester,England
Upper Broadheath,,Hereford and Worcester,England
Upper Broxwood,,Hereford and Worcester,England
Upper Buckenhill,,Hereford and Worcester,England
Upper Catshill,B61,Hereford and Worcester,England
Upper Colwall,,Hereford and Worcester,England
Upper Dormington,,Hereford and Worcester,England
Upper Egleton,,Hereford and Worcester,England
Upper Gambolds,,Hereford and Worcester,England
Upper Grove Common,,Hereford and Worcester,England
Upper Ham,,Hereford and Worcester,England
Upper Hamnish,,Hereford and Worcester,England
Upper Hardwick,,Hereford and Worcester,England
Upper Haselor,,Hereford and Worcester,England
Upper Hergest,HR5,Hereford and Worcester,England
Upper Hill,HR6,Hereford and Worcester,England
Upper Howsell,,Hereford and Worcester,England
Upper Kinsham,,Hereford and Worcester,England
Upper Lyde,,Hereford and Worcester,England
Upper Lye,,Hereford and Worcester,England
Upper Maes-coed,HR2,Hereford and Worcester,England
Upper Moor,,Hereford and Worcester,England
Upper Rochford,WR15,Hereford and Worcester,England
Upper Sapey,WR6,Hereford and Worcester,England
Upper Strensham,,Hereford and Worcester,England
Upper Welland,,Hereford and Worcester,England
Upper Welson,HR3,Hereford and Worcester,England
Upper Wick,,Hereford and Worcester,England
Upper Wolverton,,Hereford and Worcester,England
Upper Wyche,WR14,Hereford and Worcester,England
Upton Bishop,HR9,Hereford and Worcester,England
Upton Crews,,Hereford and Worcester,England
Upton Snodsbury,WR7,Hereford and Worcester,England
Upton upon Severn,WR8,Hereford and Worcester,England
Upton Warren,B61,Hereford and Worcester,England
Urdimarsh,HR1,Hereford and Worcester,England
Vale Of Evesham,,Hereford and Worcester,England
"Vauld, The",,Hereford and Worcester,England
Veldo,,Hereford and Worcester,England
Vowchurch,HR2,Hereford and Worcester,England
Vowchurch Common,,Hereford and Worcester,England
Wadborough,WR8,Hereford and Worcester,England
Walford,HR9,Hereford and Worcester,England
"Walshes, The",,Hereford and Worcester,England
Walterstone,HR2,Hereford and Worcester,England
Walton Pool,,Hereford and Worcester,England
Wants Green,,Hereford and Worcester,England
Waresley,,Hereford and Worcester,England
Warndon,WR4,Hereford and Worcester,England
Wayend Street,,Hereford and Worcester,England
Weatheroak Hill,B48,Hereford and Worcester,England
"Weaven, The",,Hereford and Worcester,England
Webheath,B97,Hereford and Worcester,England
Welland,WR13,Hereford and Worcester,England
Welland Stone,,Hereford and Worcester,England
Wellington,HR4,Hereford and Worcester,England
Wellington Heath,HR8,Hereford and Worcester,England
Welsh Newton,,Hereford and Worcester,England
Welsh Newton Common,,Hereford and Worcester,England
Weobley,HR4,Hereford and Worcester,England
Weobley Marsh,HR4,Hereford and Worcester,England
West Hagley,DY9,Hereford and Worcester,England
West Lydiatt,,Hereford and Worcester,England
West Malvern,WR14,Hereford and Worcester,England
Westfield,,Hereford and Worcester,England
Westfields,,Hereford and Worcester,England
Westhide,HR1,Hereford and Worcester,England
Westhope,HR4,Hereford and Worcester,England
Westlands,,Hereford and Worcester,England
Westmancote,,Hereford and Worcester,England
Weston,,Hereford and Worcester,England
Weston Beggard,HR1,Hereford and Worcester,England
Weston under Penyard,HR9,Hereford and Worcester,England
Wharton,HR6,Hereford and Worcester,England
Whitbourne,WR6,Hereford and Worcester,England
Whitchurch,HR9,Hereford and Worcester,England
White Cross,HR4,Hereford and Worcester,England
White End,GL19,Hereford and Worcester,England
White Ladies Aston,WR7,Hereford and Worcester,England
White Rocks,,Hereford and Worcester,England
White Stone,,Hereford and Worcester,England
Whitechurch Maund,,Hereford and Worcester,England
Whitney-on-Wye,,Hereford and Worcester,England
Whittington,WR5,Hereford and Worcester,England
Whitton,SY8,Hereford and Worcester,England
Whyle,HR6,Hereford and Worcester,England
Wichenford,WR6,Hereford and Worcester,England
Wick,WR10,Hereford and Worcester,England
Wick Episcopi,,Hereford and Worcester,England
Wickhamford,WR11,Hereford and Worcester,England
Widemarsh,,Hereford and Worcester,England
Wigmore,HR6,Hereford and Worcester,England
Wilden,DY13,Hereford and Worcester,England
Wildmoor,,Hereford and Worcester,England
Willersley,HR3,Hereford and Worcester,England
Willow Green,,Hereford and Worcester,England
Winforton,HR3,Hereford and Worcester,England
Winnal,,Hereford and Worcester,England
Winnal Common,,Hereford and Worcester,England
Winslow Mill,,Hereford and Worcester,England
Winyates,,Hereford and Worcester,England
Winyates Green,,Hereford and Worcester,England
Withington,HR1,Hereford and Worcester,England
Withington Marsh,,Hereford and Worcester,England
Withybed Green,,Hereford and Worcester,England
Witnells End,,Hereford and Worcester,England
Witton,,Hereford and Worcester,England
Witton Hill,,Hereford and Worcester,England
Wofferwood Common,,Hereford and Worcester,England
Wolferlow,WR15,Hereford and Worcester,England
Wolverley,DY11,Hereford and Worcester,England
Woodcote Green,,Hereford and Worcester,England
Woodgate,B32,Hereford and Worcester,England
Woodgates Green,,Hereford and Worcester,England
Woodrow,,Hereford and Worcester,England
Woods,,Hereford and Worcester,England
Woodsfield,,Hereford and Worcester,England
Woolhope,HR1,Hereford and Worcester,England
Woolhope Cockshoot,,Hereford and Worcester,England
Woolmere Green,B60,Hereford and Worcester,England
Woonton,HR3,Hereford and Worcester,England
Wootton,SY7,Hereford and Worcester,England
Worcester,WR1,Hereford and Worcester,England
Wormbridge,HR2,Hereford and Worcester,England
Wormbridge Common,,Hereford and Worcester,England
Wormelow Tump,HR2,Hereford and Worcester,England
Worms Ash,,Hereford and Worcester,England
Wormsley,HR4,Hereford and Worcester,England
Wribbenhall,DY12,Hereford and Worcester,England
Wychbold,WR9,Hereford and Worcester,England
Wylde,,Hereford and Worcester,England
"Wymm, The",,Hereford and Worcester,England
Wynds Point,,Hereford and Worcester,England
Wyre Piddle,WR10,Hereford and Worcester,England
Wyson,SY8,Hereford and Worcester,England
Wythall,B47,Hereford and Worcester,England
Yarhampton,,Hereford and Worcester,England
Yarhampton Cross,,Hereford and Worcester,England
Yarkhill,HR1,Hereford and Worcester,England
Yarpole,HR6,Hereford and Worcester,England
Yarsop,HR4,Hereford and Worcester,England
Yatton,HR6,Hereford and Worcester,England
Yazor,HR4,Hereford and Worcester,England
