,,Hertfordshire,England
Abbots Langley,WD5,Hertfordshire,England
Adeyfield,HP2,Hertfordshire,England
Albury,SG11,Hertfordshire,England
Albury End,,Hertfordshire,England
Aldbury,HP23,Hertfordshire,England
Aldenham,,Hertfordshire,England
Aley Green,,Hertfordshire,England
Amwell,,Hertfordshire,England
Ansells End,,Hertfordshire,England
Anstey,SG9,Hertfordshire,England
Apsley,HP3,Hertfordshire,England
Ardeley,SG2,Hertfordshire,England
Ashwell,SG7,Hertfordshire,England
Ashwell End,,Hertfordshire,England
Aspenden,SG9,Hertfordshire,England
Aston,SG2,Hertfordshire,England
Aston End,SG2,Hertfordshire,England
Ayot Green,,Hertfordshire,England
Ayot St Lawrence,AL6,Hertfordshire,England
Ayot St Peter,AL6,Hertfordshire,England
Ayres End,,Hertfordshire,England
Babbs Green,,Hertfordshire,England
Bakers End,,Hertfordshire,England
Baldock,SG7,Hertfordshire,England
Barkway,SG8,Hertfordshire,England
Barley,SG8,Hertfordshire,England
Barleycroft End,SG9,Hertfordshire,England
Barwick,,Hertfordshire,England
Bassus Green,,Hertfordshire,England
Batchworth,WD3,Hertfordshire,England
Batchworth Heath,WD3,Hertfordshire,England
Batford,,Hertfordshire,England
Batlers Green,,Hertfordshire,England
Bayford,SG13,Hertfordshire,England
Beane,,Hertfordshire,England
Bedmond,WD5,Hertfordshire,England
Bedwell,,Hertfordshire,England
Bell Bar,AL9,Hertfordshire,England
Belsize,,Hertfordshire,England
Bendish,SG4,Hertfordshire,England
Bengeo,SG14,Hertfordshire,England
Benington,SG2,Hertfordshire,England
Bennetts End,,Hertfordshire,England
Bentley Heath,,Hertfordshire,England
Berkhamsted,HP4,Hertfordshire,England
Bernards Heath,,Hertfordshire,England
Birch Green,,Hertfordshire,England
Birchwood,,Hertfordshire,England
Bishop's Stortford,CM23,Hertfordshire,England
Blackmore End,AL4,Hertfordshire,England
Blue Hill,,Hertfordshire,England
Borehamwood,WD6,Hertfordshire,England
Bourne End,HP1,Hertfordshire,England
Bovingdon,HP3,Hertfordshire,England
Bovingdon Green,,Hertfordshire,England
Bower Heath,,Hertfordshire,England
Boxmoor,HP1,Hertfordshire,England
Bozen Green,,Hertfordshire,England
Bragbury End,SG2,Hertfordshire,England
Bramfield,SG14,Hertfordshire,England
Braughing,SG11,Hertfordshire,England
Braughing Friars,,Hertfordshire,England
Breachwood Green,SG4,Hertfordshire,England
Brent Pelham,SG9,Hertfordshire,England
Brickendon,SG13,Hertfordshire,England
Bricket Wood,AL2,Hertfordshire,England
Broad Colney,,Hertfordshire,England
Broadgreen Wood,,Hertfordshire,England
Broadoak End,,Hertfordshire,England
Broadwater,SG2,Hertfordshire,England
Broken Green,,Hertfordshire,England
Bromley,,Hertfordshire,England
Brook End,,Hertfordshire,England
Brookmans Park,AL9,Hertfordshire,England
Broxbourne,EN10,Hertfordshire,England
Buckland,SG9,Hertfordshire,England
Bucks Hill,WD4,Hertfordshire,England
Bulbourne,,Hertfordshire,England
Bulstrode,,Hertfordshire,England
Buntingford,SG9,Hertfordshire,England
Burge End,,Hertfordshire,England
Burnham Green,AL6,Hertfordshire,England
Bury Green,SG11,Hertfordshire,England
Bushey,WD2,Hertfordshire,England
Bushey Heath,,Hertfordshire,England
Bygrave,SG7,Hertfordshire,England
Cadwell,,Hertfordshire,England
Caldecote,SG7,Hertfordshire,England
Caldecote Hill,,Hertfordshire,England
Cam (Rhee),,Hertfordshire,England
Carpenders Park,,Hertfordshire,England
Chapel Green,,Hertfordshire,England
Chapmore End,SG12,Hertfordshire,England
Charlton,SG5,Hertfordshire,England
Chaulden,,Hertfordshire,England
Cheapside,,Hertfordshire,England
Chells,,Hertfordshire,England
Cherry Green,,Hertfordshire,England
Cheshunt,EN7,Hertfordshire,England
Childwick Bury,,Hertfordshire,England
Childwick Green,AL3,Hertfordshire,England
Chiltern Hills,,Hertfordshire,England
Chipperfield,WD4,Hertfordshire,England
Chipping,SG9,Hertfordshire,England
Chiswell Green,AL2,Hertfordshire,England
Chorleywood,WD3,Hertfordshire,England
Chorleywood Bottom,,Hertfordshire,England
Church End,AL3,Hertfordshire,England
Churchgate,EN7,Hertfordshire,England
Clapgate,,Hertfordshire,England
Clay End,,Hertfordshire,England
Clothall,SG7,Hertfordshire,England
Clothall Common,,Hertfordshire,England
Codicote,SG4,Hertfordshire,England
Codicote Bottom,,Hertfordshire,England
Cokenach,,Hertfordshire,England
Cold Christmas,,Hertfordshire,England
Cold Harbour,,Hertfordshire,England
Cole Green,SG14,Hertfordshire,England
Coleman Green,,Hertfordshire,England
Colliers End,SG11,Hertfordshire,England
Colne,,Hertfordshire,England
Colney Heath,AL4,Hertfordshire,England
Colney Street,AL2,Hertfordshire,England
Commonwood,,Hertfordshire,England
Cottered,SG9,Hertfordshire,England
Counters End,,Hertfordshire,England
Cow Roast,,Hertfordshire,England
Crabbs Green,,Hertfordshire,England
Cradle End,,Hertfordshire,England
Cromer,SG2,Hertfordshire,England
Cromer-Hyde,,Hertfordshire,England
Croxley Green,WD3,Hertfordshire,England
Cuffley,EN6,Hertfordshire,England
Cumberlow Green,,Hertfordshire,England
Cupid Green,,Hertfordshire,England
Damask Green,,Hertfordshire,England
Dancers Hill,,Hertfordshire,England
Dane End,SG12,Hertfordshire,England
Danesbury,,Hertfordshire,England
Darleyhall,,Hertfordshire,England
Dassels,,Hertfordshire,England
Datchworth,SG3,Hertfordshire,England
Datchworth Green,SG3,Hertfordshire,England
Deacons Hill,,Hertfordshire,England
Dewes Green,,Hertfordshire,England
Digswell,AL6,Hertfordshire,England
Digswell Park,,Hertfordshire,England
Digswell Water,,Hertfordshire,England
Dudswell,HP4,Hertfordshire,England
East End,SG9,Hertfordshire,England
East End Green,,Hertfordshire,England
Easthall,,Hertfordshire,England
Ellenbrook,,Hertfordshire,England
Elstree,WD6,Hertfordshire,England
Epping Green,SG13,Hertfordshire,England
Essendon,AL9,Hertfordshire,England
Farnham Green,CM23,Hertfordshire,England
Fields End,HP1,Hertfordshire,England
Fishers Green,,Hertfordshire,England
Flamstead,AL3,Hertfordshire,England
Flamstead End,EN7,Hertfordshire,England
Flaunden,HP3,Hertfordshire,England
Fleetville,,Hertfordshire,England
Ford End,,Hertfordshire,England
Frithsden,,Hertfordshire,England
Frogmore,AL2,Hertfordshire,England
Furneux Pelham,SG9,Hertfordshire,England
Gade,,Hertfordshire,England
Gadebridge,HP1,Hertfordshire,England
Ganwick Corner,,Hertfordshire,England
Garston,,Hertfordshire,England
Gaston Green,,Hertfordshire,England
Gilston,,Hertfordshire,England
Gilston Park,CM20,Hertfordshire,England
Goose Green,,Hertfordshire,England
Gorhambury,AL3,Hertfordshire,England
Gosmore,SG4,Hertfordshire,England
Grand Union Canal,,Hertfordshire,England
Graveley,SG4,Hertfordshire,England
Gravesend,,Hertfordshire,England
Great Amwell,SG12,Hertfordshire,England
Great Gaddesden,HP1,Hertfordshire,England
Great Hormead,SG9,Hertfordshire,England
Great Munden,,Hertfordshire,England
Great Offley,SG5,Hertfordshire,England
Great Wymondley,SG4,Hertfordshire,England
Green End,SG12,Hertfordshire,England
Green Street,WD6,Hertfordshire,England
Green Tye,SG10,Hertfordshire,England
"Grove, The",,Hertfordshire,England
Grovehill,,Hertfordshire,England
Gubblecote,,Hertfordshire,England
Guilden Morden,SG8,Hertfordshire,England
Gustard Wood,,Hertfordshire,England
Hadham Cross,SG10,Hertfordshire,England
Hadham Ford,SG11,Hertfordshire,England
Hailey,EN11,Hertfordshire,England
Haldens,,Hertfordshire,England
Hall Grove,,Hertfordshire,England
Hammerfield,,Hertfordshire,England
Hammond Street,EN7,Hertfordshire,England
Handside,,Hertfordshire,England
Hare Street,SG2,Hertfordshire,England
Harmer Green,AL6,Hertfordshire,England
Harpenden,AL5,Hertfordshire,England
Harpenden Common,,Hertfordshire,England
Hartham,,Hertfordshire,England
Hatching Green,AL5,Hertfordshire,England
Hatfield,AL10,Hertfordshire,England
Hatfield Garden Village,,Hertfordshire,England
Hatfield Hyde,AL7,Hertfordshire,England
Haultwick,SG11,Hertfordshire,England
Hay Green,,Hertfordshire,England
Hay Street,SG11,Hertfordshire,England
Hebing End,SG2,Hertfordshire,England
Helham Green,,Hertfordshire,England
Hemel Hempstead,HP3,Hertfordshire,England
Heronsgate,WD3,Hertfordshire,England
Hertford,SG13,Hertfordshire,England
Hertford Heath,SG13,Hertfordshire,England
Hertingfordbury,SG14,Hertfordshire,England
Hexton,SG5,Hertfordshire,England
High Cross,SG11,Hertfordshire,England
High Wych,CM21,Hertfordshire,England
Highfield,,Hertfordshire,England
Hill End,,Hertfordshire,England
Hinxworth,SG7,Hertfordshire,England
Hitchin,SG4,Hertfordshire,England
Hitchin Hill,,Hertfordshire,England
Hiz,,Hertfordshire,England
Hockerill,,Hertfordshire,England
Hoddesdon,EN11,Hertfordshire,England
Hogpits Bottom,,Hertfordshire,England
Holywell,,Hertfordshire,England
Hoo End,,Hertfordshire,England
How Wood,,Hertfordshire,England
Hudnall,,Hertfordshire,England
Hunsdon,SG12,Hertfordshire,England
Hunsdonbury,,Hertfordshire,England
Hunton Bridge,WD4,Hertfordshire,England
Ickleford,SG5,Hertfordshire,England
Ivel,,Hertfordshire,England
Jockey End,,Hertfordshire,England
Kelshall,SG8,Hertfordshire,England
Kettle Green,,Hertfordshire,England
Keysers Estate,,Hertfordshire,England
Kimpton,SG4,Hertfordshire,England
Kings Langley,WD4,Hertfordshire,England
Kingswood,,Hertfordshire,England
Kinsbourne Green,AL5,Hertfordshire,England
Kitts End,,Hertfordshire,England
Knebworth,SG3,Hertfordshire,England
Langley,SG4,Hertfordshire,England
Langleybury,,Hertfordshire,England
Latchford,,Hertfordshire,England
Latchmore Bank,,Hertfordshire,England
Lea Navigation,,Hertfordshire,England
Lea Valley,,Hertfordshire,England
Leasey Bridge,,Hertfordshire,England
Leavesden Green,,Hertfordshire,England
Lemsford,AL8,Hertfordshire,England
Letchmore Heath,,Hertfordshire,England
Letchworth,SG6,Hertfordshire,England
Letty Green,SG14,Hertfordshire,England
Levens Green,,Hertfordshire,England
Leverstock Green,HP3,Hertfordshire,England
Ley Green,SG4,Hertfordshire,England
Lilley,LU2,Hertfordshire,England
Little Almshoe,,Hertfordshire,England
Little Berkamstead,,Hertfordshire,England
Little Chishill,SG8,Hertfordshire,England
Little Gaddesden,HP4,Hertfordshire,England
Little Hadham,SG11,Hertfordshire,England
Little Heath,,Hertfordshire,England
Little Hormead,SG9,Hertfordshire,England
Little Offley,SG5,Hertfordshire,England
Little Tring,,Hertfordshire,England
Little Wymondley,SG4,Hertfordshire,England
London Colney,AL2,Hertfordshire,England
Long Marston,HP23,Hertfordshire,England
Loudwater,WD3,Hertfordshire,England
Lower Green,,Hertfordshire,England
Lower Woodside,,Hertfordshire,England
Lucas End,,Hertfordshire,England
Luffenhall,,Hertfordshire,England
Mackerye End,,Hertfordshire,England
Maple Cross,WD3,Hertfordshire,England
Mardleybury,,Hertfordshire,England
Markyate,AL3,Hertfordshire,England
Marshalls Heath,,Hertfordshire,England
Marshalswick,AL4,Hertfordshire,England
Marshmoor,,Hertfordshire,England
Meesden,SG9,Hertfordshire,England
Meriden,,Hertfordshire,England
Merry Hill,,Hertfordshire,England
Micklefield Green,,Hertfordshire,England
Mill End,SG9,Hertfordshire,England
Mill Green,,Hertfordshire,England
Mimram,,Hertfordshire,England
Moneyhill,,Hertfordshire,England
Moor Green,,Hertfordshire,England
Moor Park,,Hertfordshire,England
Much Hadham,SG10,Hertfordshire,England
Nash Mills,,Hertfordshire,England
Nast Hyde,,Hertfordshire,England
Nasty,SG11,Hertfordshire,England
Nether Street,,Hertfordshire,England
Nettleden,HP1,Hertfordshire,England
New Greens,,Hertfordshire,England
New Ground,,Hertfordshire,England
New Mill,HP23,Hertfordshire,England
New River,,Hertfordshire,England
Newgate Street,SG13,Hertfordshire,England
Newnham,SG7,Hertfordshire,England
Newsells,,Hertfordshire,England
Nobland Green,,Hertfordshire,England
Nomansland,,Hertfordshire,England
North Watford,,Hertfordshire,England
Northaw,EN6,Hertfordshire,England
Northchurch,HP4,Hertfordshire,England
Norton,SG6,Hertfordshire,England
Norton Green,,Hertfordshire,England
Nup End,,Hertfordshire,England
Nuthampstead,SG8,Hertfordshire,England
Oakfield,,Hertfordshire,England
Oaklands,AL4,Hertfordshire,England
Old Hall Green,,Hertfordshire,England
Old Hatfield,,Hertfordshire,England
Old Knebworth,SG3,Hertfordshire,England
Old Town,,Hertfordshire,England
Oughton,,Hertfordshire,England
Oxhey,,Hertfordshire,England
Oxlease,,Hertfordshire,England
Panshanger,,Hertfordshire,England
Park Street,AL2,Hertfordshire,England
Patchetts Green,,Hertfordshire,England
Patient End,,Hertfordshire,England
Patmore Heath,SG11,Hertfordshire,England
Peartree,,Hertfordshire,England
Perry Green,SG10,Hertfordshire,England
Peters Green,LU2,Hertfordshire,England
Piccotts End,HP1,Hertfordshire,England
Pimlico,,Hertfordshire,England
Pin Green,,Hertfordshire,England
Pirton,SG5,Hertfordshire,England
Pitstone,,Hertfordshire,England
Poplars,,Hertfordshire,England
Potten End,HP4,Hertfordshire,England
Potters Bar,EN6,Hertfordshire,England
Potters Crouch,AL2,Hertfordshire,England
Pottersheath,,Hertfordshire,England
Pouchen End,,Hertfordshire,England
Presdales,,Hertfordshire,England
Preston,SG4,Hertfordshire,England
Puckeridge,SG11,Hertfordshire,England
Purwell,,Hertfordshire,England
Rableyheath,,Hertfordshire,England
Radlett,WD7,Hertfordshire,England
Radwell,SG7,Hertfordshire,England
Redbourn,AL3,Hertfordshire,England
Redbournbury,,Hertfordshire,England
Redhill,,Hertfordshire,England
Reed,SG8,Hertfordshire,England
Reed End,,Hertfordshire,England
Rhee (Cam),,Hertfordshire,England
Rib,,Hertfordshire,England
Rickmansworth,WD3,Hertfordshire,England
Ridge,EN6,Hertfordshire,England
Roe End,,Hertfordshire,England
Roe Green,SG9,Hertfordshire,England
Roestock,,Hertfordshire,England
Rosedale,,Hertfordshire,England
Round Bush,,Hertfordshire,England
Rowley Green,,Hertfordshire,England
Royston,SG8,Hertfordshire,England
Rucklers Lane,,Hertfordshire,England
Rush Green,,Hertfordshire,England
Rushden,SG9,Hertfordshire,England
Rusling End,,Hertfordshire,England
Rye Park,EN11,Hertfordshire,England
Sacombe,SG12,Hertfordshire,England
Sacombe Green,,Hertfordshire,England
Sandon,SG9,Hertfordshire,England
Sandridge,AL3,Hertfordshire,England
Sarratt,WD3,Hertfordshire,England
Sawbridgeworth,CM21,Hertfordshire,England
Shaftenhoe End,,Hertfordshire,England
Shaw Green,,Hertfordshire,England
Shenley,WD7,Hertfordshire,England
Shenleybury,WD7,Hertfordshire,England
Shephall,SG2,Hertfordshire,England
Sherrardspark,,Hertfordshire,England
Shootersway,,Hertfordshire,England
Sleapshyde,,Hertfordshire,England
Slip End,,Hertfordshire,England
Smallford,AL4,Hertfordshire,England
Smug Oak,AL2,Hertfordshire,England
Snailswell,,Hertfordshire,England
Snow End,,Hertfordshire,England
Sopwell,,Hertfordshire,England
South Hatfield,,Hertfordshire,England
South Mimms,EN6,Hertfordshire,England
South Oxhey,,Hertfordshire,England
South-end,,Hertfordshire,England
Southern Green,,Hertfordshire,England
Spellbrook,CM23,Hertfordshire,England
Spitalbrook,EN11,Hertfordshire,England
St Albans,AL1,Hertfordshire,England
St Ibbs,,Hertfordshire,England
St Ippollitts,SG4,Hertfordshire,England
St Julians,,Hertfordshire,England
St Margarets,SG12,Hertfordshire,England
St Nicholas,,Hertfordshire,England
St Stephens,AL3,Hertfordshire,England
Staines Green,,Hertfordshire,England
Stanborough,AL8,Hertfordshire,England
Standon,SG11,Hertfordshire,England
Standon Green End,SG11,Hertfordshire,England
Stanstead Abbots,SG12,Hertfordshire,England
Stapleford,SG14,Hertfordshire,England
Stevenage,SG1,Hertfordshire,England
Stocking Pelham,SG9,Hertfordshire,England
Stort,,Hertfordshire,England
Swanley Bar,,Hertfordshire,England
Symonds Green,,Hertfordshire,England
Tea Green,LU2,Hertfordshire,England
Tewin,AL6,Hertfordshire,England
Tewin Wood,,Hertfordshire,England
The Camp,,Hertfordshire,England
The Folly,AL4,Hertfordshire,England
The Frythe,,Hertfordshire,England
The Grove,,Hertfordshire,England
The Node,SG4,Hertfordshire,England
The Ridgeway,,Hertfordshire,England
The Rookery,,Hertfordshire,England
The Ryde,,Hertfordshire,England
The Swillett,,Hertfordshire,England
Therfield,SG8,Hertfordshire,England
Thorley,CM23,Hertfordshire,England
Thorley Houses,,Hertfordshire,England
Thorley Street,CM23,Hertfordshire,England
Throcking,SG9,Hertfordshire,England
Thundridge,SG12,Hertfordshire,England
Titmore Green,,Hertfordshire,England
Tolmers,,Hertfordshire,England
Tonwell,SG12,Hertfordshire,England
Tower Hill,,Hertfordshire,England
Townsend,,Hertfordshire,England
Trims Green,,Hertfordshire,England
Tring,HP23,Hertfordshire,England
Tring Wharf,,Hertfordshire,England
Tringford,,Hertfordshire,England
Trowley Bottom,AL3,Hertfordshire,England
Turnford,EN10,Hertfordshire,England
Two Waters,,Hertfordshire,England
Tylers Causeway,,Hertfordshire,England
Tyttenhanger,AL4,Hertfordshire,England
Uppend,,Hertfordshire,England
Upper Dunsley,,Hertfordshire,England
Upwick Green,,Hertfordshire,England
Venus Hill,,Hertfordshire,England
Ver,,Hertfordshire,England
Wadesmill,SG12,Hertfordshire,England
Wakeley,,Hertfordshire,England
Walkern,SG2,Hertfordshire,England
Wallington,SG7,Hertfordshire,England
Walnuttree Green,,Hertfordshire,England
Walsworth,SG4,Hertfordshire,England
Ware,SG12,Hertfordshire,England
Wareside,SG12,Hertfordshire,England
Warners End,,Hertfordshire,England
Washall Green,,Hertfordshire,England
Water End,AL9,Hertfordshire,England
Waterdale,,Hertfordshire,England
Waterend,,Hertfordshire,England
Waterford,SG14,Hertfordshire,England
Watford,WD1,Hertfordshire,England
Watford Heath,,Hertfordshire,England
Watton at Stone,,Hertfordshire,England
Welham Green,AL9,Hertfordshire,England
Well End,WD6,Hertfordshire,England
Wellpond Green,,Hertfordshire,England
Welwyn,AL6,Hertfordshire,England
Welwyn Garden City,AL7,Hertfordshire,England
West End,,Hertfordshire,England
West Hyde,WD3,Hertfordshire,England
West Watford,,Hertfordshire,England
Westbrook Hay,,Hertfordshire,England
Westland Green,,Hertfordshire,England
Westmill,SG9,Hertfordshire,England
Weston,SG4,Hertfordshire,England
Westwick Row,,Hertfordshire,England
Wheathampstead,AL4,Hertfordshire,England
Whempstead,,Hertfordshire,England
Whippendell Botton,,Hertfordshire,England
White Hall,,Hertfordshire,England
Whitehall,,Hertfordshire,England
Whitwell,SG4,Hertfordshire,England
Widford,SG12,Hertfordshire,England
Wigginton,HP23,Hertfordshire,England
Wigginton Bottom,,Hertfordshire,England
Wildhill,AL9,Hertfordshire,England
Willian,SG6,Hertfordshire,England
Wilstone,HP23,Hertfordshire,England
Wilstone Reservoir,,Hertfordshire,England
Wood End,SG2,Hertfordshire,England
Woodhall,,Hertfordshire,England
Woodside,AL9,Hertfordshire,England
Woollensbrook,,Hertfordshire,England
Woolmer Green,SG3,Hertfordshire,England
Wormley,EN10,Hertfordshire,England
Wormley West End,,Hertfordshire,England
Wormleybury,,Hertfordshire,England
Wyddial,SG9,Hertfordshire,England
Wymondley Bury,,Hertfordshire,England
Youngsbury,,Hertfordshire,England
