,,Highland,Scotland
A Bhrideanach,,Highland,Scotland
Aberarder,PH20,Highland,Scotland
Aberchalder,PH35,Highland,Scotland
Abhain Leataidh (Lettie River),,Highland,Scotland
Abhainn an Fhasaigh,,Highland,Scotland
Abhainn an t-Stratha Charnaig,,Highland,Scotland
Abhainn Beinn nan Eun,,Highland,Scotland
Abhainn Bruachaig,,Highland,Scotland
Abhainn Cro Chlach,,Highland,Scotland
Abhainn Cuileig,,Highland,Scotland
Abhainn Deabhag,,Highland,Scotland
Abhainn Droma,,Highland,Scotland
Abhainn Dubh,,Highland,Scotland
Abhainn Gaorsaic,,Highland,Scotland
Abhainn Glean nam Fiadh,,Highland,Scotland
Abhainn Gleann na Muice,,Highland,Scotland
Abhainn na Cloch Airigh,,Highland,Scotland
Abhainn na Frithe,,Highland,Scotland
Abhainn na Glasa,,Highland,Scotland
Abhainn Osgaig,,Highland,Scotland
Abhainn Poiblidh,,Highland,Scotland
Abhainn Rangail,,Highland,Scotland
Abhainn Rath,,Highland,Scotland
Abhainn Sithidh,,Highland,Scotland
Abhainn Strath na Sealga Bran,,Highland,Scotland
Abriachan,IV3,Highland,Scotland
Acarsaid,,Highland,Scotland
Achachork,,Highland,Scotland
Achairn Burn,,Highland,Scotland
Achalone,,Highland,Scotland
Achaphubuil,PH33,Highland,Scotland
Acharacle,PH36,Highland,Scotland
Achargary,KW11,Highland,Scotland
Achavandra Muir,,Highland,Scotland
Achfary,IV27,Highland,Scotland
Achfrish,,Highland,Scotland
Achgarve,IV22,Highland,Scotland
Achiemore,KW13,Highland,Scotland
Achiltibuie,IV26,Highland,Scotland
Achina,KW14,Highland,Scotland
Achinahuagh,,Highland,Scotland
Achindarroch,,Highland,Scotland
Achininver,,Highland,Scotland
Achintee,IV54,Highland,Scotland
Achintraid,IV54,Highland,Scotland
Achluachrach,,Highland,Scotland
Achlyness,IV27,Highland,Scotland
Achmelvich,IV27,Highland,Scotland
Achmore,IV53,Highland,Scotland
Achnacarnin,IV27,Highland,Scotland
Achnacarry,,Highland,Scotland
Achnacloich,IV46,Highland,Scotland
Achnaha,PA34,Highland,Scotland
Achnahanat,IV24,Highland,Scotland
Achnahannet,PH26,Highland,Scotland
Achnairn,,Highland,Scotland
Achnasheen,IV22,Highland,Scotland
Achosnich,IV25,Highland,Scotland
Achreamie,KW14,Highland,Scotland
Achriesgill,IV27,Highland,Scotland
Achrimsdale,KW9,Highland,Scotland
Achtalean,,Highland,Scotland
Achterneed,,Highland,Scotland
Achtoty,KW14,Highland,Scotland
Achuvoldrach,IV27,Highland,Scotland
Ackergill,KW1,Highland,Scotland
Advie,PH26,Highland,Scotland
Affric,,Highland,Scotland
Aird of Sleat,IV45,Highland,Scotland
"Aird, The",,Highland,Scotland
Airdens,,Highland,Scotland
Airdtorrisdale,,Highland,Scotland
Airor,PH41,Highland,Scotland
Alcaig,IV7,Highland,Scotland
Aline,,Highland,Scotland
Alisary,,Highland,Scotland
Alladale River,,Highland,Scotland
Alligin Shuas,IV22,Highland,Scotland
Allt a Choire,,Highland,Scotland
Allt Achadh na Teanga,,Highland,Scotland
Allt Airigh-dhamh,,Highland,Scotland
Allt an Doire-Dharaich,,Highland,Scotland
Allt an Ealaidh,,Highland,Scotland
Allt an Fhraoich-choire,,Highland,Scotland
Allt an Loin Duibh,,Highland,Scotland
Allt an Loin Tharsuinn,,Highland,Scotland
Allt an t-Sluic,,Highland,Scotland
Allt an t-Strath a Dhuibh,,Highland,Scotland
Allt an Tireidh,,Highland,Scotland
Allt Bad na h-Achlaise,,Highland,Scotland
Allt Bealach an Fhuarain,,Highland,Scotland
Allt Bealach Crudhain,,Highland,Scotland
Allt Beinn Donvill,,Highland,Scotland
Allt Beitheach,,Highland,Scotland
Allt Cam-ban,,Highland,Scotland
Allt Chailleach,,Highland,Scotland
Allt Chomhraig,,Highland,Scotland
Allt Cnoc na Cloiche,,Highland,Scotland
Allt Cnoc nan Gall,,Highland,Scotland
Allt Coir an Eas,,Highland,Scotland
Allt Coire an Uinnseinn,,Highland,Scotland
Allt Coire Bhenneit,,Highland,Scotland
Allt Coire Dubh-beag,,Highland,Scotland
Allt Coire na Saidhe Duibhe,,Highland,Scotland
Allt Coire nan Gall,,Highland,Scotland
Allt Coire Thorcaill,,Highland,Scotland
Allt Creag an Leth-choin,,Highland,Scotland
Allt Dearg,,Highland,Scotland
Allt Dionach-Caraidh,,Highland,Scotland
Allt Dombain,,Highland,Scotland
Allt Dubh Dhoire Thearnait,,Highland,Scotland
Allt Eas na Maoile,,Highland,Scotland
Allt Garbh,,Highland,Scotland
Allt Gharbh Ghaig,,Highland,Scotland
Allt Gleann Gniomhaidh,,Highland,Scotland
Allt Gleann Tulacha,,Highland,Scotland
Allt Gobhlach,,Highland,Scotland
Allt Loch an Duin,,Highland,Scotland
Allt Loch an Ubhaidh,,Highland,Scotland
Allt Loch Calavie,,Highland,Scotland
Allt Loch Crocaich,,Highland,Scotland
Allt Loch Ghiubhsachain,,Highland,Scotland
Allt Loch Mhadadh,,Highland,Scotland
Allt Loch nam Breac,,Highland,Scotland
Allt Lon a Mhuidhe,,Highland,Scotland
Allt Lorgy,,Highland,Scotland
Allt Luineag,,Highland,Scotland
Allt Mheuran,,Highland,Scotland
Allt na Beinne,,Highland,Scotland
Allt na Criche,,Highland,Scotland
Allt na DÃ¹in,,Highland,Scotland
Allt na Doire Garbhe,,Highland,Scotland
Allt na Feith Duibhe,,Highland,Scotland
Allt na h-Eilde,,Highland,Scotland
Allt na Lairige,,Highland,Scotland
Allt na LÃ¹ibe,,Highland,Scotland
Allt na Seilich Bige,,Highland,Scotland
Allt na Seilich Moire,,Highland,Scotland
Allt nam Meann,,Highland,Scotland
Allt nan Achaidhean,,Highland,Scotland
Allt nan Con-uisge,,Highland,Scotland
Allt nan Each,,Highland,Scotland
Allt nan Uamh,,Highland,Scotland
Allt Ockle,,Highland,Scotland
Allt Odhar,,Highland,Scotland
Allt Poll an Droighinn,,Highland,Scotland
Allt Riabhachain,,Highland,Scotland
Allt Rugaidh Mhor,,Highland,Scotland
Allt Seanabhaile,,Highland,Scotland
Allt Sgairnich,,Highland,Scotland
Allt Uisg an t-Sidhein,,Highland,Scotland
Alltan Riabhach,,Highland,Scotland
Alltan Ruadh,,Highland,Scotland
Alltour,,Highland,Scotland
Alltsigh,IV3,Highland,Scotland
Alness,IV17,Highland,Scotland
Alness (Averon),,Highland,Scotland
Alnessferry,,Highland,Scotland
Altass,IV27,Highland,Scotland
Altnaharra,IV27,Highland,Scotland
Alvie,PH21,Highland,Scotland
Am Balg,,Highland,Scotland
Amatnatua,,Highland,Scotland
Amhainn Glaenn na Muic,,Highland,Scotland
An Crom-allt,,Highland,Scotland
An t-Eilean Meadhoin,,Highland,Scotland
An t-Strath Chuileannaich,,Highland,Scotland
An Teallach,,Highland,Scotland
An Uidh,,Highland,Scotland
Anaboard Burn,,Highland,Scotland
Anagach,,Highland,Scotland
Anaheilt,PH36,Highland,Scotland
Anancaun,,Highland,Scotland
Annat,IV22,Highland,Scotland
Annishader,,Highland,Scotland
Aonachan,,Highland,Scotland
Applecross,IV54,Highland,Scotland
Arabella,,Highland,Scotland
Ardachu,,Highland,Scotland
Ardaneaskan,IV54,Highland,Scotland
Ardarroch,IV54,Highland,Scotland
Ardchronie,IV24,Highland,Scotland
Ardelve,IV40,Highland,Scotland
Ardendrain,,Highland,Scotland
Ardersier,IV1,Highland,Scotland
Ardery,PH36,Highland,Scotland
Ardgay,IV24,Highland,Scotland
Ardgayhill,,Highland,Scotland
Ardgour,,Highland,Scotland
Ardharnich,,Highland,Scotland
Ardheslaig,IV54,Highland,Scotland
Ardindrean,IV23,Highland,Scotland
Ardintoul,IV40,Highland,Scotland
Ardmair,IV26,Highland,Scotland
Ardmolich,PH36,Highland,Scotland
Ardmore,IV19,Highland,Scotland
Ardnaff,,Highland,Scotland
Ardnagoine,IV26,Highland,Scotland
Ardnagrask,IV4,Highland,Scotland
Ardnamurchan,,Highland,Scotland
Ardnastang,PH36,Highland,Scotland
Ardroag,,Highland,Scotland
Ardross,,Highland,Scotland
Ardshealach,PH36,Highland,Scotland
Ardtoe,PH36,Highland,Scotland
Ardullie,IV16,Highland,Scotland
Ardvannie,,Highland,Scotland
Ardvasar,IV45,Highland,Scotland
Ardverikie,PH20,Highland,Scotland
Arean,,Highland,Scotland
Arinacrinachd,IV54,Highland,Scotland
Arisaig,PH39,Highland,Scotland
Ariundle,,Highland,Scotland
Arivegaig,PH36,Highland,Scotland
Arkaig,,Highland,Scotland
Armadale,IV45,Highland,Scotland
Arnisdale,IV40,Highland,Scotland
Arnish,IV40,Highland,Scotland
Arpafeelie,,Highland,Scotland
Artafallie,,Highland,Scotland
Ascrib Islands,,Highland,Scotland
Ashaig,,Highland,Scotland
Attadale,IV54,Highland,Scotland
Auchertyre,,Highland,Scotland
Auchtercairn,IV21,Highland,Scotland
Auldearn,IV12,Highland,Scotland
Auliston Point,,Highland,Scotland
Aultbea,IV22,Highland,Scotland
Aultiphurst,KW14,Highland,Scotland
Aultivullin,,Highland,Scotland
Aultvaich,,Highland,Scotland
Avernish,,Highland,Scotland
Averon (Alness),,Highland,Scotland
Aviemore,PH22,Highland,Scotland
Avoch,IV9,Highland,Scotland
Backies,KW10,Highland,Scotland
Badachonacher,,Highland,Scotland
Badcall,IV27,Highland,Scotland
Badcaul,IV23,Highland,Scotland
Baddidarach,IV27,Highland,Scotland
Badenscallie,,Highland,Scotland
Badicaul,IV40,Highland,Scotland
Badluarach,,Highland,Scotland
Badnaban,IV27,Highland,Scotland
Badnagie,KW6,Highland,Scotland
Badninish,IV25,Highland,Scotland
Badrallach,IV23,Highland,Scotland
Bailetonach,,Highland,Scotland
Balavil,PH21,Highland,Scotland
Balbeg,IV3,Highland,Scotland
Balblair,IV24,Highland,Scotland
Balchladich,IV27,Highland,Scotland
Balchraggan,IV3,Highland,Scotland
Balchrick,IV27,Highland,Scotland
Balgowan,PH20,Highland,Scotland
Balgown,IV51,Highland,Scotland
Balgunearie,,Highland,Scotland
Balgunloune,,Highland,Scotland
Balintore,IV20,Highland,Scotland
Balintraid,IV18,Highland,Scotland
Ballachulish,,Highland,Scotland
Balleigh,,Highland,Scotland
Ballifeary,,Highland,Scotland
Balloan,,Highland,Scotland
Balloch,IV1,Highland,Scotland
Balmacara,IV40,Highland,Scotland
Balmacara Square,,Highland,Scotland
Balmacqueen,,Highland,Scotland
Balmeanach,,Highland,Scotland
Balmore,IV12,Highland,Scotland
Balnabruach,,Highland,Scotland
Balnabruich,,Highland,Scotland
Balnacoil,,Highland,Scotland
Balnacra,IV54,Highland,Scotland
Balnadelson,,Highland,Scotland
Balnagown River,,Highland,Scotland
Balnain,IV3,Highland,Scotland
Balnakeil,IV27,Highland,Scotland
Balnakeil Craft Village,,Highland,Scotland
Balnaknock,IV51,Highland,Scotland
Balnapaling,IV19,Highland,Scotland
Balvraid,IV13,Highland,Scotland
Banavie,PH33,Highland,Scotland
Bannock Burn,,Highland,Scotland
Baramore,,Highland,Scotland
Barbaraville,IV18,Highland,Scotland
Barrock,KW14,Highland,Scotland
Bay,,Highland,Scotland
Beauly,IV4,Highland,Scotland
Beechwood,,Highland,Scotland
Beinn a Chapuill,,Highland,Scotland
Beinn Dearg,,Highland,Scotland
Beinn Edra,,Highland,Scotland
Beinn Eighe,,Highland,Scotland
Beinn Fhada,,Highland,Scotland
Beinn na Caillich,,Highland,Scotland
Beinn Resipol,,Highland,Scotland
Beinn Sgritheall,,Highland,Scotland
Belladrum Burn,,Highland,Scotland
Ben Mor Caigach,,Highland,Scotland
Ben Nevis,,Highland,Scotland
Ben Wyvis,,Highland,Scotland
Beoraidbeg,,Highland,Scotland
Bernisdale,IV51,Highland,Scotland
Berriedale,KW7,Highland,Scotland
Berriedale Water,,Highland,Scotland
Bettyhill,KW14,Highland,Scotland
Big Burn,,Highland,Scotland
Big Sand,IV21,Highland,Scotland
Bilbster,KW1,Highland,Scotland
Bilbster Mains,,Highland,Scotland
Bindal,IV20,Highland,Scotland
Birchen,,Highland,Scotland
Bishop Kinkell,,Highland,Scotland
Bla Bheinn,,Highland,Scotland
Black Park,,Highland,Scotland
Black Water,,Highland,Scotland
Black Water (Uisage Dubh),,Highland,Scotland
Blackfold,,Highland,Scotland
Blackhill,IV49,Highland,Scotland
Blackwater Reservoir,,Highland,Scotland
Blaich,PH33,Highland,Scotland
Blain,,Highland,Scotland
Blairmore,IV27,Highland,Scotland
Blairninich,,Highland,Scotland
Blandy,,Highland,Scotland
Blarmachfoldach,PH33,Highland,Scotland
Blarnalearoch,,Highland,Scotland
Boat of Garten,PH24,Highland,Scotland
Bogallan,IV1,Highland,Scotland
Bohenie,PH31,Highland,Scotland
Bohuntine,PH31,Highland,Scotland
Bohuntinville,,Highland,Scotland
Bonar Bridge,IV24,Highland,Scotland
Bonnavoulin,,Highland,Scotland
Borgie,KW14,Highland,Scotland
Borgue,KW7,Highland,Scotland
Bornesketaig,,Highland,Scotland
Borreraig,,Highland,Scotland
Borrodale,,Highland,Scotland
Borrowston,,Highland,Scotland
Borve,IV51,Highland,Scotland
Bottacks,IV14,Highland,Scotland
Bower,,Highland,Scotland
Braal Castle,KW12,Highland,Scotland
Brabsterdorran,,Highland,Scotland
Bracadale,IV56,Highland,Scotland
Brackrevach,,Highland,Scotland
Bracora,PH40,Highland,Scotland
Bracorina,PH40,Highland,Scotland
Brae of Achnahaird,,Highland,Scotland
Braefindon,,Highland,Scotland
Braemore,IV23,Highland,Scotland
Braes of Ullapool,IV26,Highland,Scotland
Bran,,Highland,Scotland
Branault,PH36,Highland,Scotland
Breckrey,,Highland,Scotland
Brenachie,,Highland,Scotland
Bridge of Brown,AB37,Highland,Scotland
Brin,,Highland,Scotland
Broadford,IV49,Highland,Scotland
Broadhaven,,Highland,Scotland
Brochel,IV40,Highland,Scotland
Brogaig,,Highland,Scotland
Broom,,Highland,Scotland
Broomhill,,Highland,Scotland
Brora,KW9,Highland,Scotland
Broubster,KW14,Highland,Scotland
Brough,KW14,Highland,Scotland
Bruaich Burn,,Highland,Scotland
Bruan,KW2,Highland,Scotland
Bruich Burn,,Highland,Scotland
Brunery,,Highland,Scotland
Bualintur,IV47,Highland,Scotland
Buldoo,KW14,Highland,Scotland
Bunacaimb,,Highland,Scotland
Bunarkaig,PH34,Highland,Scotland
Bunchrew,IV3,Highland,Scotland
Bundalloch,IV40,Highland,Scotland
Bunkegivie,,Highland,Scotland
Bunloit,IV3,Highland,Scotland
Bunree,,Highland,Scotland
Burn of Archarole,,Highland,Scotland
Burn of Archole,,Highland,Scotland
Burn of Lyth,,Highland,Scotland
Burrigill,,Highland,Scotland
Cabrich,IV5,Highland,Scotland
Calbha Beag,,Highland,Scotland
Calbha Mor,,Highland,Scotland
Calder,,Highland,Scotland
Calder Mains,KW12,Highland,Scotland
Caledonian Canal,,Highland,Scotland
Calligarry,IV45,Highland,Scotland
Cam Loch,,Highland,Scotland
Camaghael,,Highland,Scotland
Camas-luinie,,Highland,Scotland
Camasnacroise,PH33,Highland,Scotland
Camastianavaig,IV51,Highland,Scotland
Camault Muir,IV4,Highland,Scotland
Camore,,Highland,Scotland
Camster Burn,,Highland,Scotland
Camus Croise,IV43,Highland,Scotland
Camusnagaul,IV23,Highland,Scotland
Camusteel,IV54,Highland,Scotland
Camusterrach,,Highland,Scotland
Canisbay,KW1,Highland,Scotland
Canna,,Highland,Scotland
Cannich,IV4,Highland,Scotland
Cantraywood,IV1,Highland,Scotland
Caol,PH33,Highland,Scotland
Cape Wrath,,Highland,Scotland
Carbost,IV47,Highland,Scotland
Carn Deas,,Highland,Scotland
Carn Eigei,,Highland,Scotland
Carn-gorm,,Highland,Scotland
Carna,,Highland,Scotland
Carnach,IV23,Highland,Scotland
Carnachuin,,Highland,Scotland
Carnachy,,Highland,Scotland
Carnoch River,,Highland,Scotland
Caroy,,Highland,Scotland
Carrbridge,PH23,Highland,Scotland
Carron,,Highland,Scotland
Cassley,,Highland,Scotland
Castletown,IV1,Highland,Scotland
Catchory,,Highland,Scotland
Catlodge,,Highland,Scotland
Cawdor,IV12,Highland,Scotland
Chanonry Point,,Highland,Scotland
Charlestown,IV1,Highland,Scotland
Clachaig,,Highland,Scotland
Clachan,IV40,Highland,Scotland
Clachnaharry,IV3,Highland,Scotland
Clachtoll,IV27,Highland,Scotland
Claggan,PA34,Highland,Scotland
Claigan,IV55,Highland,Scotland
Clashandorran,,Highland,Scotland
Clashmore,IV25,Highland,Scotland
Clashnessie,IV27,Highland,Scotland
Cleadale,PH42,Highland,Scotland
Clephanton,IV1,Highland,Scotland
Cliff,PH36,Highland,Scotland
Clovullin,PH33,Highland,Scotland
Cluanie,,Highland,Scotland
Clune,IV13,Highland,Scotland
Clunes,PH34,Highland,Scotland
Cnocloisgte Water,,Highland,Scotland
Coillore,IV56,Highland,Scotland
Coiltie,,Highland,Scotland
Coirefois Burn,,Highland,Scotland
Colbost,IV55,Highland,Scotland
Coldbackie,IV27,Highland,Scotland
Cona River,,Highland,Scotland
Connista,,Highland,Scotland
Conon,,Highland,Scotland
Conon Bridge,IV7,Highland,Scotland
Conordan,,Highland,Scotland
Contin,IV14,Highland,Scotland
Coomb Islands (Neave),,Highland,Scotland
Corarnstilbeg,,Highland,Scotland
Cornhill,,Highland,Scotland
Corntown,IV7,Highland,Scotland
Corpach,PH33,Highland,Scotland
Corran,IV40,Highland,Scotland
Corriemulzie River,,Highland,Scotland
Corrimony,IV3,Highland,Scotland
Corry,IV49,Highland,Scotland
Corsback,KW12,Highland,Scotland
Coul of Fairburn,,Highland,Scotland
Coulags,IV54,Highland,Scotland
Coulin Lodge,,Highland,Scotland
Coulnacraggan,,Highland,Scotland
Courteachan,,Highland,Scotland
Cove,IV22,Highland,Scotland
Coylumbridge,PH22,Highland,Scotland
Craggie Water,,Highland,Scotland
Craig,IV54,Highland,Scotland
Craigdarroch,,Highland,Scotland
Craigrory,,Highland,Scotland
Craigton,,Highland,Scotland
Crask,,Highland,Scotland
Crask of Aigas,IV4,Highland,Scotland
Crathie,PH20,Highland,Scotland
Crepkill,,Highland,Scotland
Creran,,Highland,Scotland
Croe,,Highland,Scotland
Croftnacriech,,Highland,Scotland
Crofts of Kingscauseway,,Highland,Scotland
Croich,,Highland,Scotland
Croick,IV24,Highland,Scotland
Crom Allt,,Highland,Scotland
Crom-allt Beag,,Highland,Scotland
Crom-allt Mor,,Highland,Scotland
Cromarty,IV11,Highland,Scotland
Cromdale,PH26,Highland,Scotland
Crosskirk,KW14,Highland,Scotland
Crowlin Islands,,Highland,Scotland
Crown,,Highland,Scotland
Croy,IV1,Highland,Scotland
Cuaig,IV54,Highland,Scotland
Cuidrach,IV51,Highland,Scotland
Cuil,,Highland,Scotland
Cuillin Hills,,Highland,Scotland
Culbokie,IV7,Highland,Scotland
Culburnie,IV4,Highland,Scotland
Culcabock,IV2,Highland,Scotland
Culcharry,IV12,Highland,Scotland
Culduie,IV54,Highland,Scotland
Culkein,IV27,Highland,Scotland
Culkein Drumbeg,,Highland,Scotland
Cullicudden,IV7,Highland,Scotland
Culloden,IV1,Highland,Scotland
Culnacnoc,,Highland,Scotland
Culrain,IV24,Highland,Scotland
Dalchalm,KW9,Highland,Scotland
Dalcharn,,Highland,Scotland
Dalchreichart,IV3,Highland,Scotland
Dalcross,IV1,Highland,Scotland
Dalelia,PH36,Highland,Scotland
Dalfaber,,Highland,Scotland
Dalhavaig,,Highland,Scotland
Dalmore,IV17,Highland,Scotland
Dalnabreck,PH36,Highland,Scotland
Dalneigh,,Highland,Scotland
Dalness,,Highland,Scotland
Dalreavoch,,Highland,Scotland
Dalwhinnie,PH19,Highland,Scotland
Dava,PH26,Highland,Scotland
Daviot,IV1,Highland,Scotland
Deishar,,Highland,Scotland
Dell,,Highland,Scotland
Dessarry,,Highland,Scotland
Diebidale River,,Highland,Scotland
Digg,IV51,Highland,Scotland
Dingwall,IV15,Highland,Scotland
Dionard,,Highland,Scotland
Dochgarroch,IV3,Highland,Scotland
Doll,KW9,Highland,Scotland
Dores,IV1,Highland,Scotland
Dornie,IV40,Highland,Scotland
Dornoch,IV25,Highland,Scotland
Dorrery,KW12,Highland,Scotland
Douchary,,Highland,Scotland
Doune,IV24,Highland,Scotland
Dounie,IV19,Highland,Scotland
Dreggie,,Highland,Scotland
Drimnin,PA34,Highland,Scotland
Droman,,Highland,Scotland
Druie,,Highland,Scotland
Druimarbin,PH33,Highland,Scotland
Druimindarroch,PH39,Highland,Scotland
Drumbeg,IV27,Highland,Scotland
Drumbuie,IV40,Highland,Scotland
Drumchork,IV22,Highland,Scotland
Drumfearn,IV43,Highland,Scotland
Drumguish,PH21,Highland,Scotland
Drummond,IV16,Highland,Scotland
Drummuie,,Highland,Scotland
Drumnadrochit,IV3,Highland,Scotland
Drumsmittal,,Highland,Scotland
Drumuie,IV51,Highland,Scotland
Drumuillie,PH24,Highland,Scotland
Drynie Park,,Highland,Scotland
Drynoch,IV47,Highland,Scotland
Dubh Lighe,,Highland,Scotland
Dudonnell River,,Highland,Scotland
Duirinish,IV40,Highland,Scotland
Duisdalemore,,Highland,Scotland
Duisky,PH33,Highland,Scotland
Dulain,,Highland,Scotland
Dulnain,,Highland,Scotland
Dulnain Bridge,PH26,Highland,Scotland
Dun Boreraig,,Highland,Scotland
Dun Colbost,,Highland,Scotland
Dunan,IV49,Highland,Scotland
Dunbeath,KW6,Highland,Scotland
Dunbeath Water,,Highland,Scotland
Duncansby Head,,Highland,Scotland
Duncanston,IV7,Highland,Scotland
Dundonnell,IV23,Highland,Scotland
Dunmore,,Highland,Scotland
Dunnet,KW14,Highland,Scotland
Dunnet Head,,Highland,Scotland
Duntulm,IV51,Highland,Scotland
Dunvegan,IV55,Highland,Scotland
Durnamuck,IV23,Highland,Scotland
Durness,IV27,Highland,Scotland
Duror,PA38,Highland,Scotland
Duthil,PH23,Highland,Scotland
Dyke,,Highland,Scotland
Eabost,,Highland,Scotland
Eabost West,,Highland,Scotland
Earlish,IV51,Highland,Scotland
Eas Socach,,Highland,Scotland
East Brora,KW9,Highland,Scotland
East Clyne,,Highland,Scotland
East Croachy,IV1,Highland,Scotland
East Helmsdale,KW8,Highland,Scotland
East Langwell,IV28,Highland,Scotland
East Mey,KW14,Highland,Scotland
East Suisnish,IV40,Highland,Scotland
Easter Aberchalder,,Highland,Scotland
Easter Ardross,IV17,Highland,Scotland
Easter Boleskine,IV1,Highland,Scotland
Easter Glen Quoich Burn,,Highland,Scotland
Easter Kinkell,IV6,Highland,Scotland
Edderton,IV19,Highland,Scotland
Edinbane,,Highland,Scotland
Eidart,,Highland,Scotland
Eigg,,Highland,Scotland
Eilanreach,IV40,Highland,Scotland
Eilean a Phidhir,,Highland,Scotland
Eilean an RÃ²in Mor,,Highland,Scotland
Eilean an t-Snidhe,,Highland,Scotland
Eilean Balnagowan,,Highland,Scotland
Eilean Ban,,Highland,Scotland
Eilean Beag,,Highland,Scotland
Eilean Chathastail,,Highland,Scotland
Eilean Creagach,,Highland,Scotland
Eilean Dubh,,Highland,Scotland
Eilean Eachainn,,Highland,Scotland
Eilean Fada Mor,,Highland,Scotland
Eilean Fladday,,Highland,Scotland
Eilean Flodigarry,,Highland,Scotland
Eilean Garave,,Highland,Scotland
Eilean Hoan,,Highland,Scotland
Eilean Horrisdale,,Highland,Scotland
Eilean Iarmain (Isleornsay),,Highland,Scotland
Eilean Ighe,,Highland,Scotland
Eilean Iosal,,Highland,Scotland
Eilean Meadhonach,,Highland,Scotland
Eilean Mhic an Fhularaich,,Highland,Scotland
Eilean Mor,,Highland,Scotland
Eilean Mullagrach,,Highland,Scotland
Eilean nan Each,,Highland,Scotland
Eilean nan RÃ²n,,Highland,Scotland
Eilean Ruairidh Mor,,Highland,Scotland
Eilean Shona,,Highland,Scotland
Eilean Subhainn,,Highland,Scotland
Eilean Tigh,,Highland,Scotland
Eilean Trodday,,Highland,Scotland
Eilt,,Highland,Scotland
Einig,,Highland,Scotland
Elchaig,,Highland,Scotland
Elgol,IV49,Highland,Scotland
Ellan,,Highland,Scotland
Ellishadder,,Highland,Scotland
Elphin,IV27,Highland,Scotland
Embo,IV25,Highland,Scotland
Embo Street,IV25,Highland,Scotland
Enrick,,Highland,Scotland
Erbusaig,IV40,Highland,Scotland
Erchless Castle,IV4,Highland,Scotland
Errogie,IV1,Highland,Scotland
Eskadale,IV4,Highland,Scotland
Eskin,,Highland,Scotland
Etive,,Highland,Scotland
Etteridge,PH20,Highland,Scotland
Evanton,IV16,Highland,Scotland
Evelix,IV25,Highland,Scotland
Eynort,IV47,Highland,Scotland
Eyre,IV51,Highland,Scotland
Faichem,,Highland,Scotland
Fanagmore,IV27,Highland,Scotland
Fanellan,,Highland,Scotland
Faraid Head,,Highland,Scotland
Farigaig,,Highland,Scotland
Farr,IV1,Highland,Scotland
Farraline,IV1,Highland,Scotland
Farrar,,Highland,Scotland
Fasach,,Highland,Scotland
Fasag,IV22,Highland,Scotland
Fassfern,PH33,Highland,Scotland
Feagour,,Highland,Scotland
Fearn,IV20,Highland,Scotland
Fearnbeg,IV54,Highland,Scotland
Fearnmore,IV54,Highland,Scotland
Fechlin,,Highland,Scotland
Feith Buidhe,,Highland,Scotland
Feith Gaineimh Mhor,,Highland,Scotland
Feorlig,,Highland,Scotland
Ferinquarrie,,Highland,Scotland
Ferness,IV12,Highland,Scotland
Ferrindonald,,Highland,Scotland
Fersit,PH31,Highland,Scotland
Feshie,,Highland,Scotland
Feshiebridge,PH21,Highland,Scotland
Fiag,,Highland,Scotland
Findhorn,,Highland,Scotland
Fionn Allt,,Highland,Scotland
Fionn Lighe,,Highland,Scotland
Fionn Loch,,Highland,Scotland
Firhill,,Highland,Scotland
First Coast,,Highland,Scotland
Fisherton,IV1,Highland,Scotland
Fiskavaig,,Highland,Scotland
Fiunary,PA34,Highland,Scotland
Five Sisters,,Highland,Scotland
Flashader,IV51,Highland,Scotland
Fleet,,Highland,Scotland
Fleuchary,,Highland,Scotland
Flodigarry,IV51,Highland,Scotland
Fodderty,IV15,Highland,Scotland
Foindle,IV27,Highland,Scotland
Foregin,,Highland,Scotland
Forsinard,KW13,Highland,Scotland
Forss Water,,Highland,Scotland
Fort Augustus,PH32,Highland,Scotland
Fort George,IV1,Highland,Scotland
Fort William,PH33,Highland,Scotland
Fortrose,IV10,Highland,Scotland
Foyers,IV1,Highland,Scotland
Freswick,KW1,Highland,Scotland
Funtack Burn,,Highland,Scotland
Gaich,PH26,Highland,Scotland
Gairbh Eilean,,Highland,Scotland
Gairloch,IV21,Highland,Scotland
Gairlochy,PH34,Highland,Scotland
Galltair,IV40,Highland,Scotland
Galmisdale,PH42,Highland,Scotland
Galtrigill,IV55,Highland,Scotland
Gansclet,,Highland,Scotland
Garbh Allt,,Highland,Scotland
Garbh Eilean,,Highland,Scotland
Garbh-allt,,Highland,Scotland
Garrachan,,Highland,Scotland
Garrafad,,Highland,Scotland
Garrick Burn,,Highland,Scotland
Garros,IV51,Highland,Scotland
Garry,,Highland,Scotland
Garrygualach,,Highland,Scotland
Gartymore,KW8,Highland,Scotland
Garve,IV23,Highland,Scotland
Gearr Garry,,Highland,Scotland
Geary,IV55,Highland,Scotland
Gearymore,,Highland,Scotland
Gedintailor,,Highland,Scotland
Gergask,,Highland,Scotland
Gillen,IV55,Highland,Scotland
Gills,KW1,Highland,Scotland
Glackmore,,Highland,Scotland
Glaichbea,,Highland,Scotland
Glaick,,Highland,Scotland
Glas Eilean,,Highland,Scotland
Glascarnoch River,,Highland,Scotland
Glashvin,,Highland,Scotland
Glasnacardoch,PH41,Highland,Scotland
Glasnakille,IV49,Highland,Scotland
Glasphein,,Highland,Scotland
Glass,,Highland,Scotland
Glen Albyn (Glen Mor),,Highland,Scotland
Glen Bernisdale,,Highland,Scotland
Glen Golly River,,Highland,Scotland
Glen Heysdal,,Highland,Scotland
Glen Mor (Glen Albyn),,Highland,Scotland
Glenancross,,Highland,Scotland
Glenborrodale,PH36,Highland,Scotland
Glencoe,PA39,Highland,Scotland
Glendale,,Highland,Scotland
Glenelg,IV40,Highland,Scotland
Glenfinnan,PH37,Highland,Scotland
Glengrasco,IV51,Highland,Scotland
Glenhurich,PH37,Highland,Scotland
Glenmore,IV51,Highland,Scotland
Glensanda,PA34,Highland,Scotland
Glentarroch Burn,,Highland,Scotland
Glenuig,PH38,Highland,Scotland
Gloy,,Highland,Scotland
Glutt Water,,Highland,Scotland
Golspie,KW10,Highland,Scotland
Gordonbush,KW9,Highland,Scotland
Gorstan,IV23,Highland,Scotland
Gorteneorn,PH36,Highland,Scotland
Gortenfern,,Highland,Scotland
Grantown-On-Spey,PH26,Highland,Scotland
Grealin,,Highland,Scotland
Greenland Mains,,Highland,Scotland
Greep,,Highland,Scotland
Grudie,,Highland,Scotland
Gruids,IV27,Highland,Scotland
Gruinard Island,,Highland,Scotland
Gruinard River,,Highland,Scotland
Halkirk,KW12,Highland,Scotland
Halladale River,,Highland,Scotland
Hallin,IV55,Highland,Scotland
Halmadarie Burn,,Highland,Scotland
Ham,KW14,Highland,Scotland
Hamaramore,,Highland,Scotland
Hamaraverin,,Highland,Scotland
Handa Island,,Highland,Scotland
Harlosh,IV55,Highland,Scotland
Harlosh Island,,Highland,Scotland
Harrapool,IV49,Highland,Scotland
Hartmount,,Highland,Scotland
Heast,IV49,Highland,Scotland
Heatherfield,,Highland,Scotland
Heatherlea,,Highland,Scotland
Hebrides (Western Isles),,Highland,Scotland
Heights of Kinlochewe,,Highland,Scotland
Helmsdale,KW8,Highland,Scotland
Heribost,,Highland,Scotland
Heribusta,,Highland,Scotland
Highbridge,,Highland,Scotland
Highland Boath,,Highland,Scotland
Hill of Fearn,IV20,Highland,Scotland
Hilton,IV20,Highland,Scotland
Hilton of Cadboll,IV20,Highland,Scotland
Holmisdale,,Highland,Scotland
Horneval,,Highland,Scotland
Horse Island,,Highland,Scotland
Houstry,KW6,Highland,Scotland
Hughton,,Highland,Scotland
Humla,,Highland,Scotland
Hungladder,,Highland,Scotland
Hysbackie,,Highland,Scotland
Idrigill,,Highland,Scotland
Incheril,,Highland,Scotland
Inchmore,IV5,Highland,Scotland
Inchnadamph,IV27,Highland,Scotland
Inchree,,Highland,Scotland
Inner Hebrides,,Highland,Scotland
Innis Mhor,,Highland,Scotland
Insh,PH21,Highland,Scotland
Inshegra,,Highland,Scotland
Inver,IV20,Highland,Scotland
Inverailort,PH38,Highland,Scotland
Inveralivaig,,Highland,Scotland
Inveralligin,,Highland,Scotland
Inverarish,IV40,Highland,Scotland
Invercassley,IV27,Highland,Scotland
Inverchoran,IV6,Highland,Scotland
Inverdruie,PH22,Highland,Scotland
Inverfarigaig,IV1,Highland,Scotland
Invergarry,PH35,Highland,Scotland
Invergordon,IV18,Highland,Scotland
Inverguseran,PH41,Highland,Scotland
Inverie,PH41,Highland,Scotland
Inverinate,IV40,Highland,Scotland
Inverkirkaig,IV27,Highland,Scotland
Inverlair,,Highland,Scotland
Inverlochy,,Highland,Scotland
Invermoidart,,Highland,Scotland
Invermoriston,IV3,Highland,Scotland
Invernaver,KW14,Highland,Scotland
Inverness,IV2,Highland,Scotland
Inverroy,PH31,Highland,Scotland
Inversanda,,Highland,Scotland
Invershiel,IV40,Highland,Scotland
Invershin,,Highland,Scotland
Invershore,,Highland,Scotland
Inveruglass,PH21,Highland,Scotland
Isauld,KW14,Highland,Scotland
Isay,,Highland,Scotland
Island of Raasay,,Highland,Scotland
Island of Rona,,Highland,Scotland
Island of Skye,,Highland,Scotland
Island of Stroma,,Highland,Scotland
Isle Martin,,Highland,Scotland
Isle of Ewe,,Highland,Scotland
Isle Ristol,,Highland,Scotland
Isleornsay (Eilean Iarmain),,Highland,Scotland
Jamestown,IV14,Highland,Scotland
Janetstown,KW14,Highland,Scotland
Jemimaville,IV7,Highland,Scotland
Kalnakill,IV54,Highland,Scotland
Kearvaig River,,Highland,Scotland
Keiss,KW1,Highland,Scotland
Keistle,,Highland,Scotland
Kendram,,Highland,Scotland
Kenmore,IV54,Highland,Scotland
Kensaleyre,IV51,Highland,Scotland
Kentallen,PA38,Highland,Scotland
Kentra,PH36,Highland,Scotland
Kerrow,,Highland,Scotland
Kilchoan,PA34,Highland,Scotland
Kilcoy,IV6,Highland,Scotland
Kildary,IV18,Highland,Scotland
Kildonan,,Highland,Scotland
Kildonnan,PH42,Highland,Scotland
Killen,IV9,Highland,Scotland
Killilan,IV40,Highland,Scotland
Killimster,KW1,Highland,Scotland
Kilmaluag,IV51,Highland,Scotland
Kilmarie,IV49,Highland,Scotland
Kilmonivaig,,Highland,Scotland
Kilmorack,IV4,Highland,Scotland
Kilmore,IV44,Highland,Scotland
Kilmory,PH36,Highland,Scotland
Kilmory River,,Highland,Scotland
Kilmuir,IV1,Highland,Scotland
Kilphedir,KW8,Highland,Scotland
Kiltarlity,IV4,Highland,Scotland
Kilvaxter,IV51,Highland,Scotland
Kinbeachie,,Highland,Scotland
Kinbrace,KW11,Highland,Scotland
Kincardine,IV24,Highland,Scotland
Kincraig,PH21,Highland,Scotland
Kingairloch,,Highland,Scotland
Kingie,,Highland,Scotland
Kingsburgh,IV51,Highland,Scotland
Kingsteps,IV12,Highland,Scotland
Kingussie,PH21,Highland,Scotland
Kinloch,IV16,Highland,Scotland
Kinloch Loggan,,Highland,Scotland
Kinloch River,,Highland,Scotland
Kinlochbervie,IV27,Highland,Scotland
Kinlocheil,PH33,Highland,Scotland
Kinlochewe,IV22,Highland,Scotland
Kinlochewe River,,Highland,Scotland
Kinlochleven,PA40,Highland,Scotland
Kinlochmoidart,PH36,Highland,Scotland
Kinlochmore,,Highland,Scotland
Kinloid,,Highland,Scotland
Kinmylies,,Highland,Scotland
Kinnauld,,Highland,Scotland
Kinveachy,PH24,Highland,Scotland
Kirkaig,,Highland,Scotland
Kirkhill,IV5,Highland,Scotland
Kirkibost,IV49,Highland,Scotland
Kirkstyle,,Highland,Scotland
Kirkton,IV1,Highland,Scotland
Kirtomy,KW14,Highland,Scotland
Knockan,IV27,Highland,Scotland
Knockarthur,,Highland,Scotland
Knockbreck,IV19,Highland,Scotland
Knockfarrel,,Highland,Scotland
Knockglass,,Highland,Scotland
Knott,,Highland,Scotland
Knoydart,PH41,Highland,Scotland
Kyle of Lochalsh,IV40,Highland,Scotland
Kyleakin,IV41,Highland,Scotland
Kylerhea,IV40,Highland,Scotland
Kylesku,,Highland,Scotland
Kylestrome,IV27,Highland,Scotland
Lael,,Highland,Scotland
Laga,PH36,Highland,Scotland
Laggan,PH20,Highland,Scotland
Lagganlia,,Highland,Scotland
Laide,IV22,Highland,Scotland
Lair,,Highland,Scotland
Lairg,IV27,Highland,Scotland
Lairg Muir,,Highland,Scotland
Lamington,IV18,Highland,Scotland
Langal,,Highland,Scotland
Langwell Water,,Highland,Scotland
Latheron,KW5,Highland,Scotland
Latheronwheel,KW5,Highland,Scotland
Laxford,,Highland,Scotland
Leacanashie,,Highland,Scotland
Leachkin,IV3,Highland,Scotland
Lealt,IV51,Highland,Scotland
Leanach,IV1,Highland,Scotland
Leckfurin,KW14,Highland,Scotland
Leckmelm,IV23,Highland,Scotland
Ledbeg River,,Highland,Scotland
Ledmore River,,Highland,Scotland
Lednabirichen,,Highland,Scotland
Lednagullin,KW14,Highland,Scotland
Leirinmore,IV27,Highland,Scotland
Lentran,,Highland,Scotland
Lephin,,Highland,Scotland
Letterewe,,Highland,Scotland
Letterfearn,IV40,Highland,Scotland
Lettermorar,PH40,Highland,Scotland
Letters,IV23,Highland,Scotland
Lettie River (Abhain Leataidh),,Highland,Scotland
Leven,,Highland,Scotland
Lewiston,IV3,Highland,Scotland
Ling,,Highland,Scotland
Linicro,IV51,Highland,Scotland
Linnie,,Highland,Scotland
Linsidemore,IV27,Highland,Scotland
Little River,,Highland,Scotland
Little Rogart,IV28,Highland,Scotland
Little Torboll,IV25,Highland,Scotland
Little Town,,Highland,Scotland
Littleferry,KW10,Highland,Scotland
Littlemill,IV12,Highland,Scotland
Loanan,,Highland,Scotland
Loandhu,IV20,Highland,Scotland
Loch a Bhraoin,,Highland,Scotland
Loch a Chroisg,,Highland,Scotland
Loch Achall,,Highland,Scotland
Loch Affric,,Highland,Scotland
Loch an Daimh,,Highland,Scotland
Loch an Naver,,Highland,Scotland
Loch an Ruathair,,Highland,Scotland
Loch Arienas,,Highland,Scotland
Loch Arkaig,,Highland,Scotland
Loch Arkraig,,Highland,Scotland
Loch Ashie,,Highland,Scotland
Loch Badanloch,,Highland,Scotland
Loch Beinn a Mheadhbin,,Highland,Scotland
Loch Beoraid,,Highland,Scotland
Loch Bruicheach,,Highland,Scotland
Loch Buidhe,,Highland,Scotland
Loch Calavie,,Highland,Scotland
Loch Choire,,Highland,Scotland
Loch Cluanie,,Highland,Scotland
Loch Damh,,Highland,Scotland
Loch Dughaill,,Highland,Scotland
Loch Duntelchaig,,Highland,Scotland
Loch Eilde Mor,,Highland,Scotland
Loch Ericht,,Highland,Scotland
Loch Fannich,,Highland,Scotland
Loch Garry,,Highland,Scotland
Loch Glascarnoch,,Highland,Scotland
Loch Glass,,Highland,Scotland
Loch Hope,,Highland,Scotland
Loch Insh,,Highland,Scotland
Loch Loyal,,Highland,Scotland
Loch Loyne,,Highland,Scotland
Loch Luichart,,Highland,Scotland
Loch Lundie,,Highland,Scotland
Loch Lurgaim,,Highland,Scotland
Loch Maree,,Highland,Scotland
Loch Meig,,Highland,Scotland
Loch Meiklie,,Highland,Scotland
Loch Merkland,,Highland,Scotland
Loch Mhor,,Highland,Scotland
Loch Monar,,Highland,Scotland
Loch Morar,,Highland,Scotland
Loch More,,Highland,Scotland
Loch Morie,,Highland,Scotland
Loch Morlich,,Highland,Scotland
Loch Moy,,Highland,Scotland
Loch Mullardoch,,Highland,Scotland
Loch na h-Oidnche,,Highland,Scotland
Loch na Sealga,,Highland,Scotland
Loch nan ClÃ r,,Highland,Scotland
Loch Ness,,Highland,Scotland
Loch Osgaig,,Highland,Scotland
Loch Ossian,,Highland,Scotland
Loch Quoich,,Highland,Scotland
Loch Rimsdale,,Highland,Scotland
Loch Ruthven,,Highland,Scotland
Loch Shiel,,Highland,Scotland
Loch Shin,,Highland,Scotland
Loch Sionascaig,,Highland,Scotland
Loch Stack,,Highland,Scotland
Loch Urgill,,Highland,Scotland
Loch Vaich,,Highland,Scotland
Lochaber,,Highland,Scotland
Lochailort,PH38,Highland,Scotland
Lochaline,PA34,Highland,Scotland
Lochan Fada,,Highland,Scotland
Lochanhully,,Highland,Scotland
Lochardil,,Highland,Scotland
Lochcarron,IV54,Highland,Scotland
Lochend,IV3,Highland,Scotland
Lochindorb,,Highland,Scotland
Lochinver,IV27,Highland,Scotland
Lochside,IV27,Highland,Scotland
Lochslin,IV20,Highland,Scotland
Lochy,,Highland,Scotland
Lochyside,,Highland,Scotland
Logie Hill,IV18,Highland,Scotland
Lonbain,IV54,Highland,Scotland
Londubh,IV22,Highland,Scotland
Lonemore,IV25,Highland,Scotland
Longa Island,,Highland,Scotland
Longay,,Highland,Scotland
Lonmore,IV55,Highland,Scotland
Loop Burn,,Highland,Scotland
Lothbeg,KW8,Highland,Scotland
Lothmore,KW8,Highland,Scotland
Lower Arboll,,Highland,Scotland
Lower Badcall,,Highland,Scotland
Lower Breakish,IV42,Highland,Scotland
Lower Diabaig,,Highland,Scotland
Lower Dounreay,,Highland,Scotland
Lower Drummond,,Highland,Scotland
Lower Gledfield,IV24,Highland,Scotland
Lower Halistra,,Highland,Scotland
Lower Milovaig,,Highland,Scotland
Lower Ollach,,Highland,Scotland
Lower Pitkerrie,,Highland,Scotland
Loy,,Highland,Scotland
Loyne,,Highland,Scotland
Lubinvullin,,Highland,Scotland
Luib,IV49,Highland,Scotland
Luineag,,Highland,Scotland
Luinga Mhor,,Highland,Scotland
Luinne Bheinn,,Highland,Scotland
Lusta,IV55,Highland,Scotland
Lybster,KW14,Highland,Scotland
Lynchat,PH21,Highland,Scotland
Lyne of Gorthleck,IV1,Highland,Scotland
Lynwilg,,Highland,Scotland
Maldie Burn,,Highland,Scotland
Maligar,IV51,Highland,Scotland
Mallaig,PH41,Highland,Scotland
Mallaigmore,,Highland,Scotland
Mallart River,,Highland,Scotland
Mallie,,Highland,Scotland
Marishader,IV51,Highland,Scotland
Markie Burn,,Highland,Scotland
Marrel,KW8,Highland,Scotland
Marybank,IV6,Highland,Scotland
Maryburgh,IV7,Highland,Scotland
Mayfield,,Highland,Scotland
Meadie,,Highland,Scotland
Meall Mor,,Highland,Scotland
Meig,,Highland,Scotland
Mellon Charles,IV22,Highland,Scotland
Mellon Udrigle,IV22,Highland,Scotland
Melvaig,IV21,Highland,Scotland
Melvich,KW14,Highland,Scotland
Meoble,PH40,Highland,Scotland
Merkadale,,Highland,Scotland
Merkinch,,Highland,Scotland
Mial,IV21,Highland,Scotland
Mid Clyth,KW3,Highland,Scotland
Mid Strome,,Highland,Scotland
Midfield,IV27,Highland,Scotland
Midtown,IV22,Highland,Scotland
Migdale,IV24,Highland,Scotland
Millbank,,Highland,Scotland
Millcraig,,Highland,Scotland
Millnain,,Highland,Scotland
Milnafua,,Highland,Scotland
Milton,IV12,Highland,Scotland
Mingarrypark,,Highland,Scotland
Minginish,,Highland,Scotland
Modsarie,KW14,Highland,Scotland
Moidart,,Highland,Scotland
Mol-chlach,PH41,Highland,Scotland
Moll,,Highland,Scotland
Monaick Burn,,Highland,Scotland
Morangie,IV19,Highland,Scotland
Morar,PH40,Highland,Scotland
Morefield,IV26,Highland,Scotland
Moriston,,Highland,Scotland
Moss,,Highland,Scotland
Moss-side,IV12,Highland,Scotland
Mount High,,Highland,Scotland
Mountgerald,IV15,Highland,Scotland
Mountpleasant,,Highland,Scotland
Moy,IV13,Highland,Scotland
Moy Burn,,Highland,Scotland
Moy Hall,,Highland,Scotland
Muck,,Highland,Scotland
Muckle Burn,,Highland,Scotland
Mudale,IV27,Highland,Scotland
Mugeary,IV51,Highland,Scotland
Muie,IV28,Highland,Scotland
Muir of Ord,IV6,Highland,Scotland
Muir of Tarradale,,Highland,Scotland
Muirshearlich,,Highland,Scotland
Munlochy,IV8,Highland,Scotland
Mybster,KW1,Highland,Scotland
Myrelandhorn,,Highland,Scotland
Na Luirgean,,Highland,Scotland
Nairn,IV12,Highland,Scotland
Naver,,Highland,Scotland
Navidale,KW8,Highland,Scotland
Neave (Coomb Islands),,Highland,Scotland
Nedd,IV27,Highland,Scotland
Ness,,Highland,Scotland
Nethertown,KW1,Highland,Scotland
Nethy,,Highland,Scotland
Nethy Bridge,PH25,Highland,Scotland
Nevis,,Highland,Scotland
New Mills,,Highland,Scotland
Newfield,IV19,Highland,Scotland
Newlands,,Highland,Scotland
Newlands of Geise,KW14,Highland,Scotland
Newmore,,Highland,Scotland
Newport,KW7,Highland,Scotland
Newton,IV1,Highland,Scotland
Newton of Ardtoe,PH36,Highland,Scotland
Newtonhill,,Highland,Scotland
Newtonmore,PH20,Highland,Scotland
Nigg,IV19,Highland,Scotland
Nigg Ferry,,Highland,Scotland
Nonikiln,,Highland,Scotland
North Ballachulish,PH33,Highland,Scotland
North Erradale,IV21,Highland,Scotland
North Kessock,IV1,Highland,Scotland
North Morar,,Highland,Scotland
Noss,,Highland,Scotland
Noss Head,,Highland,Scotland
Nostie,IV40,Highland,Scotland
Nybster,KW1,Highland,Scotland
Oape,,Highland,Scotland
Obsdale Park,,Highland,Scotland
Ockle,PH36,Highland,Scotland
Oich,,Highland,Scotland
Oigh-sgeir,,Highland,Scotland
Oldany Island,,Highland,Scotland
Oldshore Beg,IV27,Highland,Scotland
Oldshoremore,,Highland,Scotland
Oldtown,,Highland,Scotland
Onich,PH33,Highland,Scotland
Opinan,IV21,Highland,Scotland
Ord,IV46,Highland,Scotland
Ormiscaig,IV22,Highland,Scotland
Ormsaigbeg,,Highland,Scotland
Ormsaigmore,PH36,Highland,Scotland
Ornsay,,Highland,Scotland
Oronsay,,Highland,Scotland
Orrin,,Highland,Scotland
Orrin Reservoir,,Highland,Scotland
Ose,IV56,Highland,Scotland
Oskaig,IV40,Highland,Scotland
Ospisdale,,Highland,Scotland
Ossian,,Highland,Scotland
Oykel,,Highland,Scotland
Pabay,,Highland,Scotland
Papigoe,,Highland,Scotland
Park Bernisdale,,Highland,Scotland
Pattack,,Highland,Scotland
Pean,,Highland,Scotland
Peinaha,,Highland,Scotland
Peinchorran,IV51,Highland,Scotland
Peiness,,Highland,Scotland
Peinlich,IV51,Highland,Scotland
Peinmore,,Highland,Scotland
Penifiler,IV51,Highland,Scotland
Piperhill,IV12,Highland,Scotland
Pitcalnie,,Highland,Scotland
Pitgrudy,IV25,Highland,Scotland
Pitmaduthy,,Highland,Scotland
Pittnetrail,,Highland,Scotland
Plockton,IV52,Highland,Scotland
Point of Ardnamurchan,,Highland,Scotland
Point of Sleat,,Highland,Scotland
Point of Stoer,,Highland,Scotland
Polbain,IV26,Highland,Scotland
Poles,IV25,Highland,Scotland
Polglass,,Highland,Scotland
Polloch,PH37,Highland,Scotland
Pollosgan,,Highland,Scotland
Polly,,Highland,Scotland
Polmaily,,Highland,Scotland
Polnish,,Highland,Scotland
Pool Crofts,,Highland,Scotland
Poolewe,IV22,Highland,Scotland
Port an-eorna,,Highland,Scotland
Port Henderson,IV21,Highland,Scotland
Port Mor,PH42,Highland,Scotland
Portgower,KW8,Highland,Scotland
Portmahomack,IV20,Highland,Scotland
Portnalong,IV47,Highland,Scotland
Portnaluchaig,PH39,Highland,Scotland
Portormin,,Highland,Scotland
Portree,IV51,Highland,Scotland
Portskerra,KW14,Highland,Scotland
Portuairk,PH36,Highland,Scotland
Portvasgo,,Highland,Scotland
Prabost,,Highland,Scotland
Priest Island,,Highland,Scotland
Quoich,,Highland,Scotland
Rabbit Islands,,Highland,Scotland
Raddery,,Highland,Scotland
Raggra,,Highland,Scotland
Ramasaig,IV55,Highland,Scotland
Ramscraigs,KW6,Highland,Scotland
Rannoch River,,Highland,Scotland
Ranochan,PH38,Highland,Scotland
Rappach Water,,Highland,Scotland
Ratagan,,Highland,Scotland
Rearquhar,IV25,Highland,Scotland
Reay,KW14,Highland,Scotland
Rechullin,,Highland,Scotland
Redpoint,IV21,Highland,Scotland
Reiff,IV26,Highland,Scotland
Reiss,KW1,Highland,Scotland
Remusaig,,Highland,Scotland
Reraig,,Highland,Scotland
Resaurie,,Highland,Scotland
Resolis,IV7,Highland,Scotland
Rhenetra,,Highland,Scotland
Rhiconich,IV27,Highland,Scotland
Rhiconich River,,Highland,Scotland
Rhicullen,IV18,Highland,Scotland
Rhidorroch River,,Highland,Scotland
Rhilochan,IV28,Highland,Scotland
Rhiroy,IV23,Highland,Scotland
Rhitongue,,Highland,Scotland
Rhives,,Highland,Scotland
Rhue,IV26,Highland,Scotland
Rhum,,Highland,Scotland
Rhuvoult,,Highland,Scotland
Rienachait,,Highland,Scotland
Rireavach,,Highland,Scotland
Risga,,Highland,Scotland
Roadside,KW12,Highland,Scotland
Roag,IV55,Highland,Scotland
Rockfield,IV20,Highland,Scotland
Rogart,IV28,Highland,Scotland
Rois-Bheinn,,Highland,Scotland
Romesdal,,Highland,Scotland
Rootfield,,Highland,Scotland
Rosemarkie,IV10,Highland,Scotland
Roshven,PH38,Highland,Scotland
Roskhill,IV55,Highland,Scotland
Roster,KW3,Highland,Scotland
Rough Haugh,,Highland,Scotland
Roy,,Highland,Scotland
Roybridge,PH31,Highland,Scotland
Rubha an Ridire,,Highland,Scotland
Rubha Coigeach,,Highland,Scotland
Rubha Mor,,Highland,Scotland
Rubha nam Meirleach,,Highland,Scotland
Rubha Shamhnan Insir,,Highland,Scotland
Ruilick,IV4,Highland,Scotland
Ruisaurie,,Highland,Scotland
Rumsdale Water,,Highland,Scotland
Ruthven,IV13,Highland,Scotland
Rychraggan,,Highland,Scotland
Saasaig,,Highland,Scotland
Salachie Burn,,Highland,Scotland
Salen,PH36,Highland,Scotland
Sallachy,IV27,Highland,Scotland
Saltburn,IV18,Highland,Scotland
Sanachan,,Highland,Scotland
Sand,,Highland,Scotland
Sandavore,,Highland,Scotland
Sanday,,Highland,Scotland
Sandside Burn,,Highland,Scotland
Sandwood Loch,,Highland,Scotland
Sangobeg,IV27,Highland,Scotland
Sangomore,,Highland,Scotland
Sanna,PH36,Highland,Scotland
Sanna Point,,Highland,Scotland
Sarclet,KW1,Highland,Scotland
Saval,,Highland,Scotland
Scalpay,,Highland,Scotland
Scamodale,,Highland,Scotland
Scarfskerry,KW14,Highland,Scotland
Sconser,IV48,Highland,Scotland
Scoraig,IV23,Highland,Scotland
Scotstown,PH36,Highland,Scotland
Scottas,,Highland,Scotland
Scourie,IV27,Highland,Scotland
Scrabster,KW14,Highland,Scotland
Seana Bhraigh,,Highland,Scotland
Second Coast,IV22,Highland,Scotland
Sgeir Iosal,,Highland,Scotland
Sgitheach,,Highland,Scotland
Sgoir Beag,,Highland,Scotland
Sgurr na Lapaich,,Highland,Scotland
Shandwick,IV20,Highland,Scotland
Shebster,KW14,Highland,Scotland
Sheigra,IV27,Highland,Scotland
Sheil,,Highland,Scotland
Shiel Bridge,IV40,Highland,Scotland
Shieldaig,IV21,Highland,Scotland
Shielfoot,PH36,Highland,Scotland
Shin,,Highland,Scotland
Shulishadermor,,Highland,Scotland
Shulista,,Highland,Scotland
Skelbo,IV25,Highland,Scotland
Skelbo Muir,,Highland,Scotland
Skelpick,,Highland,Scotland
Skelpick Burn,,Highland,Scotland
Skerray,KW14,Highland,Scotland
Skinidin,IV55,Highland,Scotland
Skinnerton,,Highland,Scotland
Skinnet,KW12,Highland,Scotland
Skinsdale,,Highland,Scotland
Skirza,KW1,Highland,Scotland
Skulamus,IV42,Highland,Scotland
Skullomie,IV27,Highland,Scotland
Skye of Curr,PH26,Highland,Scotland
Sleach Water,,Highland,Scotland
Slickly,KW1,Highland,Scotland
Slioch,,Highland,Scotland
Sluggan,PH23,Highland,Scotland
Sluggans,,Highland,Scotland
Smigel Burn,,Highland,Scotland
Smirisary,PH38,Highland,Scotland
Smithstown,,Highland,Scotland
Smithton,,Highland,Scotland
Soa,,Highland,Scotland
SOAY,,Highland,Scotland
Solitote,,Highland,Scotland
Sortat,KW1,Highland,Scotland
South Ballachulish,,Highland,Scotland
South Clunes,,Highland,Scotland
South Cuil,,Highland,Scotland
South Erradale,IV21,Highland,Scotland
South Garvan,,Highland,Scotland
South Kessock,IV3,Highland,Scotland
South Morar,,Highland,Scotland
Soyal,IV24,Highland,Scotland
Spean,,Highland,Scotland
Spean Bridge,PH34,Highland,Scotland
Spey,,Highland,Scotland
Speybank,,Highland,Scotland
Speybridge,PH26,Highland,Scotland
Spinningdale,IV24,Highland,Scotland
Spittal,KW1,Highland,Scotland
Springfield,,Highland,Scotland
Sron Bheag,,Highland,Scotland
Staffin Island,,Highland,Scotland
Staxigoe,KW1,Highland,Scotland
Stenscholl,IV51,Highland,Scotland
Stoer,IV27,Highland,Scotland
Strath,KW1,Highland,Scotland
Strath Burn,,Highland,Scotland
Strathan,IV27,Highland,Scotland
Strathan Skerray,,Highland,Scotland
Strathcarron,,Highland,Scotland
Strathcoul,,Highland,Scotland
Strathmore River,,Highland,Scotland
Strathpeffer,IV14,Highland,Scotland
Strathrory River,,Highland,Scotland
Strathy,KW14,Highland,Scotland
Strathy Point,,Highland,Scotland
Stromeferry,IV53,Highland,Scotland
Stromemore,IV54,Highland,Scotland
Stronaba,,Highland,Scotland
Stronchreggan,,Highland,Scotland
Strone,IV3,Highland,Scotland
Strontian,PH36,Highland,Scotland
Struan,IV56,Highland,Scotland
Struanmore,,Highland,Scotland
Struy,IV4,Highland,Scotland
Suisnish,,Highland,Scotland
Suladale,,Highland,Scotland
Summer Isles,,Highland,Scotland
Sunart,,Highland,Scotland
Swiney,KW3,Highland,Scotland
Swordale,IV16,Highland,Scotland
Swordly,KW14,Highland,Scotland
Syre,KW11,Highland,Scotland
Tain,IV19,Highland,Scotland
Talisker,IV47,Highland,Scotland
Talladale,IV22,Highland,Scotland
Talmine,IV27,Highland,Scotland
Tanera Beg,,Highland,Scotland
Tanera Mor,,Highland,Scotland
Tannach,KW1,Highland,Scotland
Tarbat Ness,,Highland,Scotland
Tarbet,IV27,Highland,Scotland
Tarff,,Highland,Scotland
Tarner Island,,Highland,Scotland
Tarskavaig,IV46,Highland,Scotland
Teangue,IV44,Highland,Scotland
The Aird,,Highland,Scotland
The Bar,,Highland,Scotland
The Ness,,Highland,Scotland
The Storr,,Highland,Scotland
The Uair,,Highland,Scotland
Thrumster,KW1,Highland,Scotland
