,,Kent,England
Abbey Gate,,Kent,England
Acol,CT7,Kent,England
Addington,ME19,Kent,England
Adisham,CT3,Kent,England
Aldington,TN25,Kent,England
Aldington Frith,,Kent,England
Alkham,CT15,Kent,England
Allhallows,ME3,Kent,England
Allhallows-on-Sea,,Kent,England
Allington,,Kent,England
Anvil Green,,Kent,England
Appledore,TN26,Kent,England
Appledore Heath,TN26,Kent,England
Arpinge,,Kent,England
Ash,,Kent,England
Ashbank,,Kent,England
Ashford,TN17,Kent,England
Ashley,CT15,Kent,England
Ashurst,TN3,Kent,England
Aycliff,,Kent,England
Aylesford,ME20,Kent,England
Aylesham,CT3,Kent,England
Badgers Mount,TN14,Kent,England
Badlesmere,ME13,Kent,England
Bagham,,Kent,England
Bapchild,ME9,Kent,England
Barden Park,,Kent,England
Barfrestone,,Kent,England
Barham,CT4,Kent,England
Barming Heath,,Kent,England
Barnes Street,,Kent,England
Barnfield,,Kent,England
Barnsole,,Kent,England
Barrow Green,,Kent,England
Barrowhill,,Kent,England
Basted,,Kent,England
Bay View,,Kent,England
Beacon Hill,,Kent,England
Bean,DA2,Kent,England
Bearsted,ME14,Kent,England
Bedgebury Cross,TN17,Kent,England
Bekesbourne,CT4,Kent,England
Bekesbourne Hill,,Kent,England
Beltinge,CT6,Kent,England
Beltring,TN12,Kent,England
Belvedere,,Kent,England
Benenden,TN17,Kent,England
Benover,ME18,Kent,England
Berwick,,Kent,England
Bessels Green,,Kent,England
Bethersden,TN26,Kent,England
Betsham,DA13,Kent,England
Betteshanger,CT14,Kent,England
Beult,,Kent,England
Bewl,,Kent,England
Bexon,,Kent,England
Bicknor,ME9,Kent,England
Bidborough,TN4,Kent,England
Biddenden,TN27,Kent,England
Biddenden Green,,Kent,England
Bilsington,TN25,Kent,England
Bilting,TN25,Kent,England
Birchington,CT7,Kent,England
Bircholt Forstal,,Kent,England
Birling,ME19,Kent,England
Bishopsbourne,CT4,Kent,England
Bishopstone,,Kent,England
Bitchet Green,,Kent,England
Blacketts,,Kent,England
Bladbean,CT4,Kent,England
Blean,CT2,Kent,England
Bliby,,Kent,England
Blue Bell Hill,ME5,Kent,England
Blue Town,,Kent,England
Bluetown,,Kent,England
Bobbing,ME9,Kent,England
Bockhanger,,Kent,England
Bodsham,,Kent,England
Bonnington,TN25,Kent,England
Borden,ME9,Kent,England
Borough Green,TN15,Kent,England
Borstal,ME1,Kent,England
Bossingham,CT4,Kent,England
Bossington,,Kent,England
Bottom Pond,,Kent,England
Bough Beech,TN8,Kent,England
Bough Beech Reservoir,,Kent,England
Boughton Aluph,TN25,Kent,England
Boughton Corner,,Kent,England
Boughton Green,ME17,Kent,England
Boughton Lees,TN25,Kent,England
Boughton Malherbe,ME17,Kent,England
Boughton Monchelsea,ME17,Kent,England
Boughton Street,ME13,Kent,England
Bowmans,,Kent,England
Boxley,ME14,Kent,England
Boyden Gate,CT3,Kent,England
Brabourne,TN25,Kent,England
Brabourne Lees,TN25,Kent,England
Bramling,CT3,Kent,England
Branbridges,,Kent,England
Brasted,TN16,Kent,England
Brasted Chart,TN16,Kent,England
Brattle,,Kent,England
Breach,CT4,Kent,England
Bredgar,ME9,Kent,England
Bredhurst,ME7,Kent,England
Brenchley,TN12,Kent,England
Brenzett,TN29,Kent,England
Brenzett Green,,Kent,England
Bridge,CT4,Kent,England
Brissenden Green,,Kent,England
Broad Ford,,Kent,England
Broad Oak,,Kent,England
Broad Street,ME17,Kent,England
Broad Tenterden,,Kent,England
Broadstairs,CT10,Kent,England
Broadstone,,Kent,England
Bromley Green,TN26,Kent,England
Brompton,ME4,Kent,England
Bromstone,,Kent,England
Brook,TN25,Kent,England
Brook Street,TN30,Kent,England
Brookland,TN29,Kent,England
Brooks End,,Kent,England
Broom Street,,Kent,England
Broomfield,CT6,Kent,England
Broomhill,,Kent,England
Broomhill Bank,,Kent,England
Buckhurst,,Kent,England
Buckland,CT16,Kent,England
Buckland Valley,,Kent,England
Bulleign,,Kent,England
Bullockstone,,Kent,England
Burham,ME1,Kent,England
Burham Court,,Kent,England
Burmarsh,TN29,Kent,England
Burntwick Island,,Kent,England
Buttsole,,Kent,England
Bybrook,,Kent,England
Cage Green,,Kent,England
Calcott,CT3,Kent,England
Camden Hill,,Kent,England
Camden Park,,Kent,England
Camer,DA13,Kent,England
Canterbury,CT1,Kent,England
Capel,TN12,Kent,England
Capel Cross,,Kent,England
Capel-le-Ferne,CT18,Kent,England
Capstone,ME7,Kent,England
Castle Hill,,Kent,England
Cellarhill,,Kent,England
Chainhurst,TN12,Kent,England
Chalk,DA12,Kent,England
Chalksole,,Kent,England
Chalkwell,,Kent,England
Challock,TN25,Kent,England
Charcott,,Kent,England
Charing,TN27,Kent,England
Charing Heath,,Kent,England
Charing Hill,,Kent,England
Chart Corner,ME17,Kent,England
Chart Hill,,Kent,England
Chart Sutton,ME17,Kent,England
Chartham,CT4,Kent,England
Chartham Hatch,CT4,Kent,England
Chatham,ME4,Kent,England
Chattenden,ME3,Kent,England
Chegworth,,Kent,England
Chequertree,,Kent,England
Cheriton,CT19,Kent,England
Chesley,,Kent,England
Chestfield,CT5,Kent,England
Chestnut Street,,Kent,England
Chevening,TN14,Kent,England
Chiddingstone,TN8,Kent,England
Chiddingstone Causeway,TN11,Kent,England
Chiddingstone Hoath,TN8,Kent,England
Childsbridge,,Kent,England
Chilham,CT4,Kent,England
Chillenden,CT3,Kent,England
Chillmill,,Kent,England
Chilmington Green,,Kent,England
Chilton,,Kent,England
Chipstead,TN13,Kent,England
Chislet,CT3,Kent,England
Chislet Forstal,,Kent,England
Chitty,,Kent,England
Church Hougham,,Kent,England
Church Street,ME3,Kent,England
Church Whitfield,,Kent,England
Cinder Hill,,Kent,England
Clap Hill,,Kent,England
Clapham Hill,CT5,Kent,England
Clapper Hill,,Kent,England
Claygate,TN12,Kent,England
Claygate Cross,TN15,Kent,England
Claypits,,Kent,England
Clement Street,,Kent,England
Cliffe,ME3,Kent,England
Cliffe Woods,ME3,Kent,England
Cliffs End,CT12,Kent,England
Cliftonville,CT9,Kent,England
Cobham,DA12,Kent,England
Cock Street,,Kent,England
Cold Harbour,,Kent,England
Coldharbour,,Kent,England
Coldred,CT15,Kent,England
Collier Street,TN12,Kent,England
Comp,,Kent,England
Congelow,,Kent,England
Conyer,ME9,Kent,England
Cooling,ME3,Kent,England
Cooling Street,,Kent,England
Coolinge,,Kent,England
Coomb Hill,,Kent,England
Coombe,,Kent,England
Cooper Street,,Kent,England
Cop Street,CT3,Kent,England
Coppins Corner,,Kent,England
Copton,,Kent,England
Court-at-Street,CT21,Kent,England
Coxheath,ME17,Kent,England
Crabble,,Kent,England
Cranbrook,TN17,Kent,England
Cranbrooke Common,,Kent,England
Crit Hall,,Kent,England
Crockenhill,BR8,Kent,England
Crockham Hill,TN8,Kent,England
Crockhurst Street,TN11,Kent,England
Cross Keys,,Kent,England
Cross-at-Hand,TN12,Kent,England
Crouch,TN15,Kent,England
Crowdleham,,Kent,England
Crundale,CT4,Kent,England
Culmers,,Kent,England
Culverstone Green,DA13,Kent,England
Curtisden Green,TN17,Kent,England
Cuxton,ME2,Kent,England
Danaway,,Kent,England
Dane Street,,Kent,England
Darent,,Kent,England
Darenth,DA2,Kent,England
Dargate,ME13,Kent,England
Dargate Common,,Kent,England
Dartford,DA1,Kent,England
David Street,,Kent,England
Davington,,Kent,England
Deal,CT14,Kent,England
Dean Street,ME15,Kent,England
Deans Bottom,,Kent,England
Deans Hill,,Kent,England
Deerton Street,,Kent,England
Dene Park,,Kent,England
Denny Bottom,,Kent,England
Densole,CT18,Kent,England
Denstroude,,Kent,England
Denton,CT4,Kent,England
Derringstone,CT4,Kent,England
Detling,ME14,Kent,England
Dingleden,,Kent,England
Ditton,ME20,Kent,England
Doddington,ME9,Kent,England
Donkey Street,,Kent,England
Dover,CT15,Kent,England
Drellingore,CT18,Kent,England
Dryhill,,Kent,England
Dumpton,,Kent,England
Dungate,,Kent,England
Dungeness,,Kent,England
Dunkirk,ME13,Kent,England
Dunn Street,,Kent,England
Dunton Green,TN13,Kent,England
Durlock,,Kent,England
Durrant Green,,Kent,England
Dymchurch,TN29,Kent,England
Each End,,Kent,England
East Barming,ME16,Kent,England
East End,TN17,Kent,England
East Farleigh,ME15,Kent,England
East Hill,,Kent,England
East Langdon,CT15,Kent,England
East Malling,ME19,Kent,England
East Malling Heath,,Kent,England
East Peckham,TN12,Kent,England
East Stour,,Kent,England
East Stourmouth,CT3,Kent,England
East Street,,Kent,England
East Studdal,CT15,Kent,England
Eastchurch,ME12,Kent,England
Eastling,ME13,Kent,England
Eastry,CT13,Kent,England
Eastwell Park,,Kent,England
Eccles,ME20,Kent,England
Eddington,,Kent,England
Eden,,Kent,England
Edenbridge,TN8,Kent,England
Egerton,TN27,Kent,England
Egerton Forstal,TN27,Kent,England
Elham,CT4,Kent,England
Elmsted,,Kent,England
Elmstone,CT3,Kent,England
Elvington,CT15,Kent,England
Erriottwood,,Kent,England
Etchinghill,CT18,Kent,England
Evington,,Kent,England
Ewell Minnis,CT15,Kent,England
Exted,,Kent,England
Eyhorne Street,ME17,Kent,England
Eynsford,DA4,Kent,England
Eythorne,CT15,Kent,England
Fairbourne Heath,,Kent,England
Fairfield,,Kent,England
Fairseat,TN15,Kent,England
Fant,,Kent,England
Farleigh Green,,Kent,England
Farningham,DA4,Kent,England
Farthing Corner,,Kent,England
Farthing Green,,Kent,England
Farthingloe,CT15,Kent,England
Faversham,ME13,Kent,England
Fawkham Green,DA3,Kent,England
Felderland,,Kent,England
Fenn Street,,Kent,England
Ferndale,,Kent,England
Field Green,,Kent,England
Finglesham,CT14,Kent,England
Fir Toll,,Kent,England
Five Oak Green,TN12,Kent,England
Five Wents,ME17,Kent,England
Fleet Downs,,Kent,England
Flemings,,Kent,England
Flishinghurst,TN17,Kent,England
Folkestone,CT18,Kent,England
Force Green,,Kent,England
Ford,,Kent,England
Fordcombe,TN3,Kent,England
Fordwich,CT2,Kent,England
Forstal,,Kent,England
Fostall,,Kent,England
Fosten Green,,Kent,England
Four Elms,TN8,Kent,England
Four Oaks,,Kent,England
Four Throws,TN18,Kent,England
Four Wents,,Kent,England
Fowley Island,,Kent,England
Foxendown,,Kent,England
French Street,,Kent,England
Frindsbury,ME2,Kent,England
Friningham,,Kent,England
Frinsted,ME9,Kent,England
Frith,ME13,Kent,England
Frittenden,TN17,Kent,England
Frogham,,Kent,England
Froghole,,Kent,England
Frogholt,,Kent,England
Further Quarter,,Kent,England
Gadshill,,Kent,England
Gain Hill,,Kent,England
Garlinge,,Kent,England
Garlinge Green,,Kent,England
Gibraltar,,Kent,England
Gillingham,ME7,Kent,England
Glassenbury,TN17,Kent,England
Goathurst Common,,Kent,England
Godden Green,,Kent,England
Godmersham,CT4,Kent,England
Golden Green,TN11,Kent,England
Golford,,Kent,England
Golgotha,,Kent,England
Goodley Stock,,Kent,England
Goodnestone,CT3,Kent,England
Goose Green,TN11,Kent,England
Gore,,Kent,England
Gore Street,CT12,Kent,England
Gosmere,,Kent,England
Goudhurst,TN17,Kent,England
Gover Hill,,Kent,England
Grafty Green,ME17,Kent,England
Grain,ME3,Kent,England
Grange,ME7,Kent,England
Gravel Castle,,Kent,England
Graveney,ME13,Kent,England
Gravesend,DA12,Kent,England
Great Bower,,Kent,England
Great Buckland,,Kent,England
Great Chart,TN23,Kent,England
Great Cheveney,,Kent,England
Great Mongeham,CT14,Kent,England
Great Pattenden,,Kent,England
Great Stonar,CT13,Kent,England
Great Stour,,Kent,England
Greatness,,Kent,England
Greatstone-on-Sea,TN28,Kent,England
Green Hill,,Kent,England
Green Street Green,BR6,Kent,England
Greenhill,,Kent,England
Greenhithe,DA9,Kent,England
Greet,,Kent,England
Grigg,,Kent,England
Grove,CT3,Kent,England
Grove End,,Kent,England
Grove Green,ME14,Kent,England
Grove Hill,,Kent,England
Groves,,Kent,England
Grubb Street,,Kent,England
Guilton,,Kent,England
Gun Green,,Kent,England
Gushmere,,Kent,England
Guston,CT15,Kent,England
Hacklinge,CT14,Kent,England
Hadlow,TN11,Kent,England
Hadlow Stair,,Kent,England
Haffenden Quarter,TN27,Kent,England
Haine,,Kent,England
Hale,,Kent,England
Hale Street,TN12,Kent,England
Hales Place,CT2,Kent,England
Halfway Houses,ME12,Kent,England
Halfway Street,,Kent,England
Halling,ME2,Kent,England
Halstead,TN14,Kent,England
Ham,CT14,Kent,England
Ham Green,,Kent,England
Ham Hill,ME6,Kent,England
Hammill,,Kent,England
Hampton,,Kent,England
Hamptons,,Kent,England
Hamstreet,TN26,Kent,England
Hanging Bank,,Kent,England
Harbledown,CT2,Kent,England
Harbourland,,Kent,England
Hareplain,,Kent,England
Harrietsham,ME17,Kent,England
Hartley,DA3,Kent,England
Hartley Green,,Kent,England
Hartlip,ME9,Kent,England
Harvel,DA13,Kent,England
Hassell Street,TN25,Kent,England
Hastingleigh,TN25,Kent,England
Haviker Street,,Kent,England
Hawkenbury,TN2,Kent,England
Hawkhurst,TN18,Kent,England
Hawkinge,CT18,Kent,England
Hawley,DA2,Kent,England
Hawthorn Corner,,Kent,England
Hazel Street,,Kent,England
Headcorn,TN27,Kent,England
Hearnden Green,,Kent,England
Hearts Delight,,Kent,England
Heath Side,,Kent,England
Heaverham,TN15,Kent,England
Hempstead,,Kent,England
Hemsted,,Kent,England
Henley Street,,Kent,England
Henwood Green,,Kent,England
Herne,CT6,Kent,England
Herne Bay,CT6,Kent,England
Herne Common,CT6,Kent,England
Herne Pound,,Kent,England
Hernhill,ME13,Kent,England
Heronden,,Kent,England
Hersden,CT3,Kent,England
Hever,TN8,Kent,England
Hexden Channel,,Kent,England
Hextable,BR8,Kent,England
Hickmans Green,,Kent,England
Hicks Forstal,,Kent,England
High Brooms,TN4,Kent,England
High Halden,TN26,Kent,England
High Halstow,ME3,Kent,England
High Street,TN18,Kent,England
Higham,ME3,Kent,England
Higham Wood,TN10,Kent,England
Highgate,,Kent,England
Highstead,CT3,Kent,England
Highsted,ME9,Kent,England
Highstreet,,Kent,England
Hilden Park,TN11,Kent,England
Hildenborough,TN11,Kent,England
Hill Green,,Kent,England
Hill Hoath,,Kent,England
Hill Park,,Kent,England
Hill Street,,Kent,England
Hillborough,CT6,Kent,England
Hinxhill,TN24,Kent,England
Hoaden,CT3,Kent,England
Hoath,CT3,Kent,England
Hoath Corner,,Kent,England
Hockley,,Kent,England
Hodsoll Street,,Kent,England
Holborough,ME2,Kent,England
Hollingbourne,ME17,Kent,England
Hollow Street,,Kent,England
Hollybushes,,Kent,England
Holt Hill,,Kent,England
Honey Hill,CT2,Kent,England
Hoo,ME3,Kent,England
Hoo St Werburgh,,Kent,England
Hook Green,DA13,Kent,England
Horn Street,,Kent,England
Horsalls,,Kent,England
Horshoe Green,,Kent,England
Horsmonden,TN12,Kent,England
Horton,,Kent,England
Horton Kirby,DA4,Kent,England
Hosey Hill,,Kent,England
Hothfield,TN26,Kent,England
How Green,,Kent,England
Howt Green,,Kent,England
Hucking,ME17,Kent,England
Hungershall Park,,Kent,England
Hunters Forstal,CT6,Kent,England
Hunton,ME15,Kent,England
Hythe,CT21,Kent,England
Ickham,CT3,Kent,England
Ide Hill,TN14,Kent,England
Iden Green,TN17,Kent,England
Ightham,TN15,Kent,England
Igtham Common,,Kent,England
Ileden,,Kent,England
Isle of Grain,,Kent,England
Isle of Sheppey,ME12,Kent,England
Isle Of Thanet,,Kent,England
Istead Rise,DA13,Kent,England
Ivy Hatch,TN15,Kent,England
Ivychurch,TN29,Kent,England
Iwade,ME9,Kent,England
Kearnsey,,Kent,England
Kemsing,TN15,Kent,England
Kemsley,ME10,Kent,England
Kemsley Street,,Kent,England
Kenardington,TN26,Kent,England
Kennington,TN24,Kent,England
Kent Street,ME18,Kent,England
Kettle Corner,,Kent,England
Key Street,,Kent,England
Keycol,,Kent,England
Kilndown,TN17,Kent,England
Kingsdown,CT14,Kent,England
Kingsgate,CT10,Kent,England
Kingsnorth,TN23,Kent,England
Kingston,CT4,Kent,England
Kingswood,ME17,Kent,England
Kippington,,Kent,England
Knatts Valley,,Kent,England
Knockhall,,Kent,England
Knockholt,TN14,Kent,England
Knockmill,,Kent,England
Knowlton,CT3,Kent,England
Knox Bridge,,Kent,England
Laddingford,ME18,Kent,England
Lade,,Kent,England
Lamberden,,Kent,England
Lamberhurst,TN3,Kent,England
Lamberhurst Quarter,TN3,Kent,England
Lane End,DA2,Kent,England
Langley,ME17,Kent,England
Langley Heath,ME17,Kent,England
Langton Green,TN3,Kent,England
Larkfield,,Kent,England
Lashenden,,Kent,England
Leadingcross Green,,Kent,England
Leaveland,ME13,Kent,England
Leeds,ME17,Kent,England
Leigh,TN11,Kent,England
Leigh Green,TN30,Kent,England
Len,,Kent,England
Lenham,ME17,Kent,England
Lenham Forstal,,Kent,England
Lenham Heath,ME17,Kent,England
Lewson Street,,Kent,England
Leybourne,ME19,Kent,England
Leysdown-on-Sea,ME12,Kent,England
Lidsing,ME7,Kent,England
Lilyvale,,Kent,England
Linkhill,TN18,Kent,England
Linton,ME17,Kent,England
Little Chart,TN27,Kent,England
Little Chart Forstal,,Kent,England
Little Frith,,Kent,England
Little Mill,,Kent,England
Little Mongeham,,Kent,England
Little Preston,,Kent,England
Littlebourne,CT3,Kent,England
Littlestone-on-Sea,TN28,Kent,England
Liverton Street,ME17,Kent,England
Livesey Street,,Kent,England
Lodge Lees,,Kent,England
London Beach,TN30,Kent,England
Longfield,DA3,Kent,England
Longfield Hill,DA3,Kent,England
Longford,,Kent,England
Loose,ME15,Kent,England
Loose Hill,,Kent,England
Lords Wood,,Kent,England
Lower Bitchet,,Kent,England
Lower Bush,,Kent,England
Lower Cox Street,,Kent,England
Lower Eythorne,,Kent,England
Lower Goldstone,,Kent,England
Lower Green,TN2,Kent,England
Lower Halstow,ME9,Kent,England
Lower Hardres,CT4,Kent,England
Lower Hartlip,,Kent,England
Lower Haysden,,Kent,England
Lower Heppington,,Kent,England
Lower Herne,,Kent,England
Lower Higham,ME3,Kent,England
Lower Island,,Kent,England
Lower Rainham,,Kent,England
Lower Stoke,ME3,Kent,England
Lower Twydall,,Kent,England
Lower Upnor,,Kent,England
Loyterton,,Kent,England
Luddesdown,DA13,Kent,England
Lunsford,,Kent,England
Luton,ME5,Kent,England
Lydd,TN29,Kent,England
Lydd-on-Sea,TN29,Kent,England
Lydden,CT15,Kent,England
Lymbridge Green,TN25,Kent,England
Lyminge,CT18,Kent,England
Lympne,CT21,Kent,England
Lynsore Bottom,,Kent,England
Lynsted,ME9,Kent,England
Mabledon,,Kent,England
Maidstone,ME14,Kent,England
Manston,CT12,Kent,England
Marden,TN12,Kent,England
Marden Beech,TN12,Kent,England
Marden Thorn,TN12,Kent,England
Margate,CT9,Kent,England
Marine Town,,Kent,England
Markbeech,TN8,Kent,England
Marley,,Kent,England
Marlpit Hill,TN8,Kent,England
Marsh Green,TN8,Kent,England
Marshborough,CT13,Kent,England
Marshside,,Kent,England
Martin,,Kent,England
Martin Mill,,Kent,England
Matfield,TN12,Kent,England
Maxted Street,,Kent,England
Maxton,CT17,Kent,England
Maypole,CT3,Kent,England
Medhurst Row,,Kent,England
Medway,ME1,Kent,England
Meopham,DA13,Kent,England
Meopham Green,DA13,Kent,England
Meopham Station,,Kent,England
Meresborough,,Kent,England
Mereworth,ME18,Kent,England
Mersham,TN25,Kent,England
Middle Quarter,,Kent,England
Middle Stoke,,Kent,England
Mile Oak,,Kent,England
Mile Town,,Kent,England
Milebush,TN12,Kent,England
Mill Hill,,Kent,England
Mill Street,,Kent,England
Millbank,,Kent,England
Millfordhope,,Kent,England
Millhall,,Kent,England
Milstead,ME9,Kent,England
Milton,,Kent,England
Milton Regis,ME10,Kent,England
Minster,CT12,Kent,England
Mockbeggar,TN12,Kent,England
Modest Corner,,Kent,England
Molash,CT4,Kent,England
Monks Hill,,Kent,England
Monkton,CT12,Kent,England
Moor Street,,Kent,England
Moorstock,,Kent,England
Morehall,,Kent,England
Mount Pleasant,,Kent,England
Mountain Street,,Kent,England
Mowshurst,,Kent,England
Mundy Bois,,Kent,England
Murston,ME10,Kent,England
Naccolt,,Kent,England
Nackington,CT4,Kent,England
Napchester,,Kent,England
Nash,,Kent,England
Nash Street,,Kent,England
Neames Forstal,,Kent,England
Nettlestead,ME18,Kent,England
Nettlestead Green,ME18,Kent,England
New Ash Green,DA3,Kent,England
New Barn,DA3,Kent,England
New House,,Kent,England
New Hythe,ME20,Kent,England
New Romney,TN28,Kent,England
New Street,,Kent,England
New Town,,Kent,England
Newbarn,CT18,Kent,England
Newbury,,Kent,England
Newchurch,TN29,Kent,England
Newenden,TN18,Kent,England
Newingreen,,Kent,England
Newington,CT18,Kent,England
Newland Green,,Kent,England
Newnham,ME9,Kent,England
Noke Street,,Kent,England
Nonington,CT15,Kent,England
Nor,,Kent,England
North Downs,,Kent,England
North Eastling,,Kent,England
North Elham,,Kent,England
North Foreland,,Kent,England
North Halling,,Kent,England
North Leigh,,Kent,England
North Street,ME13,Kent,England
Northbourne,CT14,Kent,England
Northdown,,Kent,England
Northfleet,DA10,Kent,England
Northfleet Green,,Kent,England
Northwood,,Kent,England
Norton Ash,,Kent,England
Oad Street,ME9,Kent,England
Oakhurst,,Kent,England
Oare,ME13,Kent,England
Offham,ME19,Kent,England
Old Cryals,,Kent,England
Old Romney,TN29,Kent,England
Old Tree,,Kent,England
Old Wives Lees,CT4,Kent,England
Oldbury,TN15,Kent,England
Ospringe,ME13,Kent,England
Otford,TN14,Kent,England
Otham,ME15,Kent,England
Otham Hole,,Kent,England
Otterden Place,ME13,Kent,England
Otterham Quay,,Kent,England
Ottinge,CT4,Kent,England
Out Elmstead,,Kent,England
Oversland,ME13,Kent,England
Paddlesworth,CT18,Kent,England
Paddock,,Kent,England
Paddock Wood,TN12,Kent,England
Palmarsh,,Kent,England
Palmstead,,Kent,England
Paramour Street,,Kent,England
Park Gate,,Kent,England
Park Hill,,Kent,England
Park Wood,,Kent,England
Parkgate,,Kent,England
Patrixbourne,CT4,Kent,England
Payden Street,,Kent,England
Pean Hill,CT5,Kent,England
Peckham Bush,,Kent,England
Pedlinge,,Kent,England
Peene,,Kent,England
Peening Quarter,,Kent,England
Pegwell,,Kent,England
Pembles Cross,,Kent,England
Pembury,TN2,Kent,England
Penenden Heath,,Kent,England
Pennypot,,Kent,England
Penshurst,TN11,Kent,England
Perry,,Kent,England
Perry Street,DA11,Kent,England
Perrywood,,Kent,England
Pested,,Kent,England
Petham,CT4,Kent,England
Pett Bottom,,Kent,England
Petteridge,,Kent,England
Pettings,,Kent,England
Pineham,,Kent,England
Pipsden,,Kent,England
Pittswood,,Kent,England
Pizien Well,,Kent,England
Platt,TN15,Kent,England
Plaxtol,TN15,Kent,England
Pluckley,TN27,Kent,England
Pluckley Thorne,TN27,Kent,England
Plucks Gutter,,Kent,England
Plumford,,Kent,England
Plumtree Green,,Kent,England
Pollhill,,Kent,England
Pootings,,Kent,England
Postling,CT21,Kent,England
Potten Street,,Kent,England
Potters Corner,,Kent,England
Poundsbridge,TN11,Kent,England
Powder Mills,,Kent,England
Pratling Street,,Kent,England
Preston,CT3,Kent,England
Priestwood,,Kent,England
Priestwood Green,,Kent,England
Printstile,,Kent,England
Puddledock,,Kent,England
Pullington,,Kent,England
Pye Corner,,Kent,England
Queen Street,TN12,Kent,England
Queenborough,ME11,Kent,England
Radfall,,Kent,England
Radfield,,Kent,England
Rainham,ME8,Kent,England
Ram Lane,TN26,Kent,England
Ramsgate,CT11,Kent,England
Ratling,,Kent,England
Reading Street,TN30,Kent,England
Reculver,CT6,Kent,England
Red Hill,,Kent,England
Rhode Common,,Kent,England
Rhodes Minnis,CT4,Kent,England
Richborough Port,,Kent,England
Ridge Row,,Kent,England
Ridgeway,,Kent,England
Ridley,TN15,Kent,England
Ringlestone,,Kent,England
Ringwould,CT14,Kent,England
Ripple,CT14,Kent,England
Riseden,,Kent,England
River,,Kent,England
Riverhead,TN13,Kent,England
Riverview Park,,Kent,England
Robhurst,,Kent,England
Rochester,ME1,Kent,England
Rodmersham,ME9,Kent,England
Rodmersham Green,,Kent,England
Rolvenden,TN17,Kent,England
Rolvenden Layne,TN17,Kent,England
Romford,,Kent,England
Romney Marsh,,Kent,England
Romney Street,TN15,Kent,England
Rooks Hill,,Kent,England
Rooting Street,,Kent,England
Roseacre,,Kent,England
Rosherville,,Kent,England
Rother,,Kent,England
Rough Common,CT2,Kent,England
Roughway,,Kent,England
Round Street,,Kent,England
Rowling Court,,Kent,England
Royal British Legion Village,ME20,Kent,England
Royal Military Canal,,Kent,England
Royal Tunbridge Wells,TN1,Kent,England
Ruckinge,TN26,Kent,England
Rushenden,ME11,Kent,England
Rusthall,TN4,Kent,England
Ryarsh,ME19,Kent,England
Salmans,,Kent,England
Saltwood,CT21,Kent,England
Sandgate,CT20,Kent,England
Sandhurst,TN18,Kent,England
Sandling,ME14,Kent,England
Sandown Park,,Kent,England
Sandway,ME17,Kent,England
Sandwich,CT13,Kent,England
Sandwich Bay Estate,,Kent,England
Sarre,CT7,Kent,England
Satmar,,Kent,England
Scragged Oak,,Kent,England
Scrapsgate,,Kent,England
Seabrook,,Kent,England
Seal,TN15,Kent,England
Seasalter,CT5,Kent,England
Seaton,,Kent,England
Seed,,Kent,England
Selgrove,,Kent,England
Sellindge,TN25,Kent,England
Selling,ME13,Kent,England
Selson,,Kent,England
Selsted,,Kent,England
Sevenoaks,BR8,Kent,England
Sevenoaks Common,,Kent,England
Sevenoaks Weald,TN14,Kent,England
Sevington,TN24,Kent,England
Shadoxhurst,TN26,Kent,England
Shalmsford Street,CT4,Kent,England
Sharnal Street,,Kent,England
Shatterling,,Kent,England
Sheerness,ME12,Kent,England
Sheldwich,ME13,Kent,England
Sheldwich Lees,,Kent,England
Shelvingford,,Kent,England
Shepherdswell (Sibertswold),,Kent,England
Shepway,ME15,Kent,England
Sherwood Park,,Kent,England
Shipbourne,TN11,Kent,England
Shirkoak,,Kent,England
Sholden,CT14,Kent,England
Shoreham,TN14,Kent,England
Shorncliffe Camp,,Kent,England
Shorne,DA12,Kent,England
Shorne Ridgeway,DA12,Kent,England
Shottenden,CT4,Kent,England
Shuttlesfield,,Kent,England
Sibertswold (Shepherdswell),,Kent,England
Silver Street,,Kent,England
Singlewell,,Kent,England
Sinkhurst Green,,Kent,England
Sissinghurst,TN17,Kent,England
Sittingbourne,ME10,Kent,England
Sixmile,,Kent,England
Skeete,,Kent,England
Slade,,Kent,England
Slaughterhouse Point,,Kent,England
Sly Corner,,Kent,England
Small Hythe,TN30,Kent,England
Smarden,TN27,Kent,England
Smarden Bell,,Kent,England
Smeeth,TN25,Kent,England
Snargate,TN29,Kent,England
Snave,TN29,Kent,England
Snipeshill,,Kent,England
Snodland,ME6,Kent,England
Snowdown,,Kent,England
Sole Street,CT4,Kent,England
South Alkham,,Kent,England
South Ashford,,Kent,England
South Darenth,DA4,Kent,England
South Foreland,,Kent,England
South Green,,Kent,England
South Stour,,Kent,England
South Street,DA13,Kent,England
South Willesborough,TN24,Kent,England
Southborough,TN4,Kent,England
Southfleet,DA13,Kent,England
Speed Gate,,Kent,England
Speldhurst,TN3,Kent,England
St Lawrence,,Kent,England
St Mary Hoo,,Kent,England
St Mary in the Marsh,TN29,Kent,England
St Michaels,TN30,Kent,England
St Nicholas at Wade,CT7,Kent,England
St Peters,CT10,Kent,England
Stalisfield Green,ME13,Kent,England
Standen,TN27,Kent,England
Standen Street,,Kent,England
Stanford,TN25,Kent,England
Stanhope,,Kent,England
Stanstead,,Kent,England
Staple,CT3,Kent,England
Staplehurst,TN12,Kent,England
Staplestreet,,Kent,England
Starvecrow,,Kent,England
Statenborough,,Kent,England
Stede Quarter,,Kent,England
Stelling Minnis,CT4,Kent,England
Stick Hill,,Kent,England
Stiff Street,,Kent,England
Stockbury,ME9,Kent,England
Stockland Green,,Kent,England
Stocks Green,,Kent,England
Stodmarsh,CT3,Kent,England
Stoke,ME3,Kent,England
Stone,DA2,Kent,England
Stone Cross,TN25,Kent,England
Stone Hill,,Kent,England
Stone in Oxney,,Kent,England
Stone Street,TN15,Kent,England
Stonebridge Green,,Kent,England
Stonecrouch,,Kent,England
Stonehall,,Kent,England
Stonestreet Green,TN25,Kent,England
Stonewood,,Kent,England
Stour,,Kent,England
Stowting,TN25,Kent,England
Stowting Common,,Kent,England
Stowting Court,,Kent,England
Street End,CT4,Kent,England
Strood,ME2,Kent,England
Studd Hill,,Kent,England
Studdal,,Kent,England
Sturry,CT2,Kent,England
Styants Bottom,,Kent,England
Summerfield,,Kent,England
Sundridge,TN14,Kent,England
Sutton,CT15,Kent,England
Sutton at Hone,DA4,Kent,England
Sutton Valence,ME17,Kent,England
Swalecliffe,CT5,Kent,England
Swanley,BR8,Kent,England
Swanley Village,,Kent,England
Swanscombe,DA10,Kent,England
Swanton Street,,Kent,England
Swingfield Minnis,CT15,Kent,England
Swingfield Street,,Kent,England
Tanden,,Kent,England
Tankerton,,Kent,England
Teise,,Kent,England
Temple Ewell,CT16,Kent,England
Temple Hill,,Kent,England
Tenterden,TN30,Kent,England
Teston,ME18,Kent,England
Teynham,ME9,Kent,England
Teynham Street,,Kent,England
Thanington,CT1,Kent,England
The Brents,,Kent,England
The Chart,,Kent,England
The Corner,,Kent,England
The Down,,Kent,England
The Forstal,,Kent,England
The Harbour,,Kent,England
The Leacon,TN26,Kent,England
The Lees,,Kent,England
The Moor,TN18,Kent,England
The Quarter,,Kent,England
The Rocks,,Kent,England
The Stocks,TN30,Kent,England
The Valley,,Kent,England
The Warren,,Kent,England
Thong,DA12,Kent,England
Three Chimneys,TN27,Kent,England
Throwley,ME13,Kent,England
Throwley Forstal,,Kent,England
Thurnham,ME14,Kent,England
Tilmanstone,CT14,Kent,England
Timberden Bottom,,Kent,England
Timbold Hill,,Kent,England
Tonbridge,TN10,Kent,England
Tong,,Kent,England
Tong Green,,Kent,England
Tonge Corner,,Kent,England
Tovil,ME15,Kent,England
Tower Hamlets,,Kent,England
Townland Green,,Kent,England
Trench Wood,,Kent,England
Trottiscliffe,ME19,Kent,England
Troy Town,,Kent,England
Tubslake,,Kent,England
Tudeley,TN11,Kent,England
Tudeley Hale,,Kent,England
Tuesnoad,,Kent,England
Tunbridge Hill,,Kent,England
Tunstall,ME9,Kent,England
Tutt Hill,,Kent,England
Twenties,,Kent,England
Twitham,,Kent,England
Twitton,,Kent,England
Twydall,,Kent,England
Tyler Hill,CT2,Kent,England
Ulcombe,ME17,Kent,England
Under the Wood,,Kent,England
Underlining Green,,Kent,England
Underriver,TN15,Kent,England
Underriver Ho,,Kent,England
Upchurch,ME9,Kent,England
Upper Bush,,Kent,England
Upper Deal,,Kent,England
Upper Goldstone,,Kent,England
Upper Halling,ME2,Kent,England
Upper Harbledown,,Kent,England
Upper Hardres Court,CT4,Kent,England
Upper Hayesden,,Kent,England
Upper Postern,,Kent,England
Upper Rodmersham,,Kent,England
Upper Upnor,ME2,Kent,England
Upstreet,CT3,Kent,England
Upton,,Kent,England
Vigo Village,DA13,Kent,England
Wainscott,ME3,Kent,England
Walderslade,ME5,Kent,England
Wall End,,Kent,England
Walmer,CT14,Kent,England
Waltham,CT4,Kent,England
Wanshurst Green,,Kent,England
Warden,ME12,Kent,England
Ware,CT3,Kent,England
Ware Street,,Kent,England
Warehorne,TN26,Kent,England
Warmlake,ME17,Kent,England
Warren Street,ME17,Kent,England
Waterham,,Kent,England
Wateringbury,ME18,Kent,England
Waterman Quarter,,Kent,England
Way,,Kent,England
Wayfield,,Kent,England
Weavering Street,,Kent,England
Weddington,,Kent,England
Well Hill,BR6,Kent,England
Well Street,,Kent,England
West Cliffe,CT15,Kent,England
West Cross,,Kent,England
West End,CT6,Kent,England
West Farleigh,ME15,Kent,England
West Hougham,CT15,Kent,England
West Hythe,CT21,Kent,England
West Kingsdown,TN15,Kent,England
West Langdon,CT15,Kent,England
West Malling,ME19,Kent,England
West Minster,ME12,Kent,England
West Peckham,ME18,Kent,England
West Stourmouth,CT3,Kent,England
West Street,ME17,Kent,England
West Yoke,,Kent,England
Westbere,CT2,Kent,England
Westbrook,,Kent,England
Westenhanger,,Kent,England
Westerham,TN16,Kent,England
Western Heights,,Kent,England
Westfield Sole,,Kent,England
Westgate on Sea,CT8,Kent,England
Westmarsh,CT3,Kent,England
Westwell,TN25,Kent,England
Westwell Leacon,TN27,Kent,England
Westwood,,Kent,England
Wetham Green,,Kent,England
Whatsole Street,,Kent,England
Wheeelbarrow Town,,Kent,England
Whetsted,TN12,Kent,England
White Post,,Kent,England
Whiteacre,,Kent,England
Whitehill,ME13,Kent,England
Whitfield,CT16,Kent,England
Whitley Row,TN14,Kent,England
Whitstable,CT5,Kent,England
Wichling,ME9,Kent,England
Wick Hill,TN27,Kent,England
Wickhambreaux,CT3,Kent,England
Wickhurst,,Kent,England
Wierton,,Kent,England
Wigmore,ME8,Kent,England
Wildernesse,,Kent,England
Wilgate Green,,Kent,England
Willesborough,TN24,Kent,England
Willesborough Lees,TN24,Kent,England
Willington,,Kent,England
Wilmington,DA2,Kent,England
Wilsley Green,TN17,Kent,England
Wilsley Pound,,Kent,England
Winchet Hill,TN17,Kent,England
Windmill Hill,,Kent,England
Wingham,CT3,Kent,England
Wingham Green,,Kent,England
Wingham Well,,Kent,England
Wingmore,CT4,Kent,England
Winkhurst Green,,Kent,England
Winterbourne,,Kent,England
Wissenden,,Kent,England
Withersdane,,Kent,England
Wittersham,TN30,Kent,England
Wolverton,,Kent,England
Womenswold,CT4,Kent,England
Woodchurch,TN26,Kent,England
Woodland,,Kent,England
Woodlands,,Kent,England
Woodnesborough,CT13,Kent,England
Woodsden,,Kent,England
Woodside Green,,Kent,England
Woodstock,,Kent,England
Woolage Green,,Kent,England
Woolage Village,,Kent,England
Woolpack Corner,,Kent,England
Wootton,CT4,Kent,England
Worms Hill,,Kent,England
Wormshill,ME9,Kent,England
Worten,,Kent,England
Worth,CT14,Kent,England
Wouldham,ME1,Kent,England
Wrotham,TN15,Kent,England
Wrotham Heath,TN15,Kent,England
Wye,TN25,Kent,England
Wyebanks,,Kent,England
Yalding,ME18,Kent,England
Yardhurst,,Kent,England
Yelsted,,Kent,England
Yewhedges,,Kent,England
Yewtree Cross,,Kent,England
Yopps Green,,Kent,England
Yorkletts,CT5,Kent,England
