,,London,England
Abbey Wood,SE2,London,England
Acton,NW10,London,England
Acton Green,W4,London,England
Addington,CR0,London,England
Addiscombe,CR0,London,England
Aldborough Hatch,,London,England
Aldersbrook,E11,London,England
Alperton,,London,England
Anerley,SE20,London,England
Ardleigh Green,,London,England
Arkley,EN5,London,England
Avery Hill,DA15,London,England
Balham,SW12,London,England
Ballykelly,,London,England
Bandonhill,,London,England
Barkingside,IG6,London,England
Barnehurst,,London,England
Barnes,SW13,London,England
Barnes Cray,DA1,London,England
Barnet,EN4,London,England
Barnet Gate,,London,England
Barnettbrook,,London,England
Barnsbury,N1,London,England
Barwell,,London,England
Battersea,SW11,London,England
Bayswater,W2,London,England
Beam,,London,England
Beckenham,BR3,London,England
Becontree,RM9,London,England
Beddington,SM6,London,England
Beddington Corner,CR4,London,England
Bedford Park,W12,London,England
Belgravia,,London,England
Bell Green,,London,England
Bellaghy,,London,England
Bellingham,SE6,London,England
Belmont,SM2,London,England
Benhilton,,London,England
Bermondsey,SE1,London,England
Berrylands,,London,England
Bethnal Green,E2,London,England
Beverley Beck,,London,England
Bexley,DA14,London,England
Bexleyheath,DA6,London,England
Bickley,BR1,London,England
Biggin Hill,TN16,London,England
Blackfen,DA15,London,England
Blackheath,SE12,London,England
Blackheath Park,SE3,London,England
Blackwall,E14,London,England
Bloomsbury,,London,England
Botany Bay,EN2,London,England
Bow,E15,London,England
Bow Common,,London,England
Bowes Park,N13,London,England
Brent,NW6,London,England
Brent Reservoir,,London,England
Brentford,TW8,London,England
Brentford End,,London,England
Brimsdown,,London,England
Brixton,SW2,London,England
Broad Green,,London,England
Brockley,SE4,London,England
Bromley,BR1,London,England
Bromley Common,BR2,London,England
Bromley Park,,London,England
Brondesbury,NW6,London,England
Brondesbury Park,NW6,London,England
Broom Hill,,London,England
Brunswick Park,,London,England
Buckhurst Hill,,London,England
Bulls Cross,EN1,London,England
Burnt Oak,,London,England
Bush Hill Park,EN1,London,England
Bushey Mead,SW20,London,England
Camberwell,SE5,London,England
Camden Town,NW1,London,England
Canary Wharf,E14,London,England
Canonbury,N1,London,England
Canons Park,,London,England
Carshalton,SM5,London,England
Carshalton Beeches,SM5,London,England
Carshalton on the Hill,SM5,London,England
Castledawson,,London,England
Castlerock,,London,England
Catford,SE6,London,England
Chadwell Heath,RM6,London,England
Charlton,SE7,London,England
Chase Cross,,London,England
Chelsea,SW10,London,England
Chelsfield,BR6,London,England
Chessington,KT9,London,England
Chingford,E4,London,England
Chingford Green,E4,London,England
Chingford Hatch,E4,London,England
Chipping Barnet,,London,England
Chislehurst,BR7,London,England
Chislehurst West,,London,England
Chiswick,W4,London,England
Church End,N3,London,England
Clapham,SW12,London,England
Clapham Park,SW2,London,England
Clapton Park,,London,England
Clay Hill,EN2,London,England
Clayhall,,London,England
Clerkenwell,,London,England
Clove Hitch Quay,,London,England
Cockfosters,EN4,London,England
Coldblow,DA5,London,England
Coldharbour,E14,London,England
Cole Park,,London,England
Coleraine,,London,England
Colham Green,,London,England
Colindale,NW9,London,England
College Park,,London,England
Collier Row,RM5,London,England
Colliers Wood,SW19,London,England
Colney Hatch,N12,London,England
Coney Hall,,London,England
Coombe,,London,England
Copse Hill,SW20,London,England
Corbets Tey,,London,England
Cottenham Park,SW20,London,England
Coulsdon,CR5,London,England
Cowley,,London,England
Cowley Peachy,,London,England
Cranbrook,,London,England
Crane,,London,England
Cranford,TW5,London,England
Cranham,RM14,London,England
Cranley Gardens,N10,London,England
Crayford,DA1,London,England
Creekmouth,IG11,London,England
Crews Hill,EN2,London,England
Cricklewood,NW2,London,England
Crofton,,London,England
Crooked Billet,,London,England
Crouch End,N8,London,England
Croydon,CR0,London,England
Cubitt Town,E14,London,England
Cudham,TN14,London,England
Culmore,,London,England
Dagenham,RM10,London,England
Dalston,E8,London,England
Darent,,London,England
Dartmouth Park,N6,London,England
De Beauvoir Town,N1,London,England
Deptford,SE14,London,England
Derry,,London,England
Derry Downs,,London,England
Docklands,SE16,London,England
Dollis Hill,NW2,London,England
Downe,BR6,London,England
Downham,BR1,London,England
Draperstown,,London,England
Drumahoe,,London,England
Ducks Island,,London,England
Dudden Hill,,London,England
Dulwich,SE21,London,England
Dulwich Village,SE21,London,England
Dungiven,,London,England
Ealing,W13,London,England
Earls Court,,London,England
Earlsfield,SW18,London,England
East Acton,W3,London,England
East Barnet,EN4,London,England
East Bedfont,TW14,London,England
East Dulwich,SE22,London,England
East Finchley,N2,London,England
East Sheen,SW14,London,England
East Wickham,DA16,London,England
Eastbury,,London,England
Eastcote,,London,England
Eastcote Village,,London,England
Eden Park,BR3,London,England
Edgware,,London,England
Edmonton,N18,London,England
Eglinton,,London,England
Elm Park,RM12,London,England
Elmers End,BR3,London,England
Elmstead,BR7,London,England
Eltham,SE12,London,England
Emerson Park,,London,England
Enfield,EN1,London,England
Enfield Highway,EN3,London,England
Enfield Lock,EN3,London,England
Enfield Town,EN1,London,England
Enfield Wash,EN3,London,England
Erith,DA8,London,England
Fairlop,,London,England
Falconwood,DA16,London,England
Farnborough,BR6,London,England
Feltham,TW13,London,England
Finchley,N12,London,England
Finsbury,,London,England
Finsbury Park,N4,London,England
Foots Cray,DA14,London,England
Forest Hill,SE23,London,England
Forestdale,CR0,London,England
Fortis Green,N2,London,England
Forty Hill,EN1,London,England
Foxbury,,London,England
Freezy Water,,London,England
Friday Hill,,London,England
Friern Barnet,N11,London,England
Fulham,SW6,London,England
Fullwell Cross,,London,England
Furzedown,SW16,London,England
Gallows Corner,,London,England
Gants Hill,IG2,London,England
Garvagh,,London,England
Gidea Park,RM2,London,England
Globe Town,,London,England
Goddington,,London,England
Golders Green,NW11,London,England
Goodmayes,,London,England
Gospel Oak,NW1,London,England
Grand Union Canal,,London,England
Grange Park,N21,London,England
Green Street Green,BR6,London,England
Greenford,,London,England
Greenhill,,London,England
Greenwich,SE10,London,England
Greysteel,,London,England
Grove Park,SE12,London,England
Gunnersbury,W4,London,England
Hackbridge,SM6,London,England
Hackney,E2,London,England
Hackney Wick,E15,London,England
Hacton,,London,England
Hadley,,London,England
Hadley Wood,EN4,London,England
Haggerston,E2,London,England
Hainault,IG6,London,England
Hale End,E4,London,England
Ham,E13,London,England
Hammersmith,W14,London,England
Hampstead,NW3,London,England
Hampstead Garden Suburb,N2,London,England
Hampton,TW12,London,England
Hampton Hill,,London,England
Hampton Wick,KT1,London,England
Hanwell,W7,London,England
Hanworth,TW13,London,England
Harefield,,London,England
Harefield Grove,,London,England
Harlesden,NW10,London,England
Harlington,,London,England
Harmondsworth,,London,England
Harold Hill,RM3,London,England
Harold Park,,London,England
Harold Wood,RM3,London,England
Harringay,N15,London,England
Harrow,,London,England
Harrow on the Hill,,London,England
Harrow Weald,,London,England
Hatch End,,London,England
Hatton,TW14,London,England
Havering-atte-Bower,RM4,London,England
Hayes,BR2,London,England
Hayes End,,London,England
Hayes Town,,London,England
Hazelwood,TN14,London,England
Headstone,,London,England
Heath Park,RM2,London,England
Hendon,NW4,London,England
Herne Hill,SE22,London,England
Heston,TW5,London,England
High Barnet,EN5,London,England
Higham Hill,E17,London,England
Highams Park,E4,London,England
Highbury,N5,London,England
Highgate,N6,London,England
Highwood Hill,N20,London,England
