,,Merseyside,England
Ainsdale,PR8,Merseyside,England
Ainsdale-on-Sea,,Merseyside,England
Aintree,L10,Merseyside,England
Alt,,Merseyside,England
Arrowe Hill,,Merseyside,England
Barnston,CH61,Merseyside,England
Bebington,CH63,Merseyside,England
Bidston,CH43,Merseyside,England
Bidston Hill,,Merseyside,England
Billinge,WN5,Merseyside,England
Birkdale,PR8,Merseyside,England
Birkenhead,CH41,Merseyside,England
Blackbrook,,Merseyside,England
Blowick,PR8,Merseyside,England
Blundellsands,L23,Merseyside,England
Bold Heath,WA8,Merseyside,England
Bootle,L20,Merseyside,England
Brighton le Sands,,Merseyside,England
Brimstage,CH63,Merseyside,England
Broad Oak,,Merseyside,England
Bromborough,CH63,Merseyside,England
Bromborough Pool,,Merseyside,England
Brookhurst,,Merseyside,England
Brown Edge,PR8,Merseyside,England
Brownlow,,Merseyside,England
Bryn,WN4,Merseyside,England
Buckley Hill,,Merseyside,England
Caldy,CH48,Merseyside,England
Carr Houses,,Merseyside,England
Chadwick Green,,Merseyside,England
Churchtown,PR9,Merseyside,England
Claughton,CH41,Merseyside,England
Clinkham Wood,,Merseyside,England
Clock Face,WA9,Merseyside,England
Crank,WA11,Merseyside,England
Crawford,,Merseyside,England
Cronton,WA8,Merseyside,England
Crosby,L23,Merseyside,England
Crossens,PR9,Merseyside,England
Derbyshire Hill,,Merseyside,England
Ditton Brook,,Merseyside,England
Dove Point,,Merseyside,England
Dovecot,L14,Merseyside,England
Downall Green,,Merseyside,England
Downholland Cross,,Merseyside,England
Earlestown,WA12,Merseyside,England
Eastham,,Merseyside,England
Eastham Ferry,,Merseyside,England
Eccleston,WA10,Merseyside,England
Eccleston Park,,Merseyside,England
Egremont,CH44,Merseyside,England
Ford,L21,Merseyside,England
Formby,L37,Merseyside,England
Frankby,CH48,Merseyside,England
Freshfield,L37,Merseyside,England
Garswood,WN4,Merseyside,England
Gayton,CH60,Merseyside,England
Grange,CH48,Merseyside,England
Grange Park,,Merseyside,England
Greasby,CH48,Merseyside,England
Great Crosby,L23,Merseyside,England
Halewood,L25,Merseyside,England
Haresfinch,,Merseyside,England
Haydock,WA11,Merseyside,England
Heswall,CH60,Merseyside,England
High Park,,Merseyside,England
Higher Bebington,CH63,Merseyside,England
Hightown,L38,Merseyside,England
Hillside,,Merseyside,England
Holt,,Merseyside,England
Homer Green,,Merseyside,England
Hough Green,WA8,Merseyside,England
Houghwood,,Merseyside,England
Hoylake,CH47,Merseyside,England
Huyton,L36,Merseyside,England
Huyton Park,,Merseyside,England
Huyton Quarry,,Merseyside,England
Huyton-With-Roby,,Merseyside,England
Ince Blundell,L38,Merseyside,England
Irby,CH61,Merseyside,England
Kings Moss,,Merseyside,England
Kirkby,L32,Merseyside,England
Knowsley,L32,Merseyside,England
Lady Green,,Merseyside,England
Laffak,,Merseyside,England
Landican,CH49,Merseyside,England
Lea Green,,Merseyside,England
Leasowe,CH46,Merseyside,England
Leeds and Liverpool Canal,,Merseyside,England
Lingley Green,,Merseyside,England
Liscard,CH44,Merseyside,England
Litherland,L21,Merseyside,England
Little Altcar,L37,Merseyside,England
Little Crosby,L23,Merseyside,England
Liverpool,L10,Merseyside,England
Longshaw,,Merseyside,England
Longview,,Merseyside,England
Lower Bebington,,Merseyside,England
Lunt,L29,Merseyside,England
Lydiate,L31,Merseyside,England
Maghull,L31,Merseyside,England
Marshside,PR9,Merseyside,England
Melling,L31,Merseyside,England
Melling Mount,L31,Merseyside,England
Meols,CH47,Merseyside,England
Moreton,CH46,Merseyside,England
Moss Bank,WA11,Merseyside,England
Moss Nook,,Merseyside,England
Moss Side,,Merseyside,England
Netherton,L30,Merseyside,England
New Boston,,Merseyside,England
New Brighton,CH45,Merseyside,England
New Ferry,,Merseyside,England
Newton,CH48,Merseyside,England
Newton Park,,Merseyside,England
Newton-Le-Willows,WA12,Merseyside,England
Newtown,WN5,Merseyside,England
Noctorum,CH43,Merseyside,England
Northwood,,Merseyside,England
Nut Grove,,Merseyside,England
Old Boston,,Merseyside,England
Orrell,L20,Merseyside,England
Oxton,CH42,Merseyside,England
Page Moss,L14,Merseyside,England
Park Hill,,Merseyside,England
Parr,,Merseyside,England
Peasley Cross,,Merseyside,England
Pensby,CH61,Merseyside,England
Poll Hill,,Merseyside,England
Port Sunlight,L62,Merseyside,England
Portico,,Merseyside,England
Poulton,CH44,Merseyside,England
Prenton,CH42,Merseyside,England
Prescot,L34,Merseyside,England
Raby,CH63,Merseyside,England
Rainford,WA11,Merseyside,England
Rainford Junction,,Merseyside,England
Rainhill,L35,Merseyside,England
Rainhill Stoops,L35,Merseyside,England
Ravenhead,,Merseyside,England
Roby,L36,Merseyside,England
Rock Ferry,CH42,Merseyside,England
Royal Oak,,Merseyside,England
Saughall Massie,CH47,Merseyside,England
Seacombe,CH41,Merseyside,England
Seaforth,L21,Merseyside,England
Sefton,L22,Merseyside,England
Southdene,,Merseyside,England
Southport,PR8,Merseyside,England
Spital,CH63,Merseyside,England
St. Helens,,Merseyside,England
Storeton,CH63,Merseyside,England
Sutton,WA9,Merseyside,England
Sutton Heath,,Merseyside,England
Sutton Leach,WA9,Merseyside,England
Sutton Manor,,Merseyside,England
Swanside,,Merseyside,England
Tarbock Green,,Merseyside,England
Thatto Heath,WA9,Merseyside,England
Thingwall,CH61,Merseyside,England
Thornton,L23,Merseyside,England
Thornton Hough,CH63,Merseyside,England
Thurstaston,CH61,Merseyside,England
Tithe Barn Hillock,,Merseyside,England
Toll Bar,,Merseyside,England
Tower Hill,,Merseyside,England
Town End,,Merseyside,England
Town of Lowton,,Merseyside,England
Tranmere,CH41,Merseyside,England
Upton,CH49,Merseyside,England
Waddicar,L31,Merseyside,England
Wallasey,CH44,Merseyside,England
Waterloo,L22,Merseyside,England
Waterloo Park,,Merseyside,England
West Kirkby,,Merseyside,England
West Park,WA10,Merseyside,England
Westvale,,Merseyside,England
Whiston,L35,Merseyside,England
Whiston Cross,,Merseyside,England
Whitefield Lane End,,Merseyside,England
Windy Arbor,,Merseyside,England
Wirral,CH41,Merseyside,England
Woodchurch,CH49,Merseyside,England
Woodhey,,Merseyside,England
Woodvale,,Merseyside,England
Woolfall Heath,,Merseyside,England
