,,Suffolk,England
Acton,CO10,Suffolk,England
Acton Place,,Suffolk,England
Akenham,IP1,Suffolk,England
Alde,,Suffolk,England
Aldeburgh,IP15,Suffolk,England
Alderton,IP12,Suffolk,England
Aldham,CO6,Suffolk,England
Aldringham,IP16,Suffolk,England
All Saints South Elmham,IP19,Suffolk,England
Allwood Green,,Suffolk,England
Alpheton,CO10,Suffolk,England
Alton Water Reservoir,,Suffolk,England
Ampton,IP31,Suffolk,England
Annis Hill,,Suffolk,England
Apsey Green,,Suffolk,England
Ash Street,,Suffolk,England
Ashbocking,IP6,Suffolk,England
Ashfield,IP14,Suffolk,England
Ashfield Cum Thorpe,,Suffolk,England
Ashfield Green,IP21,Suffolk,England
Aspall,IP14,Suffolk,England
Assington,CO10,Suffolk,England
Assington Green,,Suffolk,England
Athelington,IP21,Suffolk,England
Attleton Green,,Suffolk,England
Audley End,,Suffolk,England
Babel Green,,Suffolk,England
Back Street,,Suffolk,England
Bacton,IP14,Suffolk,England
Bacton Green,,Suffolk,England
Badwell Ash,IP31,Suffolk,England
Badwell Green,,Suffolk,England
Bardwell,IP31,Suffolk,England
Barham,IP6,Suffolk,England
Barking,IP6,Suffolk,England
Barking Tye,,Suffolk,England
Barnaby Green,,Suffolk,England
Barnardiston,CB9,Suffolk,England
Barnby,NR34,Suffolk,England
Barnham,IP24,Suffolk,England
Barningham,IP31,Suffolk,England
Barrow,IP29,Suffolk,England
Barsham,NR34,Suffolk,England
Barton Mills,IP28,Suffolk,England
Base Green,,Suffolk,England
Battisford,IP14,Suffolk,England
Battisford Tye,IP14,Suffolk,England
Battlesea Green,,Suffolk,England
Battlies Green,,Suffolk,England
Bawdsey,IP12,Suffolk,England
Baylham,IP6,Suffolk,England
Beacon Hill,,Suffolk,England
Beccles,NR34,Suffolk,England
Beck Row,IP28,Suffolk,England
Bedfield,IP13,Suffolk,England
Bedingfield,IP23,Suffolk,England
Belstead,IP2,Suffolk,England
Benacre,NR34,Suffolk,England
Benhall Green,,Suffolk,England
Benhall Street,,Suffolk,England
Beyton,IP30,Suffolk,England
Beyton Green,IP30,Suffolk,England
Bildeston,IP7,Suffolk,England
Billingford,IP21,Suffolk,England
Bird Street,,Suffolk,England
Birds End,,Suffolk,England
Black Street,,Suffolk,England
Blackthorpe,IP30,Suffolk,England
Blaxhall,IP12,Suffolk,England
Bleach Green,,Suffolk,England
Blundeston,NR32,Suffolk,England
Blyford,IP19,Suffolk,England
Blyth,,Suffolk,England
Blythburgh,IP19,Suffolk,England
Bobby Hill,,Suffolk,England
Boot Street,,Suffolk,England
Borley Green,,Suffolk,England
Botesdale,IP22,Suffolk,England
Bowbeck,,Suffolk,England
Bower House Tye,,Suffolk,England
Boxford,CO10,Suffolk,England
Boxted,IP29,Suffolk,England
Boyden End,,Suffolk,England
Boyton,IP12,Suffolk,England
Boyton End,,Suffolk,England
Bradfield Combust,IP30,Suffolk,England
Bradfield St Clare,IP30,Suffolk,England
Bradfield St George,IP30,Suffolk,England
Braiseworth,IP23,Suffolk,England
Bramfield,IP19,Suffolk,England
Bramford,IP8,Suffolk,England
Brampton,NR34,Suffolk,England
Brampton Street,,Suffolk,England
Brandeston,IP13,Suffolk,England
Brandon,IP27,Suffolk,England
Brantham,CO11,Suffolk,England
Bredfield,IP13,Suffolk,England
Brent Eleigh,CO10,Suffolk,England
Brett,,Suffolk,England
Brettenham,IP24,Suffolk,England
Bridge Street,CO10,Suffolk,England
Brightwell,IP10,Suffolk,England
Broad Green,CO6,Suffolk,England
Broad Street,,Suffolk,England
Broadgrass Green,,Suffolk,England
Broadway,IP19,Suffolk,England
Brockford Green,,Suffolk,England
Brockford Street,IP14,Suffolk,England
Brockley,,Suffolk,England
Brockley Green,IP29,Suffolk,England
Broke Hall,,Suffolk,England
Brome,IP23,Suffolk,England
Brome Street,IP23,Suffolk,England
Bromeswell,IP12,Suffolk,England
Brook Green,,Suffolk,England
Brook Street,CO10,Suffolk,England
Broom Hill,,Suffolk,England
Brown Street,,Suffolk,England
Browston Green,,Suffolk,England
Bruisyard,IP13,Suffolk,England
Brundish,IP13,Suffolk,England
Brundish Street,IP13,Suffolk,England
Brundon,,Suffolk,England
Bucklesham,IP10,Suffolk,England
Bures Green,CO8,Suffolk,England
Burgate,IP22,Suffolk,England
Burgh,IP13,Suffolk,England
Burstall,IP8,Suffolk,England
Burstallhill,,Suffolk,England
Burthorpe,,Suffolk,England
Bury St.Edmunds,,Suffolk,England
Bush Green,IP21,Suffolk,England
Butley,IP12,Suffolk,England
Butley High Corner,,Suffolk,England
Butley Low Corner,,Suffolk,England
Button Haugh Green,,Suffolk,England
Buxhall,IP14,Suffolk,England
Buxhall Fen Street,,Suffolk,England
Calais Street,,Suffolk,England
Calford Green,,Suffolk,England
California,,Suffolk,England
Camps Heath,NR32,Suffolk,England
Candle Street,,Suffolk,England
Capel Green,,Suffolk,England
Capel St Andrew,IP12,Suffolk,England
Capel St Mary,IP9,Suffolk,England
Carlton,CB8,Suffolk,England
Carlton Colville,NR33,Suffolk,England
Castle Hill,IP1,Suffolk,England
Cattawade,CO11,Suffolk,England
Cavendish,CO10,Suffolk,England
Cavenham,IP28,Suffolk,England
Chantry,IP2,Suffolk,England
Charles Tye,IP14,Suffolk,England
Charsfield,IP13,Suffolk,England
Chattisham,IP8,Suffolk,England
Chedburgh,IP29,Suffolk,England
Chediston,IP19,Suffolk,England
Chediston Green,,Suffolk,England
Chelmondiston,IP9,Suffolk,England
Chelsworth,IP7,Suffolk,England
Chelsworth Common,,Suffolk,England
Chevington,IP29,Suffolk,England
Chillesford,IP12,Suffolk,England
Chilton,,Suffolk,England
Chilton Street,CO10,Suffolk,England
Chimney Street,,Suffolk,England
Chippenhall Green,,Suffolk,England
Church End,,Suffolk,England
Clare,CO10,Suffolk,England
Clay Common,NR34,Suffolk,England
Claydon,IP6,Suffolk,England
Claypits,,Suffolk,England
Clopton Corner,,Suffolk,England
Clopton Green,CB8,Suffolk,England
Cock & End,,Suffolk,England
Cock Street,,Suffolk,England
Cockfield,IP30,Suffolk,England
Cocks Green,,Suffolk,England
Coddenham,IP6,Suffolk,England
Coddenham Green,,Suffolk,England
Colchester Green,,Suffolk,England
Coldfair Green,IP16,Suffolk,England
Coles Green,,Suffolk,England
Colton,,Suffolk,England
Combs,IP14,Suffolk,England
Combs Ford,IP14,Suffolk,England
"Common, The",,Suffolk,England
Coney Weston,IP31,Suffolk,England
Copdock,IP8,Suffolk,England
Cornard Tye,,Suffolk,England
Corton,NR32,Suffolk,England
Cotton,IP14,Suffolk,England
Cove Bottom,,Suffolk,England
Covehithe,NR34,Suffolk,England
Cow Green,,Suffolk,England
Cowlinge,CB8,Suffolk,England
Crackthorn Corner,,Suffolk,England
Cranley,,Suffolk,England
Cranmer Green,IP31,Suffolk,England
Cransford,IP13,Suffolk,England
Cratfield,IP19,Suffolk,England
Creeting Bottoms,,Suffolk,England
Creeting St Mary,IP6,Suffolk,England
Cretingham,IP13,Suffolk,England
Cross Green,IP30,Suffolk,England
Cross Street,IP21,Suffolk,England
Crowfield,IP6,Suffolk,England
Crown Corner,,Suffolk,England
Crownland,,Suffolk,England
Cuckoo Green,,Suffolk,England
Cuckoo Tye,,Suffolk,England
Culford,IP28,Suffolk,England
Culfordheath,,Suffolk,England
Culpho,IP6,Suffolk,England
Curlew Green,,Suffolk,England
Cut-off Channel,,Suffolk,England
Dagworth,,Suffolk,England
Daisy Green,,Suffolk,England
Dalham,CB8,Suffolk,England
Dallinghoo,IP13,Suffolk,England
Dandy Corner,,Suffolk,England
Darmsden,,Suffolk,England
Darsham,IP17,Suffolk,England
Deben,,Suffolk,England
Debenham,IP14,Suffolk,England
Denham,IP21,Suffolk,England
Denham Corner,,Suffolk,England
Denham End,,Suffolk,England
Dennington,IP13,Suffolk,England
Dennington Corner,,Suffolk,England
Dennington Hall,,Suffolk,England
Denston,CB8,Suffolk,England
Depden,IP29,Suffolk,England
Depden Green,,Suffolk,England
Ditchingham,NR35,Suffolk,England
Dorking Tye,,Suffolk,England
Drakestone Green,,Suffolk,England
Drinkstone,IP30,Suffolk,England
Drinkstone Green,IP30,Suffolk,England
Dublin,,Suffolk,England
Duck Corner,,Suffolk,England
Dunstall Green,CB8,Suffolk,England
Dunwich,IP17,Suffolk,England
Dunwich River,,Suffolk,England
Earl Soham,IP13,Suffolk,England
Earl Stoneham,,Suffolk,England
Earsham Street,,Suffolk,England
East Barton,,Suffolk,England
East Bergholt,CO7,Suffolk,England
East End,CO7,Suffolk,England
East Green,,Suffolk,England
Eastbridge,,Suffolk,England
Easton,IP13,Suffolk,England
Edwardstone,CO10,Suffolk,England
Ellough,NR34,Suffolk,England
Elmsett,IP7,Suffolk,England
Elmswell,IP30,Suffolk,England
Elveden,IP24,Suffolk,England
Eriswell,IP28,Suffolk,England
Erwarton,IP9,Suffolk,England
Euston,IP24,Suffolk,England
Exning,CB8,Suffolk,England
Eye,IP23,Suffolk,England
Eyke,IP12,Suffolk,England
Fakenham Magna,,Suffolk,England
Falkenham,IP10,Suffolk,England
Falkenham Sink,,Suffolk,England
Farley Green,,Suffolk,England
Farnham,IP17,Suffolk,England
Felixstowe,IP11,Suffolk,England
Felixstowe Ferry,,Suffolk,England
Felsham,IP30,Suffolk,England
Fen Street,IP22,Suffolk,England
Fenstead End,,Suffolk,England
Fern Hill,,Suffolk,England
Fingal Street,IP13,Suffolk,England
Finningham,IP14,Suffolk,England
Flempton,IP28,Suffolk,England
Flixton,NR35,Suffolk,England
Flowton,IP8,Suffolk,England
Foals Green,,Suffolk,England
Fornham All Saints,IP28,Suffolk,England
Fornham St Genevieve,,Suffolk,England
Fornham St Martin,IP31,Suffolk,England
Forward Green,IP14,Suffolk,England
Four Ashes,IP31,Suffolk,England
Framlingham,IP13,Suffolk,England
Framsden,IP14,Suffolk,England
Freckenham,IP28,Suffolk,England
Fressingfield,IP21,Suffolk,England
Freston,IP9,Suffolk,England
Friday Street,,Suffolk,England
Friston,IP17,Suffolk,England
Frostenden,NR34,Suffolk,England
Frostenden Corner,,Suffolk,England
Gainsborough,,Suffolk,England
Gasthorpe,IP22,Suffolk,England
Gazeley,CB8,Suffolk,England
Gedding,IP30,Suffolk,England
Gedgrave Hall,IP12,Suffolk,England
Genesis Green,,Suffolk,England
Gipping,IP14,Suffolk,England
Gipsy Row,,Suffolk,England
Gisleham,NR33,Suffolk,England
Gislingham,IP23,Suffolk,England
Glem,,Suffolk,England
Glemsford,CO10,Suffolk,England
Gosbeck,IP6,Suffolk,England
Gosland Green,,Suffolk,England
Gosling Green,,Suffolk,England
Great Ashfield,IP31,Suffolk,England
Great Barton,IP31,Suffolk,England
Great Bealings,IP13,Suffolk,England
Great Blakenham,IP6,Suffolk,England
Great Bradley,CB8,Suffolk,England
Great Bricett,IP7,Suffolk,England
Great Common,,Suffolk,England
Great Finborough,IP14,Suffolk,England
Great Glemham,IP17,Suffolk,England
Great Green,IP20,Suffolk,England
Great Livermere,IP31,Suffolk,England
Great Saxham,IP29,Suffolk,England
Great Thurlow,CB9,Suffolk,England
Great Waldingfield,CO10,Suffolk,England
Great Welnetham,IP30,Suffolk,England
Great Wenham,CO7,Suffolk,England
Great Wratting,CB9,Suffolk,England
Greenstreet Green,,Suffolk,England
Greenwich,,Suffolk,England
Grimstone End,,Suffolk,England
Grinstead Hill,,Suffolk,England
Gromford,IP17,Suffolk,England
Groton,CO10,Suffolk,England
Grundisburgh,IP13,Suffolk,England
Gulling Green,,Suffolk,England
Gunton,,Suffolk,England
Hacheston,IP13,Suffolk,England
Hadleigh,IP7,Suffolk,England
Hadleigh Heath,,Suffolk,England
Hagmore Green,,Suffolk,England
Halesworth,IP19,Suffolk,England
Hanchet End,,Suffolk,England
Hanningfields Green,,Suffolk,England
Hargrave,IP29,Suffolk,England
Harkstead,IP9,Suffolk,England
Harleston,IP14,Suffolk,England
Harrow Green,,Suffolk,England
Hartest,IP29,Suffolk,England
Hartest Hill,,Suffolk,England
Hasketon,IP13,Suffolk,England
Haughley,IP14,Suffolk,England
Haughley Green,IP14,Suffolk,England
Haughley New Street,IP14,Suffolk,England
Haverhill,CB9,Suffolk,England
Hawkedon,IP29,Suffolk,England
Hawstead,IP29,Suffolk,England
Hawstead Green,,Suffolk,England
Heckfield Green,IP21,Suffolk,England
Helmingham,IP14,Suffolk,England
Hemingstone,IP6,Suffolk,England
Hemley,IP12,Suffolk,England
Hemp Green,,Suffolk,England
Hengrave,IP28,Suffolk,England
Henley,IP6,Suffolk,England
Henstead,NR34,Suffolk,England
Hepworth,IP22,Suffolk,England
Herringfleet,NR32,Suffolk,England
Herringswell,IP28,Suffolk,England
Hessett,IP30,Suffolk,England
Heveningham,IP19,Suffolk,England
High Green,,Suffolk,England
High Rougham,,Suffolk,England
High Street,IP12,Suffolk,England
High Street Green,IP14,Suffolk,England
Higham,CO7,Suffolk,England
Hightown Green,,Suffolk,England
Hinderclay,IP22,Suffolk,England
Hintlesham,IP8,Suffolk,England
Hitcham,IP7,Suffolk,England
Hobbles Green,,Suffolk,England
Holbrook,IP9,Suffolk,England
Hollesley,IP12,Suffolk,England
Hollybush Corner,,Suffolk,England
Holton,IP19,Suffolk,England
Holton St Mary,CO7,Suffolk,England
Holywell Row,IP28,Suffolk,England
Honey Tye,CO6,Suffolk,England
Honington,IP31,Suffolk,England
Hopton,IP22,Suffolk,England
Horham,IP21,Suffolk,England
Horringer,IP29,Suffolk,England
Hoxne,IP21,Suffolk,England
Hulver Street,NR34,Suffolk,England
Humble Green,,Suffolk,England
Hundon,CO10,Suffolk,England
Hunston,IP31,Suffolk,England
Hunston Green,,Suffolk,England
Huntingfield,IP19,Suffolk,England
Icklingham,IP28,Suffolk,England
Iken,IP12,Suffolk,England
Ilketshall St Andrew,NR34,Suffolk,England
Ilketshall St Lawrence,NR34,Suffolk,England
Ilketshall St Margaret,NR35,Suffolk,England
Ingham,IP31,Suffolk,England
Ipswich,IP1,Suffolk,England
Ixworth,IP31,Suffolk,England
Ixworth Thorpe,IP31,Suffolk,England
Kedington,CB9,Suffolk,England
Kelsale,IP17,Suffolk,England
Kennet End,,Suffolk,England
Kennett,CB8,Suffolk,England
Kenny Hill,,Suffolk,England
Kentford,CB8,Suffolk,England
Kenton,IP14,Suffolk,England
Kenton Corner,,Suffolk,England
Kersey,IP7,Suffolk,England
Kersey Tye,,Suffolk,England
Kersey Upland,,Suffolk,England
Kesgrave,IP5,Suffolk,England
Kessingland,NR33,Suffolk,England
Kessingland Beach,NR33,Suffolk,England
Kettlebaston,IP7,Suffolk,England
Kettleburgh,IP13,Suffolk,England
Kingshall Green,,Suffolk,England
Kingshall Street,,Suffolk,England
Kingston,,Suffolk,England
Kirkley,NR33,Suffolk,England
Kirtling Green,CB8,Suffolk,England
Kirton,IP10,Suffolk,England
Knaves Green,,Suffolk,England
Knettishall,IP22,Suffolk,England
Knodishall,IP17,Suffolk,England
Lackford,IP28,Suffolk,England
Lakenheath,IP27,Suffolk,England
Lambfair Green,,Suffolk,England
Landwade,CB8,Suffolk,England
Langham,IP31,Suffolk,England
Langton Green,,Suffolk,England
Lark,,Suffolk,England
Lattinford Hill,,Suffolk,England
Lavenham,CO10,Suffolk,England
Lawshall,IP29,Suffolk,England
Lawshall Green,,Suffolk,England
Laxfield,IP13,Suffolk,England
Leavenheath,CO6,Suffolk,England
Leiston,IP16,Suffolk,England
Letheringham,IP13,Suffolk,England
Levington,IP10,Suffolk,England
Lidgate,CB8,Suffolk,England
Lindsey,IP7,Suffolk,England
Lindsey Tye,,Suffolk,England
Little Bealings,IP13,Suffolk,England
Little Blakenham,IP8,Suffolk,England
Little Bradley,CB9,Suffolk,England
Little Cornard,,Suffolk,England
Little Finborough,IP14,Suffolk,England
Little Glemham,IP13,Suffolk,England
Little Green,IP23,Suffolk,England
Little Knowles Green,,Suffolk,England
Little London,,Suffolk,England
Little Ouse,,Suffolk,England
Little Saxham,IP29,Suffolk,England
Little Stonham,IP14,Suffolk,England
Little Thurlow,CB9,Suffolk,England
Little Thurlow Green,,Suffolk,England
Little Waldingfield,CO10,Suffolk,England
Little Welnetham,IP30,Suffolk,England
Little Wenham,CO7,Suffolk,England
Little Whittingham Green,IP21,Suffolk,England
Little Wratting,CB9,Suffolk,England
Long Green,,Suffolk,England
Long Melford,CO10,Suffolk,England
Long Thurlow,IP31,Suffolk,England
Lound,NR32,Suffolk,England
Low Green,,Suffolk,England
Lower Falkenham,,Suffolk,England
Lower Green,,Suffolk,England
Lower Hacheston,,Suffolk,England
Lower Holbrook,IP9,Suffolk,England
Lower Layham,,Suffolk,England
Lower Raydon,,Suffolk,England
Lower Street,,Suffolk,England
Lowestoft,NR32,Suffolk,England
Mace Green,,Suffolk,England
Magpie Green,,Suffolk,England
Maidenhall,,Suffolk,England
Maidensgrave,,Suffolk,England
Malting End,,Suffolk,England
Market Weston,IP22,Suffolk,England
Marlesford,IP13,Suffolk,England
Martlesham,IP12,Suffolk,England
Martlesham Heath,IP5,Suffolk,England
Maypole Green,,Suffolk,England
Meeting Green,,Suffolk,England
Mellis,IP23,Suffolk,England
Mellis Green,,Suffolk,England
Mells,,Suffolk,England
Melon Green,,Suffolk,England
Melton,IP12,Suffolk,England
Mendham,IP20,Suffolk,England
Mendlesham,IP14,Suffolk,England
Mendlesham Green,IP14,Suffolk,England
Metfield,IP20,Suffolk,England
Methersgate,,Suffolk,England
Mettingham,NR35,Suffolk,England
Mickfield,IP14,Suffolk,England
Mickley Green,,Suffolk,England
Middle Green,,Suffolk,England
Middleton,CO10,Suffolk,England
Middleton Moor,,Suffolk,England
Middlewood Green,IP14,Suffolk,England
Milden,IP7,Suffolk,England
Mildenhall,IP28,Suffolk,England
Mile End,,Suffolk,England
Mill Green,,Suffolk,England
Mill Hill,,Suffolk,England
Mill Hills,,Suffolk,England
Mill Street,,Suffolk,England
Moats Tye,,Suffolk,England
Monewden,IP13,Suffolk,England
Monk Soham,IP13,Suffolk,England
Monks Eleigh,IP7,Suffolk,England
Moulton,CB8,Suffolk,England
Mount Pleasant,,Suffolk,England
Mutford,NR34,Suffolk,England
Nacton,IP10,Suffolk,England
Naughton,IP7,Suffolk,England
Nayland,CO6,Suffolk,England
Nedging,,Suffolk,England
Nedging Tye,IP7,Suffolk,England
Needham Market,IP6,Suffolk,England
Needham Street,,Suffolk,England
Nether St,,Suffolk,England
Nettlestead,IP8,Suffolk,England
Newbourne,IP12,Suffolk,England
Newmarket,CB8,Suffolk,England
Newton,CO10,Suffolk,England
Normanston,,Suffolk,England
North Common,,Suffolk,England
North Cove,NR34,Suffolk,England
North Green,IP21,Suffolk,England
Norton,IP31,Suffolk,England
Norton Little Green,,Suffolk,England
Nowton,IP29,Suffolk,England
Oak Hill,,Suffolk,England
Oakley,IP21,Suffolk,England
Oakley Park,,Suffolk,England
Occold,IP23,Suffolk,England
Offton,IP8,Suffolk,England
Old Felixstowe,IP11,Suffolk,England
Old Newton,IP14,Suffolk,England
Oldhall Green,,Suffolk,England
Onehouse,,Suffolk,England
Orford,IP12,Suffolk,England
Orford Ness,,Suffolk,England
Otley,IP6,Suffolk,England
Oulton,NR32,Suffolk,England
Oulton Broad,NR33,Suffolk,England
Ousden,CB8,Suffolk,England
Pakefield,NR33,Suffolk,England
Pakenham,IP31,Suffolk,England
Palgrave,IP22,Suffolk,England
Parham,IP13,Suffolk,England
Park Gate,,Suffolk,England
Parliament Heath,,Suffolk,England
Peasenhall,IP17,Suffolk,England
Pettaugh,IP14,Suffolk,England
Pettistree,IP13,Suffolk,England
Pinford End,,Suffolk,England
Playford,IP6,Suffolk,England
Polstead,CO6,Suffolk,England
Polstead Heath,,Suffolk,England
Poslingford,CO10,Suffolk,England
Potash,,Suffolk,England
Pound Green,,Suffolk,England
Poystreet Green,IP30,Suffolk,England
Preston St Mary,,Suffolk,England
Priory Green,,Suffolk,England
Priory Heath,,Suffolk,England
Racecourse,,Suffolk,England
Ramsholt,IP12,Suffolk,England
Rattlesden,IP30,Suffolk,England
Raydon,IP7,Suffolk,England
Rede,IP29,Suffolk,England
Redgrave,IP22,Suffolk,England
Redisham,NR34,Suffolk,England
Redlingfield,IP23,Suffolk,England
Rendham,IP17,Suffolk,England
Rendlesham,IP12,Suffolk,England
Reydon,IP18,Suffolk,England
Reydon Smear,,Suffolk,England
Rickinghall,IP22,Suffolk,England
Ringsfield,NR34,Suffolk,England
Ringsfield Corner,NR34,Suffolk,England
Ringshall,IP14,Suffolk,England
Ringshall Stocks,IP7,Suffolk,England
Risby,IP28,Suffolk,England
Rishangles,IP23,Suffolk,England
Roman Hill,,Suffolk,England
Rooksey Green,,Suffolk,England
Rose Green,CO6,Suffolk,England
Rose Hill,,Suffolk,England
Rougham,IP30,Suffolk,England
Rougham Green,IP30,Suffolk,England
Round Maple,,Suffolk,England
Rumburgh,IP19,Suffolk,England
Rushbrooke,IP30,Suffolk,England
Rushford,IP24,Suffolk,England
Rushmere,NR33,Suffolk,England
Rushmere St Andrew,IP5,Suffolk,England
Rushmere Street,,Suffolk,England
Sackers Green,CO10,Suffolk,England
Santon Downham,IP27,Suffolk,England
Sapiston,IP31,Suffolk,England
Saxham Street,,Suffolk,England
Saxmundham,IP17,Suffolk,England
Saxtead,,Suffolk,England
Saxtead Green,IP13,Suffolk,England
Saxtead Little Green,IP13,Suffolk,England
Scotland Street,,Suffolk,England
Semer,IP7,Suffolk,England
Shadingfield,NR34,Suffolk,England
Shelland,,Suffolk,England
Shelley,IP7,Suffolk,England
Sherbourne Street,,Suffolk,England
Shimpling,IP21,Suffolk,England
Shimpling Street,IP29,Suffolk,England
Shingle Street,IP12,Suffolk,England
Shipmeadow,NR34,Suffolk,England
Shop Corner,IP9,Suffolk,England
Shotley,IP9,Suffolk,England
Shotley Gate,IP9,Suffolk,England
Shottisham,IP12,Suffolk,England
Sibton,IP17,Suffolk,England
Sicklesmere,IP30,Suffolk,England
Sizewell,IP16,Suffolk,England
Slough Hill,,Suffolk,England
Smallwood Green,,Suffolk,England
Smallworth,IP22,Suffolk,England
Smithwood Green,,Suffolk,England
Snape,IP17,Suffolk,England
Somerleyton,NR32,Suffolk,England
Somersham,IP8,Suffolk,England
Somerton,IP29,Suffolk,England
Sotterley,,Suffolk,England
South Cove,NR34,Suffolk,England
South Green,,Suffolk,England
Southolt,IP23,Suffolk,England
Southwold,IP18,Suffolk,England
Sowley Green,,Suffolk,England
Spexhall,IP19,Suffolk,England
Sproughton,IP8,Suffolk,England
St Cross South Elmham,IP20,Suffolk,England
St James South Elmham,IP19,Suffolk,England
St Margaret South Elmham,IP20,Suffolk,England
St Michael South Elmham,NR35,Suffolk,England
St Nicholas South Elmham,,Suffolk,England
St Peter South Elmham,,Suffolk,England
Stackyard Green,,Suffolk,England
Stanningfield,IP29,Suffolk,England
Stansfield,CO10,Suffolk,England
Stanstead,CO10,Suffolk,England
Stanton,IP31,Suffolk,England
Stanton Chare,,Suffolk,England
Stanton Street,IP31,Suffolk,England
Stanway Green,,Suffolk,England
Statford St Andrew,,Suffolk,England
Sternfield,IP17,Suffolk,England
Stock Hill,,Suffolk,England
Stoke,,Suffolk,England
Stoke Ash,IP23,Suffolk,England
Stoke Park,IP2,Suffolk,England
Stoke-by-Nayland,CO6,Suffolk,England
Stone Street,IP19,Suffolk,England
Stonham Aspal,IP14,Suffolk,England
Stour,,Suffolk,England
Stoven,NR34,Suffolk,England
Stowlangtoft,IP31,Suffolk,England
Stowmarket,IP14,Suffolk,England
Stowupland,IP14,Suffolk,England
Stradbroke,IP21,Suffolk,England
Stradishall,CB8,Suffolk,England
Stuston,IP21,Suffolk,England
Stutton,IP9,Suffolk,England
Sudbourne,IP12,Suffolk,England
Sudbury,CO10,Suffolk,England
Sutton,IP12,Suffolk,England
Sutton Street,,Suffolk,England
Swan Green,,Suffolk,England
Sweffling,IP17,Suffolk,England
Swilland,IP6,Suffolk,England
Swingleton Green,,Suffolk,England
Syleham,,Suffolk,England
Tan Office,,Suffolk,England
Tan Office Green,,Suffolk,England
Tannington Place,,Suffolk,England
Tattingstone,IP9,Suffolk,England
Tattingstone White Horse,,Suffolk,England
Temple End,,Suffolk,England
The Black Bourn,,Suffolk,England
The Brook,,Suffolk,England
The Heath,,Suffolk,England
The Marsh,,Suffolk,England
The Port of Felixstowe,,Suffolk,England
The Woodlands,,Suffolk,England
Theberton,IP16,Suffolk,England
Thelnetham,IP22,Suffolk,England
Thistley Green,IP28,Suffolk,England
Thorington,IP19,Suffolk,England
Thorington Street,CO6,Suffolk,England
Thorndon,IP23,Suffolk,England
Thorney Green,,Suffolk,England
Thornham Magna,IP23,Suffolk,England
Thornham Parva,IP23,Suffolk,England
Thorns,CB8,Suffolk,England
Thorpe Common,,Suffolk,England
Thorpe Green,IP30,Suffolk,England
Thorpe Morieux,IP30,Suffolk,England
Thorpe Street,,Suffolk,England
Thorpeness,IP16,Suffolk,England
Thrandeston,IP21,Suffolk,England
Thurston,IP31,Suffolk,England
Thurston End,,Suffolk,England
Thwaite,IP23,Suffolk,England
Timworth,,Suffolk,England
Timworth Green,IP31,Suffolk,England
Toad Row,,Suffolk,England
Tostock,IP30,Suffolk,England
Trimley Lower Street,,Suffolk,England
Trimley St Martin,IP10,Suffolk,England
Trimley St Mary,IP10,Suffolk,England
Troston,IP31,Suffolk,England
Tuddenham,IP28,Suffolk,England
Tunstall,IP12,Suffolk,England
Ufford,IP13,Suffolk,England
Uggeshall,NR34,Suffolk,England
Undley,,Suffolk,England
Upper Green,,Suffolk,England
Upper Holton,,Suffolk,England
Upper Layham,,Suffolk,England
Upper Street,IP9,Suffolk,England
Upper Town,,Suffolk,England
Upper Weybread,,Suffolk,England
Upsher Green,,Suffolk,England
Upthorpe,,Suffolk,England
Walberswick,IP17,Suffolk,England
Waldringfield,IP12,Suffolk,England
Waldringfield Heath,,Suffolk,England
Wales End,,Suffolk,England
Walpole,IP19,Suffolk,England
Walsham Le Willows,IP31,Suffolk,England
Walton,IP11,Suffolk,England
Wangford,IP27,Suffolk,England
Ward Green,IP14,Suffolk,England
Warren Heath,,Suffolk,England
Washbrook,,Suffolk,England
Washbrook Street,,Suffolk,England
Washmere Green,,Suffolk,England
Wattisfield,IP22,Suffolk,England
Wattisham,IP7,Suffolk,England
Wattisham Stone,,Suffolk,England
Waveney,IP18,Suffolk,England
Wenhaston,IP19,Suffolk,England
Wenhaston Black Heath,,Suffolk,England
West End,NR34,Suffolk,England
West Row,IP28,Suffolk,England
West Stow,IP28,Suffolk,England
West Street,,Suffolk,England
Westbourne,,Suffolk,England
Westerfield,IP6,Suffolk,England
Westhall,IP19,Suffolk,England
Westhorpe,IP14,Suffolk,England
Westleton,IP17,Suffolk,England
Westley,IP33,Suffolk,England
Weston,,Suffolk,England
Weston Ditch,,Suffolk,England
Wetherden,IP14,Suffolk,England
Wetherden Upper Town,,Suffolk,England
Wetheringsett,IP14,Suffolk,England
Wetherup Street,IP14,Suffolk,England
Weybread,IP21,Suffolk,England
Whatfield,IP7,Suffolk,England
Whelp Street,,Suffolk,England
Whepstead,IP29,Suffolk,England
Wherstead,IP2,Suffolk,England
White House,,Suffolk,England
Whitestreet Green,,Suffolk,England
Whitton,IP1,Suffolk,England
Wicker Street Green,,Suffolk,England
Wickham Green,,Suffolk,England
Wickham Market,IP13,Suffolk,England
Wickham Skeith,IP23,Suffolk,England
Wickham Street,IP23,Suffolk,England
Wickhambrook,CB8,Suffolk,England
Wilby,IP21,Suffolk,England
Wilde Street,,Suffolk,England
Willingham,,Suffolk,England
Willisham,IP8,Suffolk,England
Willisham Tye,,Suffolk,England
Windsor Green,,Suffolk,England
Wingfield,IP21,Suffolk,England
Wingfield Green,,Suffolk,England
Winston,IP14,Suffolk,England
Wissett,IP19,Suffolk,England
Withermarsh Green,,Suffolk,England
Withersdale Street,IP20,Suffolk,England
Withersfield,CB9,Suffolk,England
Witnesham,IP6,Suffolk,England
Woodbridge,IP12,Suffolk,England
Woodbridge Walk,,Suffolk,England
Woolpit,IP30,Suffolk,England
Woolpit Green,,Suffolk,England
Woolpit Heath,,Suffolk,England
Woolverstone,IP9,Suffolk,England
Wootten Green,,Suffolk,England
Wordwell,IP28,Suffolk,England
Workhouse Green,,Suffolk,England
Worlingham,NR34,Suffolk,England
Worlington,IP28,Suffolk,England
Worlingworth,IP13,Suffolk,England
Wortham,IP22,Suffolk,England
Wrentham,NR34,Suffolk,England
Wyverstone,IP14,Suffolk,England
Wyverstone Green,,Suffolk,England
Wyverstone Street,IP14,Suffolk,England
Yaxley,IP23,Suffolk,England
Yoxford,IP17,Suffolk,England
