,,West Midlands,England
Acocks Green,B27,West Midlands,England
Allesley,CV5,West Midlands,England
Alum Rock,,West Midlands,England
Amblecote,DY8,West Midlands,England
Aston,B6,West Midlands,England
Balls Hill,,West Midlands,England
Balsall,CV7,West Midlands,England
Balsall Common,CV7,West Midlands,England
Balsall Heath,,West Midlands,England
Balsall Street,,West Midlands,England
Banners Gate,,West Midlands,England
Baptist End,,West Midlands,England
Barston,B93,West Midlands,England
Bartley Green,,West Midlands,England
Bearwood,B66,West Midlands,England
Beech Lanes,,West Midlands,England
Beechwood,,West Midlands,England
Bell Green,CV2,West Midlands,England
Belle Vale,,West Midlands,England
Bentley Heath,B93,West Midlands,England
Benton Green,,West Midlands,England
Berkswell,CV7,West Midlands,England
Bescot,,West Midlands,England
Bickenhill,B92,West Midlands,England
Billesley,B13,West Midlands,England
Billesley Common,,West Midlands,England
Binley,CV3,West Midlands,England
Birches Green,,West Midlands,England
Birchfield,,West Midlands,England
Birmingham,B1,West Midlands,England
Black Lake,,West Midlands,England
Blackheath,B65,West Midlands,England
Bloomfield,,West Midlands,England
Blossomfield,B91,West Midlands,England
Boldmere,,West Midlands,England
Bordesley,,West Midlands,England
Bordesley Green,,West Midlands,England
Bournbrook,B29,West Midlands,England
Bournville,B30,West Midlands,England
Bowling Green,,West Midlands,England
Box Trees,,West Midlands,England
Brades Village,,West Midlands,England
Bramford,,West Midlands,England
Brandwood End,,West Midlands,England
Brierley Hill,DY5,West Midlands,England
Bristnall Fields,,West Midlands,England
Brockmoor,,West Midlands,England
Bromford,,West Midlands,England
Bromley,,West Midlands,England
Brownshill Green,CV5,West Midlands,England
Buckland End,,West Midlands,England
Buckpool,,West Midlands,England
Burnt Tree,,West Midlands,England
Burton Green,CV8,West Midlands,England
California,B29,West Midlands,England
Canley,CV4,West Midlands,England
Carol Green,,West Midlands,England
Castle Bromwich,B36,West Midlands,England
Castle Vale,,West Midlands,England
Catchems Corner,,West Midlands,England
Catherine-de-Barnes,,West Midlands,England
Causeway Green,,West Midlands,England
Chad Valley,B15,West Midlands,England
Chapel Fields,CV5,West Midlands,England
Chapel Green,,West Midlands,England
Charlemont,,West Midlands,England
Chelmsley Wood,B37,West Midlands,England
Cheswick Green,,West Midlands,England
Cheylesmore,CV3,West Midlands,England
Church End,,West Midlands,England
Church Hill,,West Midlands,England
Churchfield,,West Midlands,England
Cinder Hill,,West Midlands,England
Cofton Common,,West Midlands,England
Colehall,,West Midlands,England
Coombeswood,,West Midlands,England
Copt Heath,B93,West Midlands,England
Corley Moor,CV7,West Midlands,England
Coseley,DY4,West Midlands,England
Cotteridge,B30,West Midlands,England
Coundon,CV6,West Midlands,England
Court House Green,CV6,West Midlands,England
Coventry,CV1,West Midlands,England
Cradley,B63,West Midlands,England
Cradley Heath,B64,West Midlands,England
Curdworth,B76,West Midlands,England
Darby End,,West Midlands,England
Deepfields,,West Midlands,England
Dickens Heath,B90,West Midlands,England
Digbeth,B5,West Midlands,England
Doe Bank,,West Midlands,England
Dorridge,B93,West Midlands,England
Dudley,B62,West Midlands,England
Dudley Port,DY4,West Midlands,England
Dudley Wood,,West Midlands,England
Earlsdon,CV5,West Midlands,England
Eastcote,B92,West Midlands,England
Eaves Green,,West Midlands,England
Edgbaston,B15,West Midlands,England
Edgwick,,West Midlands,England
Elmdon,B26,West Midlands,England
Elmdon Heath,B92,West Midlands,England
Erdington,B23,West Midlands,England
Ettingshall Park,,West Midlands,England
Eve Hill,,West Midlands,England
Falcon Lodge,B75,West Midlands,England
Fen End,,West Midlands,England
Finham,CV3,West Midlands,England
Foleshill,CV6,West Midlands,England
Fordbridge,B37,West Midlands,England
Four Ashes,WV10,West Midlands,England
Four Oaks,B74,West Midlands,England
Four Oaks Park,,West Midlands,England
Foxford,,West Midlands,England
Frankley,,West Midlands,England
Friar Park,,West Midlands,England
Garrets Green,,West Midlands,England
Gib Heath,,West Midlands,England
Gilbertstone,,West Midlands,England
Golds Green,,West Midlands,England
Gornalwood,DY3,West Midlands,England
Gosford Green,CV1,West Midlands,England
Grand Union Canal,,West Midlands,England
Gravelly Hill,B23,West Midlands,England
Great Barr,B42,West Midlands,England
Great Bridge,,West Midlands,England
Great Heath,CV6,West Midlands,England
Griffins Hill,,West Midlands,England
Grove End,,West Midlands,England
Grove Vale,,West Midlands,England
Guns Village,,West Midlands,England
Haden Cross,,West Midlands,England
Halesowen,B62,West Midlands,England
Hall Green,B28,West Midlands,England
Hampton in Arden,B92,West Midlands,England
Hamstead,B42,West Midlands,England
Handsworth,B21,West Midlands,England
Handsworth Wood,,West Midlands,England
Harborne,B17,West Midlands,England
Harvest Hill,,West Midlands,England
Harvills Hawthorn,,West Midlands,England
Hasbury,B63,West Midlands,England
Hateley Heath,,West Midlands,England
Hawkes End,CV5,West Midlands,England
Hawkesbury,CV6,West Midlands,England
Hawkesley,,West Midlands,England
Hawne,,West Midlands,England
Hay Mills,B25,West Midlands,England
Hayley Green,,West Midlands,England
Henley Green,,West Midlands,England
Highgate,B5,West Midlands,England
Hill,,West Midlands,England
Hill Hook,,West Midlands,England
Hill Top,,West Midlands,England
Hill Wood,,West Midlands,England
Hillfield,,West Midlands,England
Hillfields,CV1,West Midlands,England
Hockley,,West Midlands,England
Hodgehill,,West Midlands,England
Holbrooks,CV6,West Midlands,England
Hollyberry End,,West Midlands,England
Hook End,,West Midlands,England
Horseley Heath,,West Midlands,England
Hurst Green,,West Midlands,England
Hurst Hill,,West Midlands,England
Illey,B62,West Midlands,England
Kates Hill,DY2,West Midlands,England
Keresley,CV6,West Midlands,England
Keresley Newlands,,West Midlands,England
Kineton Green,B92,West Midlands,England
Kingshurst,B37,West Midlands,England
Kingstanding,B44,West Midlands,England
Kingswinford,DY6,West Midlands,England
Knowle,B93,West Midlands,England
Knowle Grove,,West Midlands,England
Ladywood,B1,West Midlands,England
Lanesfield,,West Midlands,England
Langley,,West Midlands,England
Langley Green,,West Midlands,England
Lapal,,West Midlands,England
Lea Hall,,West Midlands,England
Lee Bank,B15,West Midlands,England
Ley Hill,,West Midlands,England
Lifford,,West Midlands,England
Lime Tree Park,CV4,West Midlands,England
Little Bromwich,,West Midlands,England
Little Heath,CV6,West Midlands,England
Littleworth End,,West Midlands,England
Lode Heath,,West Midlands,England
Lodge Green,,West Midlands,England
Lodge Hill,,West Midlands,England
London Fields,,West Midlands,England
Longbridge,B31,West Midlands,England
Longford,CV6,West Midlands,England
Lower Eastern Green,,West Midlands,England
Lower Gornal,DY3,West Midlands,England
Lower Illey,,West Midlands,England
Lower Stoke,,West Midlands,England
Lozells,,West Midlands,England
Lutley,,West Midlands,England
Lye,DY9,West Midlands,England
Lyndon Green,,West Midlands,England
Maney,B72,West Midlands,England
Manor House,,West Midlands,England
Marston Green,B37,West Midlands,England
Meer End,CV8,West Midlands,England
Mere Green,B74,West Midlands,England
Meriden,CV7,West Midlands,England
Mesty Croft,,West Midlands,England
Middle Bickenhill,,West Midlands,England
Middle Stoke,,West Midlands,England
Minworth,B76,West Midlands,England
Monkspath,,West Midlands,England
Moor Green,,West Midlands,England
Moor Hall,,West Midlands,England
Moseley,B13,West Midlands,England
Mushroom Green,,West Midlands,England
Nechells,,West Midlands,England
Netchells Green,,West Midlands,England
Netherton,DY2,West Midlands,England
New Oscott,,West Midlands,England
New Town,,West Midlands,England
Newton,,West Midlands,England
Newtown,,West Midlands,England
Northfield,B31,West Midlands,England
Norton,DY8,West Midlands,England
Norton Green,,West Midlands,England
Oakham,,West Midlands,England
Ocker Hill,,West Midlands,England
Old Hill,B64,West Midlands,England
Old Swinford,DY8,West Midlands,England
Oldbury,B68,West Midlands,England
Oldwich Lane,,West Midlands,England
Olton,B91,West Midlands,England
Over Green,,West Midlands,England
Overend,,West Midlands,England
Oxford Canal,,West Midlands,England
Pedmore,DY9,West Midlands,England
Pensnett,DY5,West Midlands,England
Perry,,West Midlands,England
Perry Barr,B42,West Midlands,England
Perry Beeches,,West Midlands,England
Perry Common,,West Midlands,England
Pickford,,West Midlands,England
Pickford Green,CV5,West Midlands,England
Pinley,,West Midlands,England
Portway,,West Midlands,England
Primrose Hill,,West Midlands,England
Princes End,DY4,West Midlands,England
Pype Hayes,,West Midlands,England
Quarry Bank,DY5,West Midlands,England
Queslett,B44,West Midlands,England
Quinton,B62,West Midlands,England
Radford,CV6,West Midlands,England
Reddicap Heath,,West Midlands,England
Reeves Green,,West Midlands,England
Ridgacre,,West Midlands,England
Rood End,,West Midlands,England
Roseville,,West Midlands,England
Rotten Row,,West Midlands,England
Rotton Park,,West Midlands,England
Roughley,B75,West Midlands,England
Round Oak,,West Midlands,England
Rowley Regis,B65,West Midlands,England
Ruiton,,West Midlands,England
Rumbush,,West Midlands,England
Saltley,B8,West Midlands,England
Sandwell,B64,West Midlands,England
Sedgemere,,West Midlands,England
Sedgley,DY3,West Midlands,England
Selly Oak,B29,West Midlands,England
Selly Park,B29,West Midlands,England
Shard End,,West Midlands,England
Sharmans Cross,,West Midlands,England
Sheldon,B26,West Midlands,England
Shenley Fields,,West Midlands,England
Shirley,B90,West Midlands,England
Shirley Heath,,West Midlands,England
Short Cross,,West Midlands,England
Short Heath,B23,West Midlands,England
Silver End,,West Midlands,England
Small Heath,,West Midlands,England
Smethwick,B66,West Midlands,England
Soho,,West Midlands,England
Solihull,B36,West Midlands,England
Solihull Lodge,B90,West Midlands,England
South Yardley,B26,West Midlands,England
Sowe,,West Midlands,England
Sparkbrook,,West Midlands,England
Sparkhill,,West Midlands,England
Spon End,CV1,West Midlands,England
Springfield,B13,West Midlands,England
Stambermill,,West Midlands,England
Stechford,B33,West Midlands,England
Stirchley,B30,West Midlands,England
Stivichall,CV3,West Midlands,England
Stockfield,,West Midlands,England
Stockland Green,,West Midlands,England
Stoke,CV2,West Midlands,England
Stoke Aldermoor,CV3,West Midlands,England
Stoke Heath,,West Midlands,England
Stone Cross,,West Midlands,England
Stonebridge,CV7,West Midlands,England
Stour,,West Midlands,England
Stour Bridge Canal,,West Midlands,England
Stratford-upon-Avon Canal,,West Midlands,England
Streetly,B74,West Midlands,England
Summer Hill,,West Midlands,England
Summerfield Park,,West Midlands,England
Sutton Coldfield,B74,West Midlands,England
Swan Village,,West Midlands,England
Tame,,West Midlands,England
Tame Valley Canal,,West Midlands,England
Tansley Hill,,West Midlands,England
Tat Bank,,West Midlands,England
Temple Balsall,,West Midlands,England
Ten Acres,,West Midlands,England
The Knowle,,West Midlands,England
The Straits,,West Midlands,England
The Village,,West Midlands,England
The Woods,,West Midlands,England
Thimble End,,West Midlands,England
Three Maypoles,,West Midlands,England
Tidbury Green,,West Midlands,England
Tile Cross,B33,West Midlands,England
Tile Hill,CV4,West Midlands,England
Tilehouse Green,,West Midlands,England
Tipton,DY4,West Midlands,England
Tipton Green,,West Midlands,England
Tividale,DY4,West Midlands,England
Toll End,,West Midlands,England
Tower Hill,,West Midlands,England
Tudor Hill,,West Midlands,England
Turves Green,,West Midlands,England
Tyburn,B24,West Midlands,England
Tyseley,,West Midlands,England
Ulverley Green,,West Midlands,England
Upper Eastern Green,CV5,West Midlands,England
Upper Gornal,DY3,West Midlands,England
Upper Stoke,CV2,West Midlands,England
Upper Witton,,West Midlands,England
"Vale, The",,West Midlands,England
Vauxhall,,West Midlands,England
Wake Green,,West Midlands,England
Wallbrook,,West Midlands,England
Walmley,B76,West Midlands,England
Walsal End,,West Midlands,England
Walsall,WS1,West Midlands,England
Walsgrave on Sowe,CV2,West Midlands,England
Ward End,B8,West Midlands,England
Warley Woods,,West Midlands,England
Warstock,B14,West Midlands,England
Washwood Heath,B8,West Midlands,England
Watford Gap,,West Midlands,England
Wednesbury,WS10,West Midlands,England
Wednesbury Oak,,West Midlands,England
Weoley Castle,B29,West Midlands,England
West Bromwich,B70,West Midlands,England
West Heath,B38,West Midlands,England
Whiteheath Gate,,West Midlands,England
Whitehouse Common,,West Midlands,England
Whitley,CV3,West Midlands,England
Whitmore Park,CV6,West Midlands,England
Whoberley,CV5,West Midlands,England
Willenhall,CV3,West Midlands,England
Winson Green,,West Midlands,England
Withymoor Village,,West Midlands,England
Witton,,West Midlands,England
Wollescote,,West Midlands,England
Wolverhampton,WV1,West Midlands,England
Wood End,CV2,West Midlands,England
Wood Green,,West Midlands,England
Woodcock Hill,,West Midlands,England
Woodgate,,West Midlands,England
Woodgate Valley,,West Midlands,England
Woodsetton,DY1,West Midlands,England
Woodside,DY5,West Midlands,England
Woodway Park,CV2,West Midlands,England
Wootton Green,,West Midlands,England
Worcester and Birmingham Canal,,West Midlands,England
Wordsley,DY8,West Midlands,England
Worlds End,,West Midlands,England
Wyken,CV2,West Midlands,England
Wylde Green,B72,West Midlands,England
Yardley,B25,West Midlands,England
Yardley Wood,B14,West Midlands,England
Yew Tree,,West Midlands,England
